number,episode_num,kind,title,restaurant,guests,date,fork_score_raw,fork_score,fork_score_note,live_source,live_type,live_city,accolades,notes,page,chain,category,live,nick,mitch,guest_avg,avg,nick_original,mitch_original,guest_avg_original,avg_original,n_raters,n_parsed,revised
1,1,main,Chili's with Eva Anderson,Chili's,Eva Anderson,2015-05-20,3.33,3.33,,,,,,"🔓 re-released on January 4, 2024.",1 – Chili’s with Eva Anderson,Chili's,American & Casual Dining,False,3.0,4.0,3.0,3.3333333333333335,3.0,4.0,3.0,3.3333333333333335,4.0,3.0,False
2,2,main,Taco Bell with Jack Allison,Taco Bell,Jack Allison,2015-05-25,4.33,4.33,,,,,,,Taco Bell with Jack Allison,Taco Bell,Mexican,False,3.0,5.0,5.0,4.333333333333333,3.0,5.0,5.0,4.333333333333333,3.0,3.0,False
3,3,main,IHOP with Alison Agosti,IHOP,Alison Agosti,2015-05-28,3.83,3.83,,,,,,,3 - IHOP with Alison Agosti,IHOP,Breakfast & Diners,False,4.0,3.5,4.0,3.8333333333333335,4.0,3.5,4.0,3.8333333333333335,3.0,3.0,False
4,4,main,Outback Steakhouse with Jon Gabrus,Outback Steakhouse,Jon Gabrus,2015-06-04,3.83,3.83,,,,,,,4 - Outback Steakhouse with Jon Gabrus,Outback Steakhouse,American & Casual Dining,False,4.0,3.5,4.0,3.8333333333333335,4.0,3.5,4.0,3.8333333333333335,4.0,3.0,False
5,5,main,Long John Silver's with Mary Holland,Long John Silver's,Mary Holland,2015-06-11,2.83,2.83,,,,,,,Long John Silver's with Mary Holland,Long John Silver's,Seafood,False,2.0,2.5,4.0,2.8333333333333335,2.0,2.5,4.0,2.8333333333333335,3.0,3.0,False
6,6,main,TGI Fridays with Jordan Morris,TGI Fridays,Jordan Morris,2015-06-18,3.83,3.83,,,,,,"Mitch coins ""Spoonman""",TGI Fridays with Jordan Morris,TGI Fridays,American & Casual Dining,False,4.0,4.5,3.0,3.8333333333333335,4.0,4.5,3.0,3.8333333333333335,3.0,3.0,False
7,7,main,Chipotle with Mike Hanford,Chipotle,Mike Hanford,2015-06-25,4.67,4.67,,,,,Golden Plate Club,,Chipotle with Mike Hanford,Chipotle,Mexican,False,5.0,4.0,5.0,4.666666666666667,5.0,4.0,5.0,4.666666666666667,3.0,3.0,False
8,8,main,Umami Burger with Heather Anne Campbell,Umami Burger,Heather Anne Campbell,2015-07-02,2.50,2.5,,,,,,,Umami Burger with Heather Anne Campbell,Umami Burger,Burgers & Hot Dogs,False,3.0,2.5,2.0,2.5,3.0,2.5,2.0,2.5,3.0,3.0,False
9,9,main,Carl's Jr./Hardee's with Ben Axelrad,Carl's Jr./Hardee's,Ben Axelrad,2015-07-09,4.33,4.33,,,,,Golden Plate Club,creation of the Golden Plate Club and Platinum Plate Club,Carl’s Jr./Hardee’s with Ben Axelrad,Carl's Jr./Hardee's,Burgers & Hot Dogs,False,4.0,5.0,4.0,4.333333333333333,4.0,5.0,4.0,4.333333333333333,3.0,3.0,False
10,10,main,Domino's with Matt Kowalick,Domino's,Matt Kowalick,2015-07-16,3.67,3.67,,,,,,,Domino’s with Matt Kowalick,Domino's,Pizza & Italian,False,3.0,4.0,4.0,3.6666666666666665,3.0,4.0,4.0,3.6666666666666665,3.0,3.0,False
11,11,main,Carrows with Erin Whitehead,Carrows,Erin Whitehead,2015-07-23,1.00,1.0,,,,,Broken Plate Club,score revised from 1.50 in later ep,Carrows with Erin Whitehead,Carrows,Breakfast & Diners,False,2.0,-1.0,2.0,1.0,2.0,0.5,2.0,1.5,4.0,3.0,True
12,12,main,Chick-fil-A with Betsy Sodaro,Chick-fil-A,Betsy Sodaro,2015-07-29,4.50,4.5,,,,,Golden Plate Club,"denied entry to the Golden Plate Club, but in ep. 13, Mitch allows them in.",Chick-fil-A with Betsy Sodaro,Chick-fil-A,Chicken,False,4.0,4.5,5.0,4.5,4.0,4.5,5.0,4.5,3.0,3.0,False
13,13,main,Denny's with Farley Elliott,Denny's,Farley Elliott,2015-08-06,3.17,3.17,,,,,,,Denny’s with Farley Elliott,Denny's,Breakfast & Diners,False,3.0,3.0,3.5,3.1666666666666665,3.0,3.0,3.5,3.1666666666666665,3.0,3.0,False
14,14,main,Original Tommy's with Jim Woods,Original Tommy's,Jim Woods,2015-08-12,3.50,3.5,,,,,Hand-Holding Club,first time Yusong is mentioned on the show (he was helping out),Original Tommy’s with Jim Woods,Original Tommy's,Burgers & Hot Dogs,False,3.5,3.5,3.5,3.5,3.5,3.5,3.5,3.5,4.0,3.0,False
15,15,main,Boston Market with Annie Mebane,Boston Market,Annie Mebane,2015-08-19,3.50,3.5,,,,,Hand-Holding Club,,Boston Market with Annie Mebane,Boston Market,Chicken,False,3.5,3.5,3.5,3.5,3.5,3.5,3.5,3.5,3.0,3.0,False
16,16,main,In-N-Out Burger with Armen Weitzman,In-N-Out Burger,Armen Weitzman,2015-08-27,4.33,4.33,,,,,Platinum Plate Club,score revised from 5.00 in later ep,In-N-Out Burger with Armen Weitzman,In-N-Out Burger,Burgers & Hot Dogs,False,5.0,3.0,5.0,4.333333333333333,5.0,5.0,5.0,5.0,3.0,3.0,True
17,17,main,Subway with Fran Gillespie,Subway,Fran Gillespie,2015-09-03,2.33,2.33,,,,,,"first ""howdy ho!"" to Spoon Nation",Subway with Fran Gillespie,Subway,Sandwiches & Subs,False,2.0,3.0,2.0,2.3333333333333335,2.0,3.0,2.0,2.3333333333333335,3.0,3.0,False
18,18,main,Steak 'n Shake with Evan Susser,Steak 'n Shake,Evan Susser,2015-09-09,2.67,2.67,,,,,🥩🥤,score revised from 3.33 in later ep,Steak ‘n Shake with Evan Susser,Steak 'n Shake,Burgers & Hot Dogs,False,1.0,3.5,3.5,2.6666666666666665,3.0,3.5,3.5,3.3333333333333335,3.0,3.0,True
19,19,main,Buffalo Wild Wings with Matt Selman,Buffalo Wild Wings,Matt Selman,2015-09-18,4.11,4.11,,,,,Golden Plate Club,tickle porn,Buffalo Wild Wings with Matt Selman,Buffalo Wild Wings,Chicken,False,4.0,4.0,4.33,4.11,4.0,4.0,4.33,4.11,3.0,3.0,False
20,20,main,Starbucks with Joe Saunders,Starbucks,Joe Saunders,2015-09-24,2.83,2.83,,,,,,first Bill Clinton appearance; score revised from 3.17 in later ep,Starbucks with Joe Saunders,Starbucks,"Coffee, Bakery & Sweets",False,3.0,2.5,3.0,2.8333333333333335,4.0,2.5,3.0,3.1666666666666665,3.0,3.0,True
21,21,main,L&L Hawaiian Barbecue with Eugene Cordero,L&L Hawaiian Barbecue,Eugene Cordero,2015-10-01,4.17,4.17,,,,,Golden Plate Club,,L&L Hawaiian Barbecue with Eugene Cordero,L&L Hawaiian Barbecue,Asian,False,4.0,4.0,4.5,4.166666666666667,4.0,4.0,4.5,4.166666666666667,3.0,3.0,False
22,22,main,Cabo Wabo Cantina with Julie Brister,Cabo Wabo Cantina,Julie Brister,2015-10-08,3.17,3.17,,,,,🎸,Rockdoughberfest; cupcakes are pie; score revised from 3.67 in later eps,Rockdoughberfest: Cabo Wabo Cantina with Julie Brister,Cabo Wabo Cantina,Mexican,False,3.5,2.0,4.0,3.1666666666666665,3.5,3.5,4.0,3.6666666666666665,3.0,3.0,True
23,23,main,Margaritaville with Mike Carlson,Margaritaville,Mike Carlson,2015-10-15,3.17,3.17,,,,,🎸,Rockdoughberfest; score revised from 3.50 in later eps,Rockdoughberfest: Margaritaville with Mike Carlson,Margaritaville,American & Casual Dining,False,3.0,2.5,4.0,3.1666666666666665,3.0,3.5,4.0,3.5,4.0,3.0,True
24,24,main,Hard Rock Cafe with Scott Gairdner,Hard Rock Cafe,Scott Gairdner,2015-10-22,2.17,2.17,,,,,🎸,Rockdoughberfest; score revised from 2.33 in later ep,Rockdoughberfest: Hard Rock Cafe with Scott Gairdner,Hard Rock Cafe,American & Casual Dining,False,2.0,2.0,2.5,2.1666666666666665,2.0,2.5,2.5,2.3333333333333335,3.0,3.0,True
25,25,main,Rock & Brews with Zoe Jarman,Rock & Brews,Zoe Jarman,2015-10-29,3.17,3.17,,,,,🎸,Rockdoughberfest,Rockdoughberfest: Rock & Brews with Zoe Jarman,Rock & Brews,American & Casual Dining,False,3.5,3.0,3.0,3.1666666666666665,3.5,3.0,3.0,3.1666666666666665,3.0,3.0,False
26,26,main,Burger King with John Roy,Burger King,John Roy,2015-11-05,3.50,3.5,,,,,,,Burger King with John Roy,Burger King,Burgers & Hot Dogs,False,3.0,3.5,4.0,3.5,3.0,3.5,4.0,3.5,3.0,3.0,False
27,27,main,Fuddruckers with Ryan Perez,Fuddruckers,Ryan Perez,2015-11-12,4.33,4.33,,,,,Golden Plate Club,"first ""The Doughboys can't be bought""",Fuddruckers with Ryan Perez,Fuddruckers,Burgers & Hot Dogs,False,5.0,4.0,4.0,4.333333333333333,5.0,4.0,4.0,4.333333333333333,3.0,3.0,False
28,28,main,Del Taco with Alan Yang,Del Taco,Alan Yang,2015-11-19,4.50,4.5,,,,,Golden Plate Club,Alan gave Nick and Mitch hats!,Del Taco with Alan Yang,Del Taco,Mexican,False,5.0,4.5,4.0,4.5,5.0,4.5,4.0,4.5,3.0,3.0,False
29,29,main,Wingstop with Emmy Blotnick,Wingstop,Emmy Blotnick,2015-12-03,3.17,3.17,,,,,,,Wingstop with Emmy Blotnick,Wingstop,Chicken,False,3.0,4.0,2.5,3.1666666666666665,3.0,4.0,2.5,3.1666666666666665,3.0,3.0,False
30,30,main,Arby's with Vanessa Ramos,Arby's,Vanessa Ramos,2015-12-10,3.50,3.5,,,,,,first Spoonman drop,Arby’s with Vanessa Ramos,Arby's,Sandwiches & Subs,False,4.0,3.5,3.0,3.5,4.0,3.5,3.0,3.5,3.0,3.0,False
31,31,main,Steak 'n Shake 2 with Evan Susser,Steak 'n Shake,Evan Susser,2015-12-17,5.00,5.0,,,,,🥩🥤 Platinum Plate Club,,Steak ‘n Shake 2 with Evan Susser,Steak 'n Shake,Burgers & Hot Dogs,False,5.0,5.0,5.0,5.0,5.0,5.0,5.0,5.0,3.0,3.0,False
32,32,main,Pizza Hut with Neil Campbell,Pizza Hut,Neil Campbell,2016-01-07,2.17,2.17,,,,,,,Pizza Hut with Neil Campbell,Pizza Hut,Pizza & Italian,False,2.5,3.0,1.0,2.1666666666666665,2.5,3.0,1.0,2.1666666666666665,3.0,3.0,False
33,33,main,Five Guys with Jefferson Dutton,Five Guys,Jefferson Dutton,2016-01-14,3.83,3.83,,,,,Hand-holding Club,score revised from 3.50 in later episodes,Five Guys with Jefferson Dutton,Five Guys,Burgers & Hot Dogs,False,4.0,4.0,3.5,3.8333333333333335,4.0,4.0,3.5,3.8333333333333335,3.0,3.0,False
34,34,main,California Pizza Kitchen with Eva Anderson,California Pizza Kitchen,Eva Anderson,2016-01-21,3.17,3.17,,,,,,,California Pizza Kitchen with Eva Anderson,California Pizza Kitchen,Pizza & Italian,False,3.5,2.5,3.5,3.1666666666666665,3.5,2.5,3.5,3.1666666666666665,3.0,3.0,False
35,35,main,Krispy Kreme with Matt Besser,Krispy Kreme,Matt Besser,2016-01-28,3.83,3.83,,,,,,,Krispy Kreme with Matt Besser,Krispy Kreme,"Coffee, Bakery & Sweets",False,3.5,3.0,5.0,3.8333333333333335,3.5,3.0,5.0,3.8333333333333335,3.0,3.0,False
36,36,main,Togo's with Matty Smith,Togo's,Matty Smith,2016-02-04,2.00,2.0,,,,,,Soupless Bitch,Togo’s with Matty Smith,Togo's,Sandwiches & Subs,False,3.0,2.0,1.0,2.0,3.0,2.0,1.0,2.0,3.0,3.0,False
37,37,main,Panda Express with Tricia McAlpin,Panda Express,Tricia McAlpin,2016-02-11,3.17,3.17,,,,,,,Panda Express with Tricia McAlpin,Panda Express,Asian,False,2.5,3.0,4.0,3.1666666666666665,2.5,3.0,4.0,3.1666666666666665,3.0,3.0,False
38,38,main,Mimi's Cafe with Georgia Hardstark,Mimi's Cafe,Georgia Hardstark,2016-02-18,3.43,3.43,,,,,,,Mimi’s Cafe with Georgia Hardstark,Mimi's Cafe,Breakfast & Diners,False,4.3,3.0,3.0,3.4333333333333336,4.3,3.0,3.0,3.4333333333333336,3.0,3.0,False
39,39,main,Wendy's with Paul Rust,Wendy's,Paul Rust,2016-02-25,5.00,5.0,,,,,Platinum Plate Club,,Wendy’s with Paul Rust,Wendy's,Burgers & Hot Dogs,False,5.0,5.0,5.0,5.0,5.0,5.0,5.0,5.0,3.0,3.0,False
40,40,main,Carl's Jr./Hardee's v. Fuddruckers,Carl's Jr./Hardee's v. Fuddruckers,,2016-03-03,Winner: Carl's Jr.,,competition: Winner: Carl's Jr.,,,,🍔,Burger Brawl: (guest: Jess McKenna),Tournament of Chompions: Carl’s Jr./Hardee’s v. Fuddruckers,,,False,,,,,,,,,,,False
41,41,main,Eat-in Minisode – ??? v. ???,Eat-in Minisode – ??? v. ???,,2016-03-09,Winner: Burger King,,competition: Winner: Burger King,,,,🍔,Burger Brawl: (no guest; Evan Susser calls in),Tournament of Chompions: Eat-in Minisode – ??? v. ???,,,False,,,,,,,,,,,False
42,42,main,Steak 'n Shake v. 6-seed,Steak 'n Shake v.,,2016-03-10,Winner: Five Guys,,competition: Winner: Five Guys,,,,🍔,Burger Brawl: (guest: Michael Cassady),Tournament of Chompions: Steak ‘n Shake v. 6-seed,,,False,,,,,,,,,,,False
43,43,main,Carl's Jr./Hardee's v. In-N-Out Burger,Carl's Jr./Hardee's v. In-N-Out Burger,,2016-03-17,Winner: In-N-Out Burger,,competition: Winner: In-N-Out Burger,,,,🍔,Burger Brawl: (guest: John Gemberling & Evan Susser),Tournament of Chompions: Carl’s Jr./Hardee’s v. In-N-Out Burger,,,False,,,,,,,,,,,False
44,44,main,Five Guys v. Shake Shack,Five Guys v. Shake Shack,,2016-03-23,Winner: Shake Shack,,competition: Winner: Shake Shack,,,,🍔,Burger Brawl: (guests: Evan Susser & Matty Smith),Tournament of Chompions: Minisode – Five Guys v. Shake Shack,,,False,,,,,,,,,,,False
45,45,main,Minisode Winner v. Wendy's,Minisode Winner v. Wendy's,,2016-03-24,Winner: Shake Shack,,competition: Winner: Shake Shack,,,,🍔,Burger Brawl: (guest: Nicole Byer),Tournament of Chompions: Minisode Winner v. Wendy’s,,,False,,,,,,,,,,,False
46,46,main,In-N-Out Burger v. Shake Shack,In-N-Out Burger v. Shake Shack,,2016-03-31,Winner: In-N-Out Burger,,competition: Winner: In-N-Out Burger,,,,🍔,Burger Brawl: (guest: Evan Susser),Tournament of Chompions: FINALS – In-N-Out Burger v. Shake Shack,,,False,,,,,,,,,,,False
47,47,main,Veggie Grill with Nathan Barnatt,Veggie Grill,Nathan Barnatt,2016-04-07,4.50,4.5,,,,,Golden Plate Club,,Veggie Grill with Nathan Barnatt,Veggie Grill,Healthy & Juice,False,4.5,4.0,5.0,4.5,4.5,4.0,5.0,4.5,3.0,3.0,False
48,48,main,Chuck E. Cheese's with Erin McGathy,Chuck E. Cheese's,Erin McGathy,2016-04-14,1.42,1.42,,,,,Broken Plate Club,"Nick's infamous ""Voluminous Wet Dream"" story.",Chuck E. Cheese’s with Erin McGathy,Chuck E. Cheese,Pizza & Italian,False,1.5,1.5,1.25,1.4166666666666667,1.5,1.5,1.25,1.4166666666666667,3.0,3.0,False
49,49,main,sweetgreen with Siobhan Thompson,sweetgreen,Siobhan Thompson,2016-04-21,4.33,4.33,,,,,Golden Plate Club,Hand-Holding Club; score revised in later episode,sweetgreen with Siobhan Thompson,sweetgreen,Healthy & Juice,False,5.0,4.0,4.0,4.333333333333333,4.0,4.0,4.0,4.0,3.0,3.0,True
50,50,main,Hillstone with David Phillips,Hillstone,David Phillips,2016-04-28,5.00,5.0,,,,,Platinum Plate Club,,Hillstone with David Phillips,Hillstone,American & Casual Dining,False,5.0,5.0,5.0,5.0,5.0,5.0,5.0,5.0,3.0,3.0,False
51,51,main,The Olive Garden with Christine Nangle,The Olive Garden,Christine Nangle,2016-05-05,1.83,1.83,,,,,,,The Olive Garden with Christine Nangle,Olive Garden,Pizza & Italian,False,2.5,1.5,1.5,1.8333333333333333,2.5,1.5,1.5,1.8333333333333333,3.0,3.0,False
52,52,main,Morton's The Steakhouse with Tim Kalpakis,Morton's The Steakhouse,Tim Kalpakis,2016-05-12,5.00,5.0,,,,,Platinum Plate Club,the debut of Roast Spoonman,Morton’s The Steakhouse with Tim Kalpakis,Morton's The Steakhouse,American & Casual Dining,False,5.0,5.0,5.0,5.0,5.0,5.0,5.0,5.0,3.0,3.0,False
53,53,main,Yoshinoya with Jensen Karp,Yoshinoya,Jensen Karp,2016-05-19,1.67,1.67,,,,,Broken Plate Club,,Yoshinoya with Jensen Karp,Yoshinoya,Asian,False,1.0,2.0,2.5,2.0,1.0,2.0,2.5,2.0,4.0,4.0,False
54,54,main,Popeyes Louisiana Kitchen with Lesley Arfin,Popeyes Louisiana Kitchen,Lesley Arfin,2016-05-26,3.67,3.67,,,,,,first mention of Wolly & Irma,Popeyes Louisiana Kitchen with Lesley Arfin,Popeyes,Chicken,False,4.5,3.5,3.0,3.6666666666666665,4.5,3.5,3.0,3.6666666666666665,3.0,3.0,False
55,55,main,Baja Fresh with Claudia O'Doherty,Baja Fresh,Claudia O'Doherty,2016-06-02,2.33,2.33,,,,,,,Baja Fresh with Claudia O’Doherty,Baja Fresh,Mexican,False,3.0,2.0,2.0,2.3333333333333335,3.0,2.0,2.0,2.3333333333333335,4.0,3.0,False
56,56,main,Jollibee with Jonah Ray,Jollibee,Jonah Ray,2016-06-09,2.75,2.75,,,,,,,Jollibee with Jonah Ray,Jollibee,Asian,False,3.0,2.75,2.5,2.75,3.0,2.75,2.5,2.75,3.0,3.0,False
57,57,main,Hokkaido Ramen Santouka with Jeff Kenji Sloniker,Hokkaido Ramen Santouka,Jeff Kenji Sloniker,2016-06-16,4.67,4.67,,,,,Golden Plate Club,,Hokkaido Ramen Santouka with Jeff Kenji Sloniker,Hokkaido Ramen Santouka,Asian,False,4.0,5.0,5.0,4.666666666666667,4.0,5.0,5.0,4.666666666666667,3.0,3.0,False
58,58,main,Pinkberry with Lauren Lapkus,Pinkberry,Lauren Lapkus,2016-06-23,3.00,3.0,,,,,Hand-holding Club,,Pinkberry with Lauren Lapkus,Pinkberry,"Coffee, Bakery & Sweets",False,3.0,3.0,3.0,3.0,3.0,3.0,3.0,3.0,3.0,3.0,False
59,59,main,Islands with Nick Mundy,Islands,Nick Mundy,2016-06-23,4.00,4.0,,,,,,,Islands with Nick Mundy,Islands,Burgers & Hot Dogs,False,4.5,3.5,4.0,4.0,4.5,3.5,4.0,4.0,3.0,3.0,False
60,60,main,Bubba Gump Shrimp Co. with Paul Scheer,Bubba Gump Shrimp Co.,Paul Scheer,2016-07-07,3.00,3.0,,,,,Hand-holding Club,,Bubba Gump Shrimp Co. with Paul Scheer,Bubba Gump Shrimp Co.,Seafood,False,3.0,3.0,3.0,3.0,3.0,3.0,3.0,3.0,3.0,3.0,False
61,61,main,Bob's Big Boy with Dave Ferguson,Bob's Big Boy,Dave Ferguson,2016-07-14,3.97,3.97,,,,,,,Bob’s Big Boy with Dave Ferguson,Bob's Big Boy,Breakfast & Diners,False,4.0,3.9,4.0,3.966666666666667,4.0,3.9,4.0,3.966666666666667,3.0,3.0,False
62,62,main,Fatburger with Yamara Taylor,Fatburger,Yamara Taylor,2016-07-20,4.67,4.67,,,,,Golden Plate Club,first mention that Nick hates fries,Fatburger with Yamara Taylor,Fatburger,Burgers & Hot Dogs,False,4.5,5.0,4.5,4.666666666666667,4.5,5.0,4.5,4.666666666666667,3.0,3.0,False
63,63,main,7-Eleven with Fran Gillespie,7-Eleven,Fran Gillespie,2016-07-28,3.17,3.17,,🎤 accolade,in person,"Los Angeles, CA",🎤,"first live ep; live in Los Angeles, CA",7-Eleven with Fran Gillespie (Live),7-Eleven,Other,True,3.0,3.5,3.0,3.1666666666666665,3.0,3.5,3.0,3.1666666666666665,3.0,3.0,False
MINI,,other,The 2016 Doughlympic Opening Ceremonies hosted by Joe Saunders,The,,2016-08-02,,,no score,,,,🏅,"Minisode: Evan Susser, Max Mayer, Yusong Liu",Minisode: The 2016 Doughlympic Opening Ceremonies hosted by Joe Saunders,,,False,,,,,,,,,,,False
64,64,main,Domino's v. Papa John's v. Pizza Hut with Michael Blaiklock,Domino's v. Papa John's v. Pizza Hut,Michael Blaiklock,2016-08-04,<br />,,no score,,,,🏅,Doughlympics: Pizza Division,Doughlympics: Domino’s v. Papa John’s v. Pizza Hut with Michael Blaiklock,,,False,,,,,,,,,,,False
AD1,,other,After Dough with Joe Episode 1,After Dough,Joe Episode 1,2016-08-08,,,no score,,,,🏅,Minisode: Joe Saunders,Minisode: After Dough with Joe Episode 1,,,False,,,,,,,,,,,False
65,65,main,Chipotle v. Del Taco v. Taco Bell with Courtney Davis,Chipotle v. Del Taco v. Taco Bell,Courtney Davis,2016-08-11,,,no score,,,,🏅,Doughlympics: Mexican Division,Doughlympics: Chipotle v. Del Taco v. Taco Bell with Courtney Davis,,,False,,,,,,,,,,,False
AD2,,other,After Dough with Joe Episode 2,After Dough,Joe Episode 2,2016-08-16,,,no score,,,,🏅,Minisode: Joe Saunders; with Eva Anderson and Dave Ferguson,Minisode: After Dough with Joe Episode 2,,,False,,,,,,,,,,,False
66,66,main,Dunkin' Donuts v. McDonalds v. Starbucks with Sean O'Connor,Dunkin' Donuts v. McDonalds v. Starbucks,Sean O'Connor,2016-08-18,,,no score,,,,🏅,Doughlympics: Coffee Division,Doughlympics: Dunkin’ Donuts v. McDonald’s v. Starbucks with Sean O’Connor,,,False,,,,,,,,,,,False
AD3,,other,After Dough with Joe Episode 3,After Dough,Joe Episode 3,2016-08-22,,,no score,,,,🏅,Minisode: Joe Saunders; with David Phillips and Yusong Liu,Minisode: After Dough with Joe Episode 3,,,False,,,,,,,,,,,False
67,67,main,The Cheesecake Factory with Beck Bennett,The Cheesecake Factory,Beck Bennett,2016-08-25,5.00,5.0,,,,,Platinum Plate Club,,The Cheesecake Factory with Beck Bennett,The Cheesecake Factory,American & Casual Dining,False,5.0,5.0,5.0,5.0,5.0,5.0,5.0,5.0,3.0,3.0,False
68,68,main,Red Robin with D'Arcy Carden,Red Robin,D'Arcy Carden,2016-09-01,3.42,3.42,,,,,,,Red Robin with D'Arcy Carden,Red Robin,Burgers & Hot Dogs,False,3.0,3.0,4.0,3.3333333333333335,3.0,3.0,4.0,3.3333333333333335,3.0,3.0,False
69,69,main,Yogurtland with Van Robichaux,Yogurtland,Van Robichaux,2016-09-08,2.33,2.33,,,,,,,Yogurtland with Van Robichaux,Yogurtland,"Coffee, Bakery & Sweets",False,2.0,3.5,1.5,2.3333333333333335,2.0,3.5,1.5,2.3333333333333335,3.0,3.0,False
70,70,main,Dave & Buster's with Allan McLeod,Dave & Buster's,Allan McLeod,2016-09-15,3.00,3.0,,,,,,,Dave & Buster’s with Allan McLeod,Dave & Buster's,American & Casual Dining,False,2.5,3.5,3.0,3.0,2.5,3.5,3.0,3.0,3.0,3.0,False
71,71,main,Baskin-Robbins with Dave King,Baskin-Robbins,Dave King,2016-09-22,4.17,4.17,,,,,,,Baskin-Robbins with Dave King,Baskin-Robbins,"Coffee, Bakery & Sweets",False,5.0,4.0,3.5,4.166666666666667,5.0,4.0,3.5,4.166666666666667,3.0,3.0,False
72,72,main,Dairy Queen with Christine Nangle and Matt Selman,Dairy Queen,Christine Nangle and Matt Selman,2016-09-29,4.17,4.17,,🎤 accolade,in person,"Los Angeles, CA",🎤,Live at L.A. Podfest 2016,Dairy Queen with Christine Nangle and Matt Selman Live At L.A. Podfest 2016,Dairy Queen,"Coffee, Bakery & Sweets",True,4.0,3.5,5.0,4.166666666666667,4.0,3.5,5.0,4.166666666666667,3.0,3.0,False
73,73,main,Red Lobster 1 with Jessica McKenna,Red Lobster,Jessica McKenna,2016-10-06,,,no score,,,,🦞,"During Rocklobsterfest, only the guest gave a fork rating until the final episode",Rocklobsterfest: Red Lobster 1 with Jessica McKenna,Red Lobster,Seafood,False,,,,,,,,,,,False
74,74,main,Red Lobster 2 with Ross Kimball,Red Lobster,Ross Kimball,2016-10-13,,,no score,,,,🦞,"During Rocklobsterfest, only the guest gave a fork rating until the final episode",Rocklobsterfest: Red Lobster 2 with Ross Kimball,Red Lobster,Seafood,False,,,,,,,,,,,False
75,75,main,Red Lobster 3 with Nicole Byer,Red Lobster,Nicole Byer,2016-10-20,,,no score,,,,🦞,"During Rocklobsterfest, only the guest gave a fork rating until the final episode",Rocklobsterfest: Red Lobster 3 with Nicole Byer,Red Lobster,Seafood,False,,,,,,,,,,,False
76,76,main,Red Lobster 4 with Sean Clements & Hayes Davenport,Red Lobster,Sean Clements & Hayes Davenport,2016-10-27,3.54,3.54,,,,,🦞,Final overall fork rating of Rocklobsterfest,Rocklobsterfest: Red Lobster 4 with Sean Clements & Hayes Davenport,Red Lobster,Seafood,False,3.0,2.5,2.25,2.5,3.0,2.5,2.25,2.5,5.0,4.0,False
77,77,main,Cold Stone Creamery with Kevin T. Porter,Cold Stone Creamery,Kevin T. Porter,2016-11-02,3.00,3.0,,,,,,,Cold Stone Creamery with Kevin T. Porter,Cold Stone Creamery,"Coffee, Bakery & Sweets",False,4.0,2.0,3.0,3.0,4.0,2.0,3.0,3.0,3.0,3.0,False
78,78,main,Wood Ranch with Esther Povitsky,Wood Ranch,Esther Povitsky,2016-11-10,3.67,3.67,,,,,,,Wood Ranch with Esther Povitsky,Wood Ranch,American & Casual Dining,False,4.5,2.5,4.0,3.6666666666666665,4.5,2.5,4.0,3.6666666666666665,3.0,3.0,False
79,79,main,Church's Chicken with Demi Adejuyigbe,Church's Chicken,Demi Adejuyigbe,2016-11-17,4.50,4.5,,,,,Golden Plate Club,,Church's Chicken with Demi Adejuyigbe,Church's Chicken,Chicken,False,4.5,4.0,5.0,4.5,4.5,4.0,5.0,4.5,3.0,3.0,False
80,80,main,Hooters with Kulap Vilaysack,Hooters,Kulap Vilaysack,2016-11-30,2.17,2.17,,,,,,,Hooters with Kulap Vilaysack,Hooters,American & Casual Dining,False,2.0,2.5,2.0,2.1666666666666665,2.0,2.5,2.0,2.1666666666666665,3.0,3.0,False
81,81,main,Jack in the Box with Spencer Crittenden,Jack in the Box,Spencer Crittenden,2016-12-08,4.00,4.0,,,,,,,Jack in the Box with Spencer Crittenden,Jack in the Box,Burgers & Hot Dogs,False,5.0,3.5,3.5,4.0,5.0,3.5,3.5,4.0,3.0,3.0,False
82,82,main,Steak 'n Shake 3 with Evan Susser,Steak 'n Shake,Evan Susser,2016-12-15,2.17,2.17,,,,,🥩🥤Platinum Plate Club,The Blow Up episode,Steak 'n Shake 3 with Evan Susser,Steak 'n Shake,Burgers & Hot Dogs,False,2.0,2.5,2.0,2.1666666666666665,2.0,2.5,2.0,2.1666666666666665,3.0,3.0,False
RB,,other,Rogueboys: Rogue One with Drew McWeeny,Rogueboys: Rogue One,Drew McWeeny,2016-12-22,,,no score,,,,🍿,Dinner Is The Movie,Rogueboys: Rogue One with Drew McWeeny,,,False,,,,,,,,,,,False
83,83,main,Tender Greens with Ryan Stanger,Tender Greens,Ryan Stanger,2017-01-05,3.17,3.17,,,,,,,Tender Greens with Ryan Stanger,Tender Greens,Healthy & Juice,False,3.0,3.0,3.5,3.1666666666666665,3.0,3.0,3.5,3.1666666666666665,3.0,3.0,False
84,84,main,Buca di Beppo with Drew McWeeny,Buca di Beppo,Drew McWeeny,2017-01-12,2.58,2.58,,,,,🥄6️⃣,"Spoonister Six, Week 1",Buca di Beppo with Drew McWeeny,Buca di Beppo,Pizza & Italian,False,2.5,2.5,2.75,2.5833333333333335,2.5,2.5,2.75,2.5833333333333335,3.0,3.0,False
85,85,main,Tony Roma's with Bug Mane,Tony Roma's,Bug Mane,2017-01-19,4.17,4.17,,,,,🥄6️⃣,"Spoonister Six, Week 2",Tony Roma's with Bug Mane,Tony Roma's,American & Casual Dining,False,3.5,4.0,5.0,4.166666666666667,3.5,4.0,5.0,4.166666666666667,3.0,3.0,False
86,86,main,Taco Bell 2 with Jon Gabrus,Taco Bell,Jon Gabrus,2017-01-26,4.67,4.67,,title,in person,"San Francisco, CA",🥄6️⃣ Golden Plate Club,"Spoonister Six, Week 3",Taco Bell 2 with Jon Gabrus (LIVE),Taco Bell,Mexican,True,4.0,5.0,5.0,4.666666666666667,4.0,5.0,5.0,4.666666666666667,3.0,3.0,False
87,87,main,Taco Bell 3 with Bobby Lee,Taco Bell,Bobby Lee,2017-02-02,4.83,4.83,,,,,🥄6️⃣ Golden Plate Club,"Spoonister Six, Week 4",Taco Bell 3 with Bobby Lee,Taco Bell,Mexican,False,4.5,5.0,5.0,4.833333333333333,4.5,5.0,5.0,4.833333333333333,3.0,3.0,False
88,88,main,BJ's with Sean Clements & Hayes Davenport,BJ's,Sean Clements & Hayes Davenport,2017-02-09,3.75,3.75,,,,,🥄6️⃣,"Spoonister Six, Week 5",BJ's with Sean Clements & Hayes Davenport,BJ's,American & Casual Dining,False,5.0,3.5,3.25,3.75,5.0,3.5,3.25,3.75,4.0,4.0,False
89,89,main,Mac To-Fight with Evan Susser & Van Robichaux,Mac To-Fight,Evan Susser & Van Robichaux,2017-02-16,,,no score,,,,🍽️🎥,Dinner is the Movie: The Founder,Mac To-Fight with Evan Susser & Van Robichaux,,,False,,,,,,,,,,,False
90,90,main,In-N-Out Burger 2 with ???,In-N-Out Burger,???,2017-02-23,4.75,4.75,,,,,🥄6️⃣,"Spoonister Six, Week 6",In-N-Out Burger 2 with ???,In-N-Out Burger,Burgers & Hot Dogs,False,5.0,4.5,,4.75,5.0,4.5,,4.75,2.0,2.0,False
91,91,main,McDonald's v. Panda Express with Fran Gillespie,McDonald's v. Panda Express,Fran Gillespie,2017-03-02,Winner: McDonald's,,competition: Winner: McDonald's,,,,🐔,Tournament of Chompions: Chicken Fight: Small Pieces Region,Tournament of Chompions: McDonald's v. Panda Express with Fran Gillespie,,,False,,,,,,,,,,,False
92,92,main,Chick-fil-A v. Wendy's with Ryan Perez,Chick-fil-A v. Wendy's,Ryan Perez,2017-03-05,Winner: Wendy's,,competition: Winner: Wendy's,,,,🐔,Tournament of Chompions: Chicken Fight: Sandwich Region,Tournament of Chompions: Chick-fil-A v. Wendy's with Ryan Perez,,,False,,,,,,,,,,,False
DD1,,double,Fat Chance Kitchen with Evan Susser,Fat Chance Kitchen,Evan Susser,2017-03-06,Winner: Chick-fil-A,,competition: Winner: Chick-fil-A,,,,🐔 first Double,Tournament of Chompions: Chicken Fight: Fat Chance Kitchen Round 1 (with Mike Carlson),Fat Chance Kitchen with Evan Susser,,,False,,,,,,,,,,,False
93,93,main,Full Bird Region with Eugene Cordero,Full Bird Region,Eugene Cordero,2017-03-09,Winner: Popeyes,,competition: Winner: Popeyes,,,,🐔,Tournament of Chompions: Chicken Fight: Full Bird Region,Tournament of Chompions: Full Bird Region with Eugene Cordero,,,False,,,,,,,,,,,False
94,94,main,Buffalo Wild Wings v. Wingstop with Nicole Byer,Buffalo Wild Wings v. Wingstop,Nicole Byer,2017-03-13,Winner: Wingstop,,competition: Winner: Wingstop,,,,🐔,Tournament of Chompions: Chicken Fight: Wings Region,Tournament of Chompions: Buffalo Wild Wings v. Wingstop with Nicole Byer,,,False,,,,,,,,,,,False
DD2,,double,Fat Chance Kitchen 2 with Eva Anderson,Fat Chance Kitchen,Eva Anderson,2017-03-14,Winner: Church's Chicken,,competition: Winner: Church's Chicken,,,,🐔,Tournament of Chompions: Chicken Fight: Fat Chance Kitchen Round 2,Fat Chance Kitchen 2 with Eva Anderson,,,False,,,,,,,,,,,False
95,95,main,McDonald's v. Popeyes with Armen Weitzman,McDonald's v. Popeyes,Armen Weitzman,2017-03-16,Winner: Popeyes,,competition: Winner: Popeyes,,,,🐔,Tournament of Chompions: Chicken Fight: Semisoft-finals,Tournament of Chompions: McDonald's v. Popeyes with Armen Weitzman,,,False,,,,,,,,,,,False
DD3,,double,Fat Chance Kitchen 3 with Spencer Crittenden,Fat Chance Kitchen,Spencer Crittenden,2017-03-20,Winner: Church's Chicken,,competition: Winner: Church's Chicken,,,,🐔,Tournament of Chompions: Chicken Fight: Fat Chance Kitchen Round 3,Fat Chance Kitchen 3 with Spencer Crittenden,,,False,,,,,,,,,,,False
96,96,main,Wendy's v. Wingstop with Matt Selman,Wendy's v. Wingstop,Matt Selman,2017-03-23,Winner: Wingstop,,competition: Winner: Wingstop,,,,🐔,Tournament of Chompions: Chicken Fight: Semisoft-Finals,Tournament of Chompions: Wendy's v. Wingstop with Matt Selman,,,False,,,,,,,,,,,False
DD4,,double,Fat Chance Kitchen 4 with Joe Saunders,Fat Chance Kitchen,Joe Saunders,2017-03-28,Winner: Wendy's,,competition: Winner: Wendy's,,,,🐔,Chicken Fight: Fat Chance Kitchen Finals,Fat Chance Kitchen 4 with Joe Saunders,,,False,,,,,,,,,,,False
97,97,main,FINALS with Paul Rust,FINALS,Paul Rust,2017-03-30,Winner: Wendy's,,competition: Winner: Wendy's,,,,🐔,Tournament of Chompions: Chicken Fight: FINALS,Tournament of Chompions: FINALS with Paul Rust,,,False,,,,,,,,,,,False
DD5,,double,Dudley Chew-Right with Nick Ross,Dudley Chew-Right,Nick Ross,2017-04-03,,,no score,,,,🇨🇦,Canadian Snacks,Dudley Chew-Right with Nick Ross,,,False,,,,,,,,,,,False
98,98,main,Jamba Juice with Dylan Gelula,Jamba Juice,Dylan Gelula,2017-04-06,1.83,1.83,,,,,,,Jamba Juice with Dylan Gelula,Jamba Juice,Healthy & Juice,False,2.0,2.5,1.0,1.8333333333333333,2.0,2.5,1.0,1.8333333333333333,3.0,3.0,False
DD6,,double,Biggie Size Feedbag with Yusong Liu,Biggie Size Feedbag,Yusong Liu,2017-04-10,,,no score,,,,📬,,Biggie Size Feedbag with Yusong Liu,,,False,,,,,,,,,,,False
99,99,main,Jimmy John's with Lauren Lapkus,Jimmy John's,Lauren Lapkus,2017-04-13,3.33,3.33,,,,,,,Jimmy John's with Lauren Lapkus,Jimmy John's,Sandwiches & Subs,False,3.5,2.5,4.0,3.3333333333333335,3.5,2.5,4.0,3.3333333333333335,3.0,3.0,False
DD7,,double,*batteries not included with Amy Nicholson,*batteries not included,Amy Nicholson,2017-04-17,🔓,,no score,,,,🍿,Dinner is the Movie,*batteries not included with Amy Nicholson,,,False,,,,,,,,,,,False
100,100,main,Nugget Power Hour with Nicole Byer & Jon Gabrus,Nugget Power Hour,Nicole Byer & Jon Gabrus,2017-04-20,,,no score,,,,⏲️,,Nugget Power Hour with Nicole Byer & Jon Gabrus,,,False,,,,,,,,,,,False
DD8,,double,The Wonderful World of Soda with Mike Hanford,The Wonderful World of Soda,Mike Hanford,2017-04-24,,,no score,,,,🌎,,The Wonderful World of Soda with Mike Hanford,,,False,,,,,,,,,,,False
101,101,main,Wetzel's Pretzels with Jon Daly,Wetzel's Pretzels,Jon Daly,2017-04-27,2.50,2.5,,,,,,,Wetzel's Pretzels with Jon Daly,Wetzel's Pretzels,"Coffee, Bakery & Sweets",False,4.0,3.0,0.5,2.5,4.0,3.0,0.5,2.5,4.0,3.0,False
DD9,,double,Wendy Wexler with Evan Susser,Wendy Wexler,Evan Susser,2017-05-01,,,no score,,,,🍿,Dinner is the Movie: Wendy's Fresh Mozzarella Chicken & Sandy Wexler,Wendy Wexler with Evan Susser,,,False,,,,,,,,,,,False
102,102,main,Mr. Pizza with Jesse Thorn,Mr. Pizza,Jesse Thorn,2017-05-04,2.50,2.5,,,,,,,Mr. Pizza with Jesse Thorn,Mr. Pizza,Pizza & Italian,False,,2.0,2.75,2.5,,2.0,2.75,2.5,3.0,3.0,False
DD10,,double,Chews Yourself with Jeff Dutton,Chews Yourself,Jeff Dutton,2017-05-09,,,no score,,,,,M&Ms Power Ranking,Chews Yourself with Jeff Dutton,,,False,,,,,,,,,,,False
103,103,main,Carl's Jr./Hardee's 2 with Chris VanArtsdalen,Carl's Jr./Hardee's,Chris VanArtsdalen,2017-05-11,4.00,4.0,,,,,Golden Plate Club,Hand-holding Club,Carl's Jr./Hardee's 2 with Chris VanArtsdalen,Carl's Jr./Hardee's,Burgers & Hot Dogs,False,4.0,4.0,4.0,4.0,4.0,4.0,4.0,4.0,3.0,3.0,False
DD11,,double,Mama Mitchell with Corinne Mitchell,Mama Mitchell,Corinne Mitchell,2017-05-15,,,no score,,,,,Taco Bell's Naked Chicken Chips & Mitch's Mum,Mama Mitchell with Corinne Mitchell,,,False,,,,,,,,,,,False
104,104,main,Sharky's with Erin McGathy,Sharky's,Erin McGathy,2017-05-18,3.00,3.0,,,,,Hand-holding Club,,Sharky's with Erin McGathy,Sharky's,Mexican,False,3.0,3.0,3.0,3.0,3.0,3.0,3.0,3.0,3.0,3.0,False
DD12,,double,Mike is Hard with Jesse Farrar,Mike is Hard,Jesse Farrar,2017-05-23,,,no score,,,,,Mike's Hard Lemonade flavors,Mike is Hard with Jesse Farrar,,,False,,,,,,,,,,,False
105,105,main,IKEA with Dave Thomason,IKEA,Dave Thomason,2017-05-25,4.00,4.0,,,,,,,IKEA with Dave Thomason,IKEA,Other,False,4.0,3.0,5.0,4.0,4.0,3.0,5.0,4.0,3.0,3.0,False
DD13,,double,Summer's Poppin' with Betsy Sodaro,Summer's Poppin',Betsy Sodaro,2017-05-30,🔓,,no score,,,,,Pop-Tarts and Summer BBQ Draft,Summer's Poppin' with Betsy Sodaro,,,False,,,,,,,,,,,False
106,106,main,The Coffee Bean with Hannah Kasulka,The Coffee Bean,Hannah Kasulka,2017-05-31,3.89,3.89,,,,,,,The Coffee Bean with Hannah Kasulka,The Coffee Bean,"Coffee, Bakery & Sweets",False,4.0,3.666,4.0,3.888666666666667,4.0,3.666,4.0,3.888666666666667,3.0,3.0,False
DD14,,double,Unsatisfied Yelpers with Erin Whitehead,Unsatisfied Yelpers,Erin Whitehead,2017-06-05,🔓,,no score,,,,,Dr. Pepper Pop Quiz,Unsatisfied Yelpers with Erin Whitehead,,,False,,,,,,,,,,,False
107,107,main,Jersey Mike's with Drew Tarver,Jersey Mike's,Drew Tarver,2017-06-07,3.67,3.67,,,,,,,Jersey Mike's with Drew Tarver,Jersey Mike's,Sandwiches & Subs,False,,,3.6666666666666665,3.6666666666666665,,,3.6666666666666665,3.6666666666666665,3.0,3.0,False
DD15,,double,Dead Men Chew No Meals with Bug Mane,Dead Men Chew No Meals,Bug Mane,2017-06-13,,,no score,,,,Dinner Is The Movie,Pirates of the Caribbean and Pepsi Fire,Dead Men Chew No Meals with Bug Mane,,,False,,,,,,,,,,,False
108,108,main,Sizzler with Marisa Pinson,Sizzler,Marisa Pinson,2017-06-15,4.17,4.17,,,,,Golden Plate Club,,Sizzler with Marisa Pinson,Sizzler,American & Casual Dining,False,4.0,4.5,4.0,4.166666666666667,4.0,4.5,4.0,4.166666666666667,3.0,3.0,False
DD16,,double,Zingin' and Jinglin' with Michael Cassady,Zingin' and Jinglin',Michael Cassady,2017-06-19,,,no score,,,,,KFC Zinger and jingles,Zingin' and Jinglin' with Michael Cassady,,,False,,,,,,,,,,,False
109,109,main,Burger King 2 with Jordan Morris (LIVE),Burger King,Jordan Morris,2017-06-22,1.50,1.5,,title,in person,"Lake Arrowhead, CA",,,Burger King 2 with Jordan Morris (LIVE),Burger King,Burgers & Hot Dogs,True,1.0,2.0,1.5,1.5,1.0,2.0,1.5,1.5,3.0,3.0,False
DD17,,double,Best of Enemies with Ross Kimball,Best of Enemies,Ross Kimball,2017-06-26,,,no score,,,,Dinner Is The Movie,French Fry Ranking,Best of Enemies with Ross Kimball,,,False,,,,,,,,,,,False
110,110,main,Claim Jumper with Heather Anne Campbell,Claim Jumper,Heather Anne Campbell,2017-06-29,2.25,2.25,,,,,,Introducing Hick Wiger and Hike Mitchell,Claim Jumper with Heather Anne Campbell,Claim Jumper,American & Casual Dining,False,,,2.25,2.25,,,2.25,2.25,3.0,3.0,False
DD18,,double,"Red, White, & Gru with Mary Holland","Red, White, & Gru",Mary Holland,2017-07-03,🔓,,no score,,,,Dinner Is The Movie,4th of July and Despicable Me 3,"Red, White, & Gru with Mary Holland",,,False,,,,,,,,,,,False
111,111,main,Shake Shack with Jason Concepcion,Shake Shack,Jason Concepcion,2017-07-06,4.50,4.5,,,,,Golden Plate Club,,Shake Shack with Jason Concepcion,Shake Shack,Burgers & Hot Dogs,False,4.5,5.0,4.0,4.5,4.5,5.0,4.0,4.5,3.0,3.0,False
DD19,,double,Mickey Mouse Chub with Jon Gutierrez,Mickey Mouse Chub,Jon Gutierrez,2017-07-10,,,no score,,,,,Disney Park Attractions,Mickey Mouse Chub with Jon Gutierrez,,,False,,,,,,,,,,,False
112,112,main,Umami Burger 2 with David Neher,Umami Burger,David Neher,2017-07-12,3.58,3.58,,,,,,"Test driving the ""Impossible Burger""",Umami Burger 2 with David Neher,Umami Burger,Burgers & Hot Dogs,False,3.5,3.25,4.0,3.5833333333333335,3.5,3.25,4.0,3.5833333333333335,3.0,3.0,False
DD20,,double,Biggie Feedbag 2 with Yusong Liu,Biggie Feedbag,Yusong Liu,2017-07-18,,,no score,,,,📬,,Biggie Feedbag 2 with Yusong Liu,,,False,,,,,,,,,,,False
113,113,main,Golden Corral with Stoney Sharp,Golden Corral,Stoney Sharp,2017-07-20,3.25,3.25,,,,,,"the original ""hot salad"" episode",Golden Corral with Stoney Sharp,Golden Corral,American & Casual Dining,False,4.0,2.75,3.0,3.25,4.0,2.75,3.0,3.25,3.0,3.0,False
DD21,,double,Hotel Donklevania with Charles Ingram,Hotel Donklevania,Charles Ingram,2017-07-24,,,no score,,,,Dinner Is The Movie,Donkey Kong and Castlevania,Hotel Donklevania with Charles Ingram,,,False,,,,,,,,,,,False
114,114,main,Dunkin' Donuts with Joe Mande,Dunkin' Donuts,Joe Mande,2017-07-27,4.33,4.33,,,,,Golden Plate Club,,Dunkin' Donuts with Joe Mande,Dunkin',"Coffee, Bakery & Sweets",False,4.0,5.0,4.0,4.333333333333333,4.0,5.0,4.0,4.333333333333333,3.0,3.0,False
DD22,,double,Songs of Summer with Jessica McKenna,Songs of Summer,Jessica McKenna,2017-07-31,,,no score,,,,,Wendy's Bacon Queso line,Songs of Summer with Jessica McKenna,,,False,,,,,,,,,,,False
115,115,main,IHOP 2 with Danny Jelinek,IHOP,Danny Jelinek,2017-08-03,2.83,2.83,,,,,,Rating based on non-breakfast food only (dinner plates).,IHOP 2 with Danny Jelinek,IHOP,Breakfast & Diners,False,4.0,3.25,3.5,3.5833333333333335,4.0,3.25,3.5,3.5833333333333335,3.0,3.0,False
DD23,,double,An Inconvenient Double with Jack Allison,An Inconvenient Double,Jack Allison,2017-08-07,,,no score,,,,Dinner Is The Movie,Doritos Heat Wave and An Inconvenient Sequel,An Inconvenient Double with Jack Allison,,,False,,,,,,,,,,,False
116,116,main,Roscoe's House of Chicken and Waffles with Carl Tart,Roscoe's House of Chicken and Waffles,Carl Tart,2017-08-10,5.00,5.0,,,,,Platinum Plate Club,,Roscoe's House of Chicken and Waffles with Carl Tart,Roscoe's House of Chicken and Waffles,Chicken,False,5.0,5.0,5.0,5.0,5.0,5.0,5.0,5.0,3.0,3.0,False
DD24,,double,The First Domino with Joe Quasarano,The First Domino,Joe Quasarano,2017-08-14,🔓,,no score,,,,,The Spotted Cheetah,The First Domino with Joe Quasarano,,,False,,,,,,,,,,,False
117,117,main,Daphne's with Jessica Jean Jardine,Daphne's,Jessica Jean Jardine,2017-08-17,3.83,3.83,,,,,,,Daphne's with Jessica Jean Jardine,Daphne's,Mediterranean,False,3.5,4.0,4.0,3.8333333333333335,3.5,4.0,4.0,3.8333333333333335,3.0,3.0,False
DD25,,double,Celebrity Liquor with Jordan Morris,Celebrity Liquor,Jordan Morris,2017-08-21,,,no score,,,,,,Celebrity Liquor with Jordan Morris,,,False,,,,,,,,,,,False
118,118,main,Chipotle 2 with Chelsea Davison,Chipotle,Chelsea Davison,2017-08-24,3.92,3.92,,,,,,,Chipotle 2 with Chelsea Davison,Chipotle,Mexican,False,4.0,3.75,4.0,3.9166666666666665,4.0,3.75,4.0,3.9166666666666665,3.0,3.0,False
DD26,,double,Malcolm McDonald's with Mookie Blaiklock,Malcolm McDonald's,Mookie Blaiklock,2017-08-28,,,no score,,,,,McDonald's fries,Malcolm McDonald's with Mookie Blaiklock,,,False,,,,,,,,,,,False
119,119,main,KFC with Paul F. Tompkins,KFC,Paul F. Tompkins,2017-08-31,3.83,3.83,,,,,,,KFC with Paul F. Tompkins,KFC,Chicken,False,4.0,3.5,4.0,3.8333333333333335,4.0,3.5,4.0,3.8333333333333335,3.0,3.0,False
DD27,,double,Dream Mitchy,Dream Mitchy,,2017-09-05,🔓,,no score,,,,,Pizano's Pizza and Dream Daddy,Dream Mitchy,,,False,,,,,,,,,,,False
120,120,main,HomeTown Buffet with Toni Charline,HomeTown Buffet,Toni Charline,2017-09-07,1.33,1.33,,,,,,,HomeTown Buffet with Toni Charline,HomeTown Buffet,American & Casual Dining,False,1.0,1.0,2.0,1.3333333333333333,1.0,1.0,2.0,1.3333333333333333,3.0,3.0,False
DD28,,double,WWEating with Matt Mazany,WWEating,Matt Mazany,2017-09-11,,,no score,,,,,,WWEating with Matt Mazany,,,False,,,,,,,,,,,False
121,121,main,Shakey's Pizza with Kyle Mooney,Shakey's Pizza,Kyle Mooney,2017-09-14,3.50,3.5,,,,,Hand-holding Club,,Shakey’s Pizza with Kyle Mooney,Shakey's Pizza,Pizza & Italian,False,3.5,3.5,3.5,3.5,3.5,3.5,3.5,3.5,3.0,3.0,False
DD29,,double,The Snacklog with Alana Johnston 🔪,The Snacklog,Alana Johnston 🔪,2017-09-18,,,no score,,,,,,The Snacklog with Alana Johnston,,,False,,,,,,,,,,,False
122,122,main,El Pollo Loco with Lamar Woods,El Pollo Loco,Lamar Woods,2017-09-21,3.00,3.0,,,,,,"First ""I'm something of a heat seeker.""",El Pollo Loco with Lamar Woods,El Pollo Loco,Chicken,False,3.5,2.5,3.0,3.0,3.5,2.5,3.0,3.0,3.0,3.0,False
DD30,,double,Biggie Feedbag 3 with Yusong Liu,Biggie Feedbag,Yusong Liu,2017-09-25,,,no score,,,,📬,,Biggie Feedbag 3 with Yusong Liu,,,False,,,,,,,,,,,False
123,123,main,Guy's American Kitchen with Christine Nangle,Guy's American Kitchen,Christine Nangle,2017-09-28,2.50,2.5,,title,in person,"New York, NY",,"live in New York City, NY",Guy’s American Kitchen with Christine Nangle (LIVE),Guy Fieri,American & Casual Dining,True,2.0,2.5,3.0,2.5,2.0,2.5,3.0,2.5,3.0,3.0,False
DD31,,double,Doughsman: The Golden Circle with Ryan Perez,Doughsman: The Golden Circle,Ryan Perez,2017-10-03,,,no score,,,,Dinner Is The Movie,Lay's flavors and Kingsman: The Golden Circle,Doughsman: The Golden Circle with Ryan Perez,,,False,,,,,,,,,,,False
124,124,main,Yard House with Matt Besser,Yard House,Matt Besser,2017-10-05,3.67,3.67,,,,,🏈,Jockdoughberfest 2017,Yard House with Matt Besser,Yard House,American & Casual Dining,False,3.5,3.5,4.0,3.6666666666666665,3.5,3.5,4.0,3.6666666666666665,3.0,3.0,False
DD32,,double,New Pork City with Tiffany Do,New Pork City,Tiffany Do,2017-10-09,,,no score,,,,,recorded in a New York City hotel room,New Pork City with Tiffany Do,,,False,,,,,,,,,,,False
125,125,main,ESPN Zone with Neil Campbell,ESPN Zone,Neil Campbell,2017-10-12,1.25,1.25,,,,,🏈,Jockdoughberfest 2017,ESPN Zone with Neil Campbell,ESPN Zone,American & Casual Dining,False,1.0,1.75,1.0,1.25,1.0,1.75,1.0,1.25,3.0,3.0,False
DD33,,double,State of the Podcast with Evan Susser,State of the Podcast,Evan Susser,2017-10-16,,,no score,,,,,Hostess ice cream products,State of the Podcast with Evan Susser,,,False,,,,,,,,,,,False
126,126,main,Medieval Times with Mary Holland and Matt Newell,Medieval Times,Mary Holland and Matt Newell,2017-10-19,4.88,4.88,,,,,🏈 Golden Plate Club,Jockdoughberfest 2017,Medieval Times with Mary Holland and Matt Newell,Medieval Times,Other,False,5.0,4.5,5.0,4.875,5.0,4.5,5.0,4.875,4.0,4.0,False
DD34,,double,Gumshoes with Madeline Walter,Gumshoes,Madeline Walter,2017-10-23,,,no score,,,,,Flight snacks & gum,Gumshoes with Madeline Walter,,,False,,,,,,,,,,,False
127,127,main,The Great Shrimp Off with Sean Clements and Hayes Davenport,The Great Shrimp Off,Sean Clements and Hayes Davenport,2017-10-26,,,no score,episode page,in person,"Canoga Park, CA",🏈,Jockdoughberfest 2017,The Great Shrimp Off with Sean Clements and Hayes Davenport,,,True,,,,,,,,,,,False
DD35,,double,Mount Frightmore with Mano Agapion and Betsy Sodaro,Mount Frightmore,Mano Agapion and Betsy Sodaro,2017-10-30,,,no score,,,,Dinner Is The Movie,Horror movies,Mount Frightmore with Mano Agapion and Betsy Sodaro,,,False,,,,,,,,,,,False
128,128,main,Arby's 2 with John Hodgman,Arby's,John Hodgman,2017-11-02,2.42,2.42,,,,,,,Arby’s 2 with John Hodgman,Arby's,Sandwiches & Subs,False,3.0,3.0,1.25,2.4166666666666665,3.0,3.0,1.25,2.4166666666666665,3.0,3.0,False
DD36,,double,TacoTime with Evan Susser,TacoTime,Evan Susser,2017-11-06,2.58,2.58,,title,in person,"Portland, OR",,"A Double, but a full live episode; live in Portland, OR",TacoTime with Evan Susser (LIVE in Portland),TacoTime,Mexican,True,3.0,2.5,2.25,2.5833333333333335,3.0,2.5,2.25,2.5833333333333335,3.0,3.0,False
129,129,main,Wienerschnitzel with Rob Huebel,Wienerschnitzel,Rob Huebel,2017-11-09,3.75,3.75,,,,,,,Wienerschnitzel with Rob Huebel,Wienerschnitzel,Burgers & Hot Dogs,False,4.5,3.75,3.0,3.75,4.5,3.75,3.0,3.75,3.0,3.0,False
DD37,,double,Naked Egg Odyssey with Heather Anne Campbell,Naked Egg Odyssey,Heather Anne Campbell,2017-11-13,,,no score,,,,,Naked Egg Taco and Super Mario Odyssey,Naked Egg Odyssey with Heather Anne Campbell,,,False,,,,,,,,,,,False
130,130,main,Dick's Drive-In with Evan Susser,Dick's Drive-In,Evan Susser,2017-11-16,4.67,4.67,,title,in person,"Seattle, WA",Golden Plate Club,"live in Seattle, WA",Dick’s Drive-In with Evan Susser (LIVE),Dick's Drive-In,Burgers & Hot Dogs,True,5.0,4.5,4.5,4.666666666666667,5.0,4.5,4.5,4.666666666666667,3.0,3.0,False
DD38,,double,Mash-Off with Mike Hanford,Mash-Off,Mike Hanford,2017-11-20,,,no score,,,,,Thanksgiving,Mash-Off with Mike Hanford,,,False,,,,,,,,,,,False
DD39,,double,Japadog with Evan Susser,Japadog,Evan Susser,2017-11-27,4.00,4.0,,title,in person,"Vancouver, BC",Golden Plate Club,"A Double, but a full live episode; live in Vancouver, BC",Japadog with Evan Susser (LIVE),Japadog,Burgers & Hot Dogs,True,4.0,4.0,4.0,4.0,4.0,4.0,4.0,4.0,3.0,3.0,False
131,131,main,Chick-fil-A with Noël Wells,Chick-fil-A,Noël Wells,2017-11-29,3.75,3.75,,,,,,,Chick-fil-A with Noël Wells,Chick-fil-A,Chicken,False,4.0,3.75,3.5,3.75,4.0,3.75,3.5,3.75,3.0,3.0,False
DD40,,double,Biggie Feedbag 4 with Yusong Liu,Biggie Feedbag,Yusong Liu,2017-12-04,,,no score,,,,📬,Farmhouse King,Biggie Feedbag 4 with Yusong Liu,,,False,,,,,,,,,,,False
132,132,main,Fosters Freeze with Holly Prazoff,Fosters Freeze,Holly Prazoff,2017-12-07,4.33,4.33,,,,,Golden Plate Club,,Fosters Freeze with Holly Prazoff,Fosters Freeze,"Coffee, Bakery & Sweets",False,4.0,4.0,5.0,4.333333333333333,4.0,4.0,5.0,4.333333333333333,3.0,3.0,False
DD41,,double,It's a Cookbook! with Kelly Nugent and Lindsay Katai,It's a Cookbook!,Kelly Nugent and Lindsay Katai,2017-12-11,,,no score,,,,,Pumpkin Spice Cheerios,It's a Cookbook! with Kelly Nugent and Lindsay Katai,,,False,,,,,,,,,,,False
133,133,main,Torchy's Tacos with Jon Gabrus,Torchy's Tacos,Jon Gabrus,2017-12-14,4.17,4.17,,title,in person,"Austin, TX",Golden Plate Club,"live in Austin, TX",Torchy's Tacos with Jon Gabrus (LIVE in Austin),Torchy's Tacos,Mexican,True,4.0,4.5,4.0,4.166666666666667,4.0,4.5,4.0,4.166666666666667,3.0,3.0,False
DD42,,double,A Very Doughboys Christmas,A Very Doughboys Christmas,,2017-12-19,🔓,,no score,,,,🎄,Doughboys Holiday Special,A Very Doughboys Christmas,,,False,,,,,,,,,,,False
134,134,main,Cinnabon with Nicole Byer,Cinnabon,Nicole Byer,2017-12-21,3.78,3.78,,,,,,,Cinnabon with Nicole Byer,Cinnabon,"Coffee, Bakery & Sweets",False,4.0,3.33,4.0,3.776666666666667,4.0,3.33,4.0,3.776666666666667,3.0,3.0,False
DD43,,double,Year-End Clearance with Allan McLeod,Year-End Clearance,Allan McLeod,2018-01-01,,,no score,,,,,Snacklog and Feedbag,Year-End Clearence with Allan McLeod,,,False,,,,,,,,,,,False
135,135,main,Doughboys Double - Dream Mitchy,Doughboys Double - Dream Mitchy,,2018-01-03,,,no score,,,,,Free preview of a Doughboys Double episode. Still given its own number 135.,Dream Mitchy,,,False,,,,,,,,,,,False
DD44,,double,The Last Jedi with Drew McWeeny,The Last Jedi,Drew McWeeny,2018-01-08,,,no score,,,,Star Wars Month,,The Last Jedi with Drew McWeeny,,,False,,,,,,,,,,,False
136,136,main,Shipley Do-Nuts with Jon Gabrus,Shipley Do-Nuts,Jon Gabrus,2018-01-10,4.00,4.0,,title,in person,"Houston, TX",Golden Plate Club,"live in Houston, TX",Shipley Do-Nuts with Jon Gabrus (LIVE),Shipley Do-Nuts,"Coffee, Bakery & Sweets",True,4.0,4.0,4.0,4.0,4.0,4.0,4.0,4.0,3.0,3.0,False
DD45,,double,Star Wars Fantasy Auction with Joe Saunders,Star Wars Fantasy Auction,Joe Saunders,2018-01-15,,,no score,,,,Star Wars Month,,Star Wars Fantasy Auction with Joe Saunders,,,False,,,,,,,,,,,False
137,137,main,Carl's Jr./Hardee's 3 with Alana Johnston 🔪,Carl's Jr./Hardee's,Alana Johnston 🔪,2018-01-17,2.97,2.97,,,,,,removed from the Golden Plate Club,Carl's Jr./Hardee's 3 with Alana Johnston,Carl's Jr./Hardee's,Burgers & Hot Dogs,False,4.0,3.9,1.0,2.966666666666667,4.0,3.9,1.0,2.966666666666667,3.0,3.0,False
DD46,,double,"The Force Awakens Commentary, Part One","The Force Awakens Commentary, Part One",,2018-01-22,,,no score,notes,watchalong,,Star Wars Month,live watchalong,"The Force Awakens Commentary, Part One",,,True,,,,,,,,,,,False
138,138,main,Whataburger with Jon Gabrus,Whataburger,Jon Gabrus,2018-01-25,4.17,4.17,,title,in person,"Dallas, TX",Golden Plate Club,"live in Dallas, TX",Whataburger with Jon Gabrus (LIVE),Whataburger,Burgers & Hot Dogs,True,4.0,4.5,4.0,4.166666666666667,4.0,4.5,4.0,4.166666666666667,3.0,3.0,False
DD47,,double,"The Force Awakens Commentary, Part Two","The Force Awakens Commentary, Part Two",,2018-01-30,,,no score,notes,watchalong,,Star Wars Month,live watchalong,"The Force Awakens Commentary, Part Two",,,True,,,,,,,,,,,False
139,139,main,The Halal Guys with Dave Schilling,The Halal Guys,Dave Schilling,2018-02-01,4.00,4.0,,,,,Golden Plate Club,score revised from 3.67 in a later episode,The Halal Guys with Dave Schilling,The Halal Guys,Mediterranean,False,4.0,4.0,4.0,4.0,3.0,4.0,4.0,3.6666666666666665,3.0,3.0,True
DD48,,double,Toast 1 with Erin Whitehead,Toast,Erin Whitehead,2018-02-06,,,no score,,,,🍞,,Toast 1 with Erin Whitehead,,,False,,,,,,,,,,,False
140,140,main,Checkers and Rally's with Neil Punsalan,Checkers and Rally's,Neil Punsalan,2018-02-08,2.65,2.65,,,,,,,Checkers and Rally's with Neil Punsalan,Checkers and Rally's,Burgers & Hot Dogs,False,3.0,2.95,2.0,2.65,3.0,2.95,2.0,2.65,3.0,3.0,False
DD49,,double,Eat Your Heart Out with Toni Charline,Eat Your Heart Out,Toni Charline,2018-02-13,,,no score,,,,,Valentine's Day candy,Eat Your Heart Out with Toni Charline,,,False,,,,,,,,,,,False
141,141,main,Sugarfish with Jason Mantzoukas,Sugarfish,Jason Mantzoukas,2018-02-15,5.00,5.0,,,,,Platinum Plate Club,,Sugarfish with Jason Mantzoukas,Sugarfish,Asian,False,5.0,5.0,5.0,5.0,5.0,5.0,5.0,5.0,3.0,3.0,False
DD,,double,The Doughlympic Winter Games with Holly Prazoff,The Doughlympic Winter Games,Holly Prazoff,2018-02-20,,,no score,,,,,"Frozen Foods. Also with Evan Susser, Joe Saunders, Max Mayer.",The Doughlympic Winter Games with Holly Prazoff,,,False,,,,,,,,,,,False
142,142,main,Ike's with Spencer Crittenden,Ike's,Spencer Crittenden,2018-02-22,4.67,4.67,,title,in person,"San Francisco, CA",Golden Plate Club,live from San Francisco (SF Sketchfest),Ike's with Spencer Crittenden (LIVE),Ike's,Sandwiches & Subs,True,4.5,4.5,5.0,4.666666666666667,4.5,4.5,5.0,4.666666666666667,3.0,3.0,False
DD50,,double,Biggie Feedbag V with Yusong Liu,Biggie Feedbag V,Yusong Liu,2018-02-27,,,no score,,,,📬,Japanese KitKats,Biggie Feedbag V with Yusong Liu,,,False,,,,,,,,,,,False
143,143,main,Domino's vs. Pizza Hut with Claudia O'Doherty,Domino's vs. Pizza Hut,Claudia O'Doherty,2018-03-01,Winner: Domino's,,competition: Winner: Domino's,,,,🍕,Munch Madness: The Slice Is Right - Juggernaut Region,Munch Madness: Domino's vs. Pizza Hut with Claudia O'Doherty,,,False,,,,,,,,,,,False
DD,,double,Blaze Pizza vs. Sbarro with Eva Anderson,Blaze Pizza vs. Sbarro,Eva Anderson,2018-03-06,Winner: Blaze Pizza,,competition: Winner: Blaze Pizza,,,,🍕,Munch Madness: The Slice Is Right - Food Court Region,Munch Madness: Blaze Pizza vs. Sbarro with Eva Anderson,,,False,,,,,,,,,,,False
144,144,main,Little Caesars vs. Papa John's with John Gemberling,Little Caesars vs. Papa John's,John Gemberling,2018-03-08,Winner: Little Caesars,,competition: Winner: Little Caesars,,,,🍕,Munch Madness: The Slice Is Right - CEO Region,Munch Madness: Little Caesars vs. Papa John's with John Gemberling,,,False,,,,,,,,,,,False
DD,,double,California Pizza Kitchen vs. Costco with Marisa Pinson,California Pizza Kitchen vs. Costco,Marisa Pinson,2018-03-13,Winner: Costco,,competition: Winner: Costco,,,,🍕,Munch Madness: The Slice Is Right - Class Struggle Region,Munch Madness: California Pizza Kitchen vs. Costco with Marisa Pinson,,,False,,,,,,,,,,,False
145,145,main,Semifinals Match 1 with Carl Tart,Semifinals Match,Carl Tart,2018-03-15,Winner: Blaze,,competition: Winner: Blaze,,,,🍕,Munch Madness: The Slice Is Right,Munch Madness: Semifinals Match 1 with Carl Tart,,,False,,,,,,,,,,,False
DD,,double,Fat Chance Kitchen Semifinals with Neil Campbell,Fat Chance Kitchen Semifinals,Neil Campbell,2018-03-20,Winner: California Pizza Kitchen,,competition: Winner: California Pizza Kitchen,,,,🍕,Munch Madness: The Slice Is Right - Sides Showdown,Munch Madness: Fat Chance Kitchen Semifinals with Neil Campbell,,,False,,,,,,,,,,,False
146,146,main,Semifinals Match 2 with Michael Daniel Cassady,Semifinals Match,Michael Daniel Cassady,2018-03-22,Winner: Costco,,competition: Winner: Costco,,,,🍕,Munch Madness: The Slice Is Right,,,,False,,,,,,,,,,,False
DD,,double,Fat Chance Kitchen Finals with Tricia McAlpin,Fat Chance Kitchen Finals,Tricia McAlpin,2018-03-27,"Winner:
Domino's",,"competition: Winner:
Domino's",,,,🍕,Munch Madness: The Slice Is Right - Best Slice,Munch Madness: Fat Chance Kitchen Finals with Tricia McAlpin,,,False,,,,,,,,,,,False
147,147,main,Finals with Paul Scheer,Finals,Paul Scheer,2018-03-29,Winner: Domino's,,competition: Winner: Domino's,,,,🍕,Munch Madness: The Slice Is Right,Munch Madness: Finals with Paul Scheer,,,False,,,,,,,,,,,False
DD,,double,My Dinner with Wiger,My Dinner,Wiger,2018-04-03,,,no score,,,,Dinner Is The Movie,Taco Bell's Nacho Fries and My Dinner With Andre,My Dinner with Wiger,,,False,,,,,,,,,,,False
148,148,main,Coco's with Alison Rosen,Coco's,Alison Rosen,2018-04-05,1.92,1.92,,,,,,,Coco's with Alison Rosen,Coco's,Breakfast & Diners,False,2.25,1.75,1.75,1.9166666666666667,2.25,1.75,1.75,1.9166666666666667,3.0,3.0,False
DD,,double,Farley Recently with Farley Elliott,Farley Recently,Farley Elliott,2018-04-10,,,no score,,,,,LA food scene,Farley Recently with Farley Elliott,,,False,,,,,,,,,,,False
149,149,main,The Pie Hole with Marcy Jarreau,The Pie Hole,Marcy Jarreau,2018-04-12,3.67,3.67,,,,,,"Nick bumps his Taco Bell score to 5 forks, so it joins the Platinum Plate Club.",The Pie Hole with Marcy Jarreau,The Pie Hole,"Coffee, Bakery & Sweets",False,2.0,4.5,4.5,3.6666666666666665,2.0,4.5,4.5,3.6666666666666665,3.0,3.0,False
DD,,double,Secret Menu with Justin Lee,Secret Menu,Justin Lee,2018-04-17,,,no score,,,,,Jack In The Box Cholula Buttery Jack and Cholula Fries,Secret Menu with Justin Lee,,,False,,,,,,,,,,,False
150,150,main,The Dopeboys 4/20 Smokestacular with Jon Gabrus,The Dopeboys,Jon Gabrus,2018-04-19,4.20,4.2,,,,,🌿,,The Dopeboys 4/20 Smokestacular with Jon Gabrus,The Dopeboys,Other,False,,,,,,,,,,,False
DD,,double,Big & Tall with Ross Kimball,Big & Tall,Ross Kimball,2018-04-24,,,no score,,,,,Burger King Sourdough King & Spicy Chicken Sandwich,Big & Tall with Ross Kimball,,,False,,,,,,,,,,,False
151,151,main,Farmer Boys with Nick Rutherford,Farmer Boys,Nick Rutherford,2018-04-26,3.50,3.5,,,,,,,Farmer Boys with Nick Rutherford,Farmer Boys,Burgers & Hot Dogs,False,3.5,3.5,3.5,3.5,3.5,3.5,3.5,3.5,3.0,3.0,False
DD,,double,Gluten-Free Summer Movie Preview with Punam Patel,Gluten-Free Summer Movie Preview,Punam Patel,2018-05-01,,,no score,,,,,,Gluten-Free Summer Movie Preview with Punam Patel,,,False,,,,,,,,,,,False
152,152,main,Olive Garden 2 with Joel Kim Booster,Olive Garden,Joel Kim Booster,2018-05-03,3.45,3.45,,,,,,"First reference of ""Drop King""",Olive Garden 2 with Joel Kim Booster,Olive Garden,Pizza & Italian,False,3.0,2.85,4.5,3.4499999999999997,3.0,2.85,4.5,3.4499999999999997,4.0,3.0,False
DD,,double,Greek Bats with Julie Brister,Greek Bats,Julie Brister,2018-05-08,,,no score,,,,Dinner is the Movie,The Week Of and Arby's Gyros,Greek Bats with Julie Brister,,,False,,,,,,,,,,,False
153,153,main,Ruth's Chris Steak House with Andrew Secunda,Ruth's Chris Steak House,Andrew Secunda,2018-05-10,4.33,4.33,,,,,Golden Plate Club,,Ruth's Chris Steak House with Andrew Secunda,Ruth's Chris Steak House,American & Casual Dining,False,4.5,4.5,4.0,4.333333333333333,4.5,4.5,4.0,4.333333333333333,3.0,3.0,False
DD,,double,Tropical Freeze with Jason Schreier,Tropical Freeze,Jason Schreier,2018-05-15,,,no score,,,,,Donkey Kong Country: Tropical Freeze,Tropical Freeze with Jason Schreier,,,False,,,,,,,,,,,False
154,154,main,TGI Friday's 2 with The Sklar Brothers,TGI Friday's,The Sklar Brothers,2018-05-17,4.03,4.03,,,,,,,TGI Friday's 2 with The Sklar Brothers,TGI Fridays,American & Casual Dining,False,4.0,4.5,3.8,4.025,4.0,4.5,3.8,4.025,5.0,4.0,False
DD,,double,Ba Da Ba Ba Bah with Jennie Pierson,Ba Da Ba Ba Bah,Jennie Pierson,2018-05-22,,,no score,,,,,McDonald's Fresh Beef Quarter Pounders and Mt. McRushmore Draft,Ba Da Ba Ba Bah with Jennie Pierson,,,False,,,,,,,,,,,False
155,155,main,Denny's Solo Menu with Matt Mira,Denny's Solo Menu,Matt Mira,2018-05-24,4.00,4.0,,,,,Golden Vest Club,on a scale of 1-5 Han Solo vests,Denny's Solo Menu with Matt Mira,Denny's,Breakfast & Diners,False,4.0,4.0,4.0,4.0,4.0,4.0,4.0,4.0,3.0,3.0,False
DD,,double,Saved by the Max with Paul Scheer,Saved by the Max,Paul Scheer,2018-05-29,4.50,4.5,,,,,Golden Plate Club,Pop Chips Galaxy Puffs,Saved by the Max with Paul Scheer,Saved by the Max,Other,False,4.5,4.5,4.5,4.5,4.5,4.5,4.5,4.5,3.0,3.0,False
156,156,main,Taco Bell 4 with Gillian Jacobs,Taco Bell,Gillian Jacobs,2018-05-31,4.00,4.0,,,,,,removed from the Platinum Plate Club! (and the Golden Plate Club too),Taco Bell 4 with Gillian Jacobs,Taco Bell,Mexican,False,5.0,5.0,2.0,4.0,5.0,5.0,2.0,4.0,3.0,3.0,False
DD,,double,U Talkin' DMB To Me?,U Talkin' DMB To Me?,,2018-06-05,🔓,,no score,,,,📻,Dave Matthews Band,U Talkin' DMB To Me?,,,False,,,,,,,,,,,False
157,157,main,Gus's World Famous Fried Chicken with Ben Gruber,Gus's World Famous Fried Chicken,Ben Gruber,2018-06-07,4.33,4.33,,,,,Golden Plate Club,,Gus's World Famous Fried Chicken with Ben Gruber,Gus's World Famous Fried Chicken,Chicken,False,5.0,4.0,4.0,4.333333333333333,5.0,4.0,4.0,4.333333333333333,3.0,3.0,False
DD,,double,Solo with Danny Jelinek,Solo,Danny Jelinek,2018-06-12,,,no score,,,,Dinner is the Movie,Solo: A Star Wars Story,Solo with Danny Jelinek,,,False,,,,,,,,,,,False
158,158,main,Quizno's with Haley Joel Osment,Quizno's,Haley Joel Osment,2018-06-13,3.25,3.25,,,,,,,Quizno's with Haley Joel Osment,Quizno's,Sandwiches & Subs,False,3.5,3.25,3.0,3.25,3.5,3.25,3.0,3.25,3.0,3.0,False
DD,,double,Tarot Pizza with Ariana Lenarsky,Tarot Pizza,Ariana Lenarsky,2018-06-19,🔓,,no score,,,,,,Tarot Pizza with Ariana Lenarsky,,,False,,,,,,,,,,,False
159,159,main,Firehouse Subs with Mary Sohn,Firehouse Subs,Mary Sohn,2018-06-21,3.42,3.42,,,,,,,Firehouse Subs with Mary Sohn,Firehouse Subs,Sandwiches & Subs,False,4.5,3.75,2.0,3.4166666666666665,4.5,3.75,2.0,3.4166666666666665,3.0,3.0,False
DD,,double,TakeOver: Chicago with Mike Carlson,TakeOver: Chicago,Mike Carlson,2018-06-26,,,no score,,,,,,TakeOver: Chicago with Mike Carlson,,,False,,,,,,,,,,,False
160,160,main,Norms with Jordan Morris,Norms,Jordan Morris,2018-06-28,3.72,3.72,,,,,,,Norms with Jordan Morris,Norms,Breakfast & Diners,False,4.0,3.15,4.0,3.716666666666667,4.0,3.15,4.0,3.716666666666667,3.0,3.0,False
DD,,double,"Cool, Cool Mountain with The Sloppy Boys","Cool, Cool Mountain",The Sloppy Boys,2018-07-03,🔓,,no score,,,,,a variety of frozen treats,"Cool, Cool Mountain with The Sloppy Boys",,,False,,,,,,,,,,,False
161,161,main,IHOb with Bug Mane,IHOb,Bug Mane,2018-07-05,3.75,3.75,,,,,,,IHOb with Bug Mane,IHOP,Burgers & Hot Dogs,False,,,,,,,,,,,False
DD,,double,Biggie Feedbag VI with Yusong Liu,Biggie Feedbag VI,Yusong Liu,2018-07-10,,,no score,,,,📬,,Biggie Feedbag VI with Yusong Liu,,,False,,,,,,,,,,,False
162,162,main,Panda Express 2 with Cristela Alonzo,Panda Express,Cristela Alonzo,2018-07-12,3.67,3.67,,,,,,,Panda Express 2 with Cristela Alonzo,Panda Express,Asian,False,4.0,4.0,3.0,3.6666666666666665,4.0,4.0,3.0,3.6666666666666665,3.0,3.0,False
DD,,double,The Wonderful World of Soda 2 with Julia Prescott,The Wonderful World of Soda,Julia Prescott,2018-07-17,,,no score,,,,,,The Wonderful World of Soda 2 with Julia Prescott,,,False,,,,,,,,,,,False
163,163,main,Mel's Drive-In with Jon Gabrus,Mel's Drive-In,Jon Gabrus,2018-07-19,3.17,3.17,,title,in person,"San Francisco, CA",,"live in San Francisco, CA",Mel's Drive-In with Jon Gabrus (LIVE),Mel's Drive-In,Breakfast & Diners,True,2.5,4.0,3.0,3.1666666666666665,2.5,4.0,3.0,3.1666666666666665,3.0,3.0,False
DD,,double,Mission Impossible with Ben Rodgers,Mission Impossible,Ben Rodgers,2018-07-24,,,no score,,,,Dinner is the Movie,Mission: Impossible franchise,Mission Impossible with Ben Rodgers,,,False,,,,,,,,,,,False
164,164,main,Panera Bread with Bill Oakley,Panera Bread,Bill Oakley,2018-07-26,2.83,2.83,,,,,,,Panera Bread with Bill Oakley,Panera Bread,Sandwiches & Subs,False,2.5,3.25,2.75,2.8333333333333335,2.5,3.25,2.75,2.8333333333333335,3.0,3.0,False
DD,,double,"Veni, Vidi, Mitchy with Lindork, Frielbot and Mikeus","Veni, Vidi, Mitchy","Lindork, Frielbot and Mikeus",2018-07-31,,,no score,,,,,snacks from Italy,"Veni, Vidi, Mitchy with Lindork, Frielbot and Mikeus",,,False,,,,,,,,,,,False
165,165,main,Souplantation/Sweet Tomatoes with Kelly Nugent and Lindsay Katai,Souplantation/Sweet Tomatoes,Kelly Nugent and Lindsay Katai,2018-08-02,3.25,3.25,,,,,,,Souplantation/Sweet Tomatoes with Kelly Nugent and Lindsay Katai,Souplantation/Sweet Tomatoes,Healthy & Juice,False,3.75,2.75,3.25,3.25,3.75,2.75,3.25,3.25,4.0,4.0,False
DD,,double,Sonic The Hedgehog with Jocelyn Richard,Sonic The Hedgehog,Jocelyn Richard,2018-08-07,,,no score,,,,,,Sonic The Hedgehog with Jocelyn Richard,,,False,,,,,,,,,,,False
166,166,main,Pink's Hot Dogs with Alana Johnston 🔪,Pink's Hot Dogs,Alana Johnston 🔪,2018-08-09,2.13,2.13,,notes,in person,"Los Angeles, CA",,live from Los Angeles. also with Evan Susser.,Pink's Hot Dogs with Alana Johnston,Pink's Hot Dogs,Burgers & Hot Dogs,True,2.125,2.25,2.0,2.125,2.125,2.25,2.0,2.125,3.0,3.0,False
DD,,double,The Evan Susser Summer Ice Cream Invitational Semi Finals,The Evan Susser Summer Ice Cream Invitational Semi Finals,,2018-08-14,Winner: Baskin-Robbins,,competition: Winner: Baskin-Robbins,,,,,,The Evan Susser Summer Ice Cream Invitational Semi Finals,,,False,,,,,,,,,,,False
167,167,main,The Evan Susser Summer Ice Cream Invitational Finals with Evan Susser,The Evan Susser Summer Ice Cream Invitational Finals,Evan Susser,2018-08-16,Winner: Ben & Jerry's,,competition: Winner: Ben & Jerry's,,,,,,The Evan Susser Summer Ice Cream Invitational Finals with Evan Susser,,,False,,,,,,,,,,,False
DD,,double,"Lakewood, California with Matt Apodaca","Lakewood, California",Matt Apodaca,2018-08-21,,,no score,,,,,Dunkin' Donuts Donut Fries,"Lakewood, California with Matt Apodaca",,,False,,,,,,,,,,,False
168,168,main,P. F. Chang's with Jessica McKenna and Zach Reino,P. F. Chang's,Jessica McKenna and Zach Reino,2018-08-23,3.31,3.31,,,,,,,P. F. Chang's with Jessica McKenna and Zach Reino,P. F. Chang's,Asian,False,3.5,3.5,3.125,3.3125,3.5,3.5,3.125,3.3125,4.0,4.0,False
DD,,double,LIVE from Outside Lands with Jon Gabrus & Paul Scheer,LIVE from Outside Lands,Jon Gabrus & Paul Scheer,2018-08-28,,,no score,title,in person,"San Francisco, CA",,"live in San Francisco, CA",LIVE from Outside Lands with Jon Gabrus & Paul Scheer,,,True,,,,,,,,,,,False
169,169,main,Johnny Rockets with Esther Povitsky,Johnny Rockets,Esther Povitsky,2018-08-30,2.67,2.67,,,,,,,Johnny Rockets with Esther Povitsky,Johnny Rockets,Burgers & Hot Dogs,False,2.0,3.0,3.0,2.6666666666666665,2.0,3.0,3.0,2.6666666666666665,3.0,3.0,False
DD,,double,Biggie Feedbag VII with Yusong Liu,Biggie Feedbag VII,Yusong Liu,2018-09-04,,,no score,,,,📬,,Biggie Feedbag VII with Yusong Liu,,,False,,,,,,,,,,,False
170,170,main,Wahoo's Fish Taco with Eliza Skinner,Wahoo's Fish Taco,Eliza Skinner,2018-09-06,2.17,2.17,,,,,,debut of Mitch's Mickey Mouse doll story,Wahoo's Fish Taco with Eliza Skinner,Wahoo's Fish Taco,Mexican,False,3.0,2.5,1.0,2.1666666666666665,3.0,2.5,1.0,2.1666666666666665,3.0,3.0,False
DD,,double,Back to School with Ronnie Adrian,Back to School,Ronnie Adrian,2018-09-11,,,no score,,,,,Kids' School Snacks,Back to School with Ronnie Adrian,,,False,,,,,,,,,,,False
171,171,main,Outback Steakhouse 2 with Leann Bowen,Outback Steakhouse,Leann Bowen,2018-09-13,2.67,2.67,,,,,,,Outback Steakhouse 2 with Leann Bowen,Outback Steakhouse,American & Casual Dining,False,2.5,2.5,3.0,2.6666666666666665,2.5,2.5,3.0,2.6666666666666665,4.0,3.0,False
DD,,double,The Snacklog with Adam Gertler,The Snacklog,Adam Gertler,2018-09-18,,,no score,,,,,,The Snacklog with Adam Gertler,,,False,,,,,,,,,,,False
172,172,main,Menchie's with Jackie Johnson,Menchie's,Jackie Johnson,2018-09-20,4.00,4.0,,,,,Golden Plate Club,,Menchie's with Jackie Johnson,Menchie's,"Coffee, Bakery & Sweets",False,4.0,4.0,4.0,4.0,4.0,4.0,4.0,4.0,3.0,3.0,False
BC1,,bread_cast,Zucchini Spice Bread with Lauren McGuire,Zucchini Spice Bread,Lauren McGuire,2018-09-21,3.25,3.25,,,,,The Bread Cast,,Zucchini Spice Bread with Lauren McGuire,,,False,,,3.25,3.25,,,3.25,3.25,2.0,2.0,False
DD,,double,U Talkin' To Me? RE: DMB (U Talkin' DMB To Me Part 2),U Talkin' To Me? RE: DMB (U Talkin' DMB To Me Part,,2018-09-25,,,no score,,,,📻,with Mike Hanford and Tim Kalpakis,U Talkin' To Me? RE: DMB (U Talkin' DMB To Me Part 2),,,False,,,,,,,,,,,False
173,173,main,Benihana with D'Arcy Carden,Benihana,D'Arcy Carden,2018-09-27,5.00,5.0,,,,,Platinum Plate Club,,Benihana with D'Arcy Carden,Benihana,Asian,False,5.0,5.0,5.0,5.0,5.0,5.0,5.0,5.0,4.0,3.0,False
BC2,,bread_cast,White Bread with David Phillips,White Bread,David Phillips,2018-09-28,,,no score,,,,The Bread Cast,,White Bread with David Phillips,,,False,,,,,,,,,,,False
DD,,double,Take Me To Church,Take Me To Church,,2018-10-02,,,no score,,,,🙏,Octdoughberblessed,Octdoughberblessed: Take Me To Church,,,False,,,,,,,,,,,False
174,174,main,In-N-Out vs Chick-Fil-A with Scott Aukerman,In-N-Out vs Chick-Fil-A,Scott Aukerman,2018-10-04,"Winner:
In-N-Out",,"competition: Winner:
In-N-Out",,,,🙏,Octdoughberblessed,Octdoughberblessed: In-N-Out vs Chick-Fil-A with Scott Aukerman,,,False,,,,,,,,,,,False
BC3,,bread_cast,Buttermilk Biscuits with Jane Becker,Buttermilk Biscuits,Jane Becker,2018-10-05,,,no score,,,,The Bread Cast,,Buttermilk Biscuits with Jane Becker,,,False,,,,,,,,,,,False
DD,,double,Kosher Pig-Out with Becky Feldman,Kosher Pig-Out,Becky Feldman,2018-10-09,,,no score,,,,🙏,Octdoughberblessed,Kosher Pig-Out with Becky Feldman,,,False,,,,,,,,,,,False
175,175,main,Canter's Deli with Evan Susser and David Phillips,Canter's Deli,Evan Susser and David Phillips,2018-10-11,3.44,3.44,,,,,🙏,Octdoughberblessed,Octdoughberblessed: Canter's Deli with Evan Susser and David Phillips,Canter's Deli,Sandwiches & Subs,False,3.5,3.75,3.25,3.4375,3.5,3.75,3.25,3.4375,4.0,4.0,False
DD,,double,Meditation with Ryan Stanger,Meditation,Ryan Stanger,2018-10-16,,,no score,,,,🙏,Octdoughberblessed,Octdoughberblessed: Meditation with Ryan Stanger,,,False,,,,,,,,,,,False
176,176,main,Loving Hut with Raj Desai,Loving Hut,Raj Desai,2018-10-18,4.00,4.0,,,,,🙏 Golden Collection Plate Club,Octdoughberblessed,Octdoughberblessed: Loving Hut with Raj Desai,Loving Hut,Healthy & Juice,False,4.0,4.0,4.0,4.0,4.0,4.0,4.0,4.0,3.0,3.0,False
DD,,double,The Exorcist with Fran Gillespie,The Exorcist,Fran Gillespie,2018-10-23,,,no score,,,,🙏 Dinner is the Movie,Octdoughberblessed,Octdoughberblessed: The Exorcist with Fran Gillespie,,,False,,,,,,,,,,,False
177,177,main,Cracker Barrel with Betsy Sodaro,Cracker Barrel,Betsy Sodaro,2018-10-25,4.67,4.67,,,,,🙏 Golden Collection Plate Club,Octdoughberblessed,Octdoughberblessed: Cracker Barrel with Betsy Sodaro,Cracker Barrel,American & Casual Dining,False,5.0,5.0,4.0,4.666666666666667,5.0,5.0,4.0,4.666666666666667,3.0,3.0,False
DD,,double,Sunday Brunch with Lindsay Katai,Sunday Brunch,Lindsay Katai,2018-10-30,2.08,2.08,,,,,🙏,Octdoughberblessed,Octdoughberblessed: Sunday Brunch with Lindsay Katai,Sunday Brunch,Breakfast & Diners,False,0.5,2.75,3.0,2.0833333333333335,0.5,2.75,3.0,2.0833333333333335,3.0,3.0,False
178,178,main,Maggiano's Little Italy with Kevin Pollack,Maggiano's Little Italy,Kevin Pollack,2018-11-01,3.31,3.31,,,,,,also with Jaime Fox,Maggiano's Little Italy with Kevin Pollack,Maggiano's Little Italy,Pizza & Italian,False,3.5,3.5,3.125,3.3125,3.5,3.5,3.125,3.3125,4.0,4.0,False
DD,,double,Biggie Feedbag VIII with Yusong Liu & Emma Erdbrink,Biggie Feedbag VIII,Yusong Liu & Emma Erdbrink,2018-11-06,,,no score,,,,📬,,Biggie Feedbag VIII with Yusong Liu & Emma Erdbrink,,,False,,,,,,,,,,,False
179,179,main,Top Round Roast Beef with Ike Barinholtz,Top Round Roast Beef,Ike Barinholtz,2018-11-08,4.75,4.75,,,,,Golden Plate Club,,Top Round Roast Beef with Ike Barinholtz,Top Round Roast Beef,Sandwiches & Subs,False,5.0,4.75,4.5,4.75,5.0,4.75,4.5,4.75,3.0,3.0,False
DD,,double,McDowell's with Dave Schilling,McDowell's,Dave Schilling,2018-11-13,,,no score,,,,Dinner is the Movie,Coming To America,McDowell's with Dave Schilling,,,False,,,,,,,,,,,False
180,180,main,El Torito with Jack Allison,El Torito,Jack Allison,2018-11-15,4.33,4.33,,,,,Golden Plate Club,,El Torito with Jack Allison,El Torito,Mexican,False,4.0,4.0,5.0,4.333333333333333,4.0,4.0,5.0,4.333333333333333,3.0,3.0,False
DD,,double,Mash-Off 2: The New Batch with Eva Anderson,Mash-Off,Eva Anderson,2018-11-20,,,no score,,,,,Thanksgiving,Mash-Off 2: The New Batch with Eva Anderson,,,False,,,,,,,,,,,False
DD,,double,Peanut Butter Bonanza with April Mouton,Peanut Butter Bonanza,April Mouton,2018-11-27,,,no score,,,,,,Peanut Butter Bonanza with April Mouton,,,False,,,,,,,,,,,False
181,181,main,Dairy Queen with Don't Stop or We'll Die,Dairy Queen,Don't Stop or We'll Die,2018-11-29,3.94,3.94,,,,,,Michael Cassady & Paul Rust,Dairy Queen with Michael Cassady & Paul Rust,Dairy Queen,"Coffee, Bakery & Sweets",False,4.0,4.0,3.875,3.9375,4.0,4.0,3.875,3.9375,5.0,4.0,False
DD,,double,Irish Whiskey and American McRibs with Erin McGathy,Irish Whiskey and American McRibs,Erin McGathy,2018-12-04,,,no score,,,,,Nick is late and the show begins without him.,Irish Whiskey and American McRibs with Erin McGathy,,,False,,,,,,,,,,,False
182,182,main,Rubio's with Mary Holland,Rubio's,Mary Holland,2018-12-06,4.50,4.5,,title,in person,"San Diego, CA",Golden Plate Club,"live in San Diego, CA",Rubio's with Mary Holland (LIVE),Rubio's,Mexican,True,4.5,4.0,5.0,4.5,4.5,4.0,5.0,4.5,3.0,3.0,False
DD,,double,Soup's Up with Joe Hartzler,Soup's Up,Joe Hartzler,2018-12-11,🔓,,no score,,,,,,Soup's Up with Joe Hartzler,,,False,,,,,,,,,,,False
183,183,main,Papa John's with Lamar Woods,Papa John's,Lamar Woods,2018-12-13,1.83,1.83,,,,,,,Papa John's with Lamar Woods,Papa John's,Pizza & Italian,False,1.0,2.0,2.5,1.8333333333333333,1.0,2.0,2.5,1.8333333333333333,3.0,3.0,False
BC4,,bread_cast,The Bread Cast Holiday Special with the Doughboys,The Bread Cast Holiday Special,the Doughboys,2018-12-18,,,no score,,,,The Bread Cast,,The Bread Cast Holiday Special with the Doughboys,,,False,,,,,,,,,,,False
184,184,main,McDonald's with Sarah Silverman,McDonald's,Sarah Silverman,2018-12-20,5.00,5.0,,,,,Platinum Plate Club,one of the most exciting moments in Doughboys history,McDonald's with Sarah Silverman,McDonald's,Burgers & Hot Dogs,False,5.0,5.0,5.0,5.0,5.0,5.0,5.0,5.0,3.0,3.0,False
DD,,double,Wiger Alone,Wiger Alone,,2018-12-25,🔓,,no score,,,,🎄,Doughboys Holiday Special,The 2018 Doughboys Christmas Special: Wiger Alone,,,False,,,,,,,,,,,False
DD,,double,The Golden Paw Club #1: Flannigan,The Golden Paw Club #1: Flannigan,,2019-01-02,,,no score,,,,,,Flannigan,,,False,,,,,,,,,,,False
DD,,double,Blue Velvet & Chew Year's Playlist with Jen Zaborowski,Blue Velvet & Chew Year's Playlist,Jen Zaborowski,2019-01-08,,,no score,,,,,,Blue Velvet & Chew Year's Playlist with Jen Zaborowski,,,False,,,,,,,,,,,False
185,185,main,Poquito Más with Dan Goor,Poquito Más,Dan Goor,2019-01-10,4.58,4.58,,,,,Faraway Friends Club,,Poquito Más with Dan Goor,Poquito Más,Mexican,False,5.0,5.0,3.75,4.583333333333333,5.0,5.0,3.75,4.583333333333333,3.0,3.0,False
DD,,double,Biggie Feedbag IX with Yusong Liu,Biggie Feedbag IX,Yusong Liu,2019-01-15,,,no score,,,,📬,,Biggie Feedbag IX with Yusong Liu,,,False,,,,,,,,,,,False
186,186,main,Delta Sky Club with John Hodgman,Delta Sky Club,John Hodgman,2019-01-17,2.92,2.92,,,,,,recorded at LAX,Delta Sky Club with John Hodgman,Delta Sky Club,Other,False,3.0,3.0,2.75,2.9166666666666665,3.0,3.0,2.75,2.9166666666666665,3.0,3.0,False
DD,,double,Bacon Maple Gremlins with Nicole Byer,Bacon Maple Gremlins,Nicole Byer,2019-01-22,,,no score,,,,,,Bacon Maple Gremlins with Nicole Byer,,,False,,,,,,,,,,,False
187,187,main,The Hat with Betsy Sodaro and Mano Agapion,The Hat,Betsy Sodaro and Mano Agapion,2019-01-24,4.50,4.5,,title,in person,"Brea, CA",Golden Plate Club,recorded live at the Brea Improv,The Hat with Betsy Sodaro and Mano Agapion (LIVE),The Hat,Sandwiches & Subs,True,4.5,5.0,4.25,4.5,4.5,5.0,4.25,4.5,4.0,4.0,False
DD,,double,"Little Caesar, Big Game with Ryan Meharry","Little Caesar, Big Game",Ryan Meharry,2019-01-29,,,no score,,,,,Little Caesar's Pretzel Crust Pizza,"Little Caesar, Big Game with Ryan Meharry",,,False,,,,,,,,,,,False
188,188,main,Cheba Hut with Jon Gabrus,Cheba Hut,Jon Gabrus,2019-01-31,4.67,4.67,,title,in person,"Phoenix, AZ",Golden Dank Club,"recorded live in Phoenix, AZ",Cheba Hut with Jon Gabrus (LIVE),Cheba Hut,Sandwiches & Subs,True,4.5,5.0,4.5,4.666666666666667,4.5,5.0,4.5,4.666666666666667,3.0,3.0,False
DD,,double,"Korn Koffee, Fyre Roasted with Emily Fleming","Korn Koffee, Fyre Roasted",Emily Fleming,2019-02-05,,,no score,,,,Dinner is the Movie,Fyre and Fyre Fraud,"Korn Koffee, Fyre Roasted with Emily Fleming",,,False,,,,,,,,,,,False
189,189,main,Super Duper Burgers with Eliza Skinner & Jordan Morris,Super Duper Burgers,Eliza Skinner & Jordan Morris,2019-02-07,2.75,2.75,,title,in person,"San Francisco, CA",,recorded live at SF Sketchfest,Super Duper Burgers with Eliza Skinner & Jordan Morris (LIVE),Super Duper Burgers,Burgers & Hot Dogs,True,3.25,3.25,2.25,2.75,3.25,3.25,2.25,2.75,4.0,4.0,False
DD,,double,"Valentine's Day, Actually with Ify Nwadiwe","Valentine's Day, Actually",Ify Nwadiwe,2019-02-12,,,no score,,,,Dinner is the Movie,Love Actually,"Valentine's Day, Actually with Ify Nwadiwe",,,False,,,,,,,,,,,False
190,190,main,Smoke's Poutinerie with Alana Johnston 🔪,Smoke's Poutinerie,Alana Johnston 🔪,2019-02-14,4.08,4.08,,title,in person,"Saskatoon, SK",Golden Plate Club,"recorded live in Saskatoon, Saskatchewan",Smoke's Poutinerie with Alana Johnston (LIVE),Smoke's Poutinerie,Other,True,4.0,4.25,4.0,4.083333333333333,4.0,4.25,4.0,4.083333333333333,3.0,3.0,False
DD,,double,The Wonderful World of Water with Dave Theune,The Wonderful World of Water,Dave Theune,2019-02-19,🔓,,no score,,,,💧,,The Wonderful World of Water with Dave Theune,,,False,,,,,,,,,,,False
191,191,main,Little Caesars with John Ross Bowie,Little Caesars,John Ross Bowie,2019-02-21,4.42,4.42,,,,,Golden Plate Club,,Little Caesars with John Ross Bowie,Little Caesars,Pizza & Italian,False,5.0,4.25,4.0,4.416666666666667,5.0,4.25,4.0,4.416666666666667,3.0,3.0,False
DD,,double,Biggie Feedbag X with Yusong Liu,Biggie Feedbag X,Yusong Liu,2019-02-26,,,no score,,,,📬,,Biggie Feedbag X with Yusong Liu,,,False,,,,,,,,,,,False
192,192,main,Native Foods with Tawny Newsome & Alex Kliner,Native Foods,Tawny Newsome & Alex Kliner,2019-02-28,2.13,2.13,,,,,,,Native Foods with Tawny Newsome & Alex Kliner,Native Foods,Healthy & Juice,False,2.0,2.0,2.25,2.125,2.0,2.0,2.25,2.125,4.0,4.0,False
DD,,double,Green Burrito/Red Burrito vs. Poquito Mas with Farley Elliott,Green Burrito/Red Burrito vs. Poquito Mas,Farley Elliott,2019-03-05,Winner: Poquito Mas,,competition: Winner: Poquito Mas,,,,🔓 🌮🌯,Munch Madness: Mouth of the Border: Hollywood vs. Heartland region,Munch Madness: Green Burrito/Red Burrito vs. Poquito Mas with Farley Elliott,,,False,,,,,,,,,,,False
193,193,main,Chipotle vs. Qdoba with Toni Charline,Chipotle vs. Qdoba,Toni Charline,2019-03-07,Winner: Qdoba,,competition: Winner: Qdoba,,,,🌮🌯,Munch Madness: Mouth of the Border: Fast Casual region,Munch Madness: Chipotle vs. Qdoba with Toni Charline,,,False,,,,,,,,,,,False
DD,,double,Fat Chance Kitchen: Chipotle vs. Green Burrito,Fat Chance Kitchen: Chipotle vs. Green Burrito,,2019-03-12,"Winner:
Chipotle",,"competition: Winner:
Chipotle",,,,🌮🌯,Munch Madness: Mouth of the Border: Loser's Bracket round 1 (guest: Ryan Perez),Fat Chance Kitchen: Chipotle vs. Green Burrito,,,False,,,,,,,,,,,False
194,194,main,Poquito Más vs. Taco Bell with Mike Hanford,Poquito Más vs. Taco Bell,Mike Hanford,2019-03-14,"Winner:
Taco Bell",,"competition: Winner:
Taco Bell",,,,🌮🌯,Munch Madness: Mouth of the Border: Semifinal round 1,Munch Madness: Poquito Más vs. Taco Bell with Mike Hanford,,,False,,,,,,,,,,,False
DD,,double,Fat Chance Kitchen: Poquito Más vs. Chipotle,Fat Chance Kitchen: Poquito Más vs. Chipotle,,2019-03-19,Winner: Poquito Más,,competition: Winner: Poquito Más,,,,🌮🌯,Munch Madness: Mouth of the Border: Loser's Bracket round 2 (guest: Jennie Pierson),Fat Chance Kitchen: Poquito Más vs. Chipotle,,,False,,,,,,,,,,,False
195,195,main,Qdoba vs. Del Taco with Matt Apodaca,Qdoba vs. Del Taco,Matt Apodaca,2019-03-21,Winner: Qdoba,,competition: Winner: Qdoba,,,,🌮🌯,Munch Madness: Mouth of the Border: Semifinal round 2,Munch Madness: Qdoba vs. Del Taco with Matt Apodaca,,,False,,,,,,,,,,,False
DD,,double,Fat Chance Kitchen: Del Taco vs. Poquito Más with Mary Sohn,Fat Chance Kitchen: Del Taco vs. Poquito Más,Mary Sohn,2019-03-26,Winner: Poquito Más,,competition: Winner: Poquito Más,,,,🌮🌯,Munch Madness: Mouth of the Border: Loser's Bracket final,Fat Chance Kitchen: Del Taco vs. Poquito Más with Mary Sohn,,,False,,,,,,,,,,,False
196,196,main,Poquito Más vs. Qdoba vs. Taco Bell with Nicole Byer,Poquito Más vs. Qdoba vs. Taco Bell,Nicole Byer,2019-03-28,Winner: Taco Bell,,competition: Winner: Taco Bell,notes,in person,,🌮🌯,Munch Madness: Mouth of the Border: Finale (live episode),Munch Madness: Poquito Más vs. Qdoba vs. Taco Bell with Nicole Byer,,,True,,,,,,,,,,,False
DD,,double,Biggie Feedbag XI with Yusong Liu & Emma Erdbrink,Biggie Feedbag XI,Yusong Liu & Emma Erdbrink,2019-04-02,,,no score,,,,📬,,Biggie Feedbag XI with Yusong Liu & Emma Erdbrink,,,False,,,,,,,,,,,False
197,197,main,Sizzle Pie with Bill Oakley,Sizzle Pie,Bill Oakley,2019-04-04,3.50,3.5,,title,in person,"Portland, OR",,"live in Portland, Oregon",Sizzle Pie with Bill Oakley (LIVE),Sizzle Pie,Pizza & Italian,True,3.25,3.5,3.75,3.5,3.25,3.5,3.75,3.5,5.0,3.0,False
DD,,double,R U Talkin' JRPG's to Me? with Zach Reino,R U Talkin' JRPG's to Me?,Zach Reino,2019-04-09,,,no score,,,,,Naruto Ramune sodas,R U Talkin' JRPG's to Me? with Zach Reino,,,False,,,,,,,,,,,False
198,198,main,Portillo's with Jon Gabrus & Christine Nangle,Portillo's,Jon Gabrus & Christine Nangle,2019-04-11,4.63,4.63,,title,in person,"Chicago, IL",Golden Plate Club,"live in Chicago, IL",Portillo's with Jon Gabrus & Christine Nangle (LIVE),Portillo's,Burgers & Hot Dogs,True,4.5,5.0,4.5,4.625,4.5,5.0,4.5,4.625,4.0,4.0,False
DD,,double,The Snacklog & The Catlog with Sydney Steinberg,The Snacklog & The Catlog,Sydney Steinberg,2019-04-16,,,no score,,,,,,The Snacklog & The Catlog with Sydney Steinberg,,,False,,,,,,,,,,,False
199,199,main,Lou Malnati's with Jon Gabrus & Christine Nangle,Lou Malnati's,Jon Gabrus & Christine Nangle,2019-04-18,4.00,4.0,,title,in person,"Chicago, IL",,"live in Chicago, IL",Lou Malnati's with Jon Gabrus & Christine Nangle (LIVE),Lou Malnati's,Pizza & Italian,True,4.0,5.0,3.5,4.0,4.0,5.0,3.5,4.0,4.0,4.0,False
DD,,double,Game of P'Zones with Griffin Newman,Game of P'Zones,Griffin Newman,2019-04-23,🔓,,no score,,,,,,Game of P'Zones with Griffin Newman,,,False,,,,,,,,,,,False
200,200,main,Chili's Too with Eva Anderson,Chili's Too,Eva Anderson,2019-04-25,3.83,3.83,,,,,,Episode 200!,Chili's Too with Eva Anderson,Chili's,American & Casual Dining,False,4.0,4.0,3.5,3.8333333333333335,4.0,4.0,3.5,3.8333333333333335,3.0,3.0,False
DD,,double,Mitchell-adas with Agata Monica and Anastasia Vigo,Mitchell-adas,Agata Monica and Anastasia Vigo,2019-04-30,,,no score,,,,,Burger King's Angry Whopper,Mitchell-adas with Agata Monica and Anastasia Vigo,,,False,,,,,,,,,,,False
201,201,main,AMC Dine-In with Kevin Pollak and Jaime Fox,AMC Dine-In,Kevin Pollak and Jaime Fox,2019-05-02,3.38,3.38,,,,,,,AMC Dine-In with Kevin Pollak and Jaime Fox,AMC,Other,False,2.5,4.0,3.5,3.375,2.5,4.0,3.5,3.375,4.0,4.0,False
DD,,double,Digby with Libby Watson,Digby,Libby Watson,2019-05-07,,,no score,,,,😸,May-ow,May-ow: Digby with Libby Watson,,,False,,,,,,,,,,,False
202,202,main,Sweetfin Poké with Payman Benz,Sweetfin Poké,Payman Benz,2019-05-09,4.33,4.33,,,,,Golden Plate Club,,Sweetfin Poké with Payman Benz,Sweetfin Poké,Seafood,False,4.0,4.0,5.0,4.333333333333333,4.0,4.0,5.0,4.333333333333333,3.0,3.0,False
DD,,double,Bug with Jordan Morris,Bug,Jordan Morris,2019-05-14,,,no score,,,,😸 Dinner Is The Movie,May-ow: The Aristocats and hybrid mayo flavors,May-ow: Bug with Jordan Morris,,,False,,,,,,,,,,,False
203,203,main,Waffle House with Carl Tart,Waffle House,Carl Tart,2019-05-16,4.75,4.75,,title,in person,"Huntsville, AL",Platinum Plate Club,"live in Huntsville, Alabama. with Allan McLeod. Score updated to 5.0 and put in Platinum Plate Club in ep. 205.",Waffle House with Carl Tart (LIVE),Waffle House,Breakfast & Diners,True,5.0,5.0,5.0,5.0,5.0,5.0,4.5,4.75,4.0,3.0,True
DD,,double,Cat Stevens with Yusong Liu,Cat Stevens,Yusong Liu,2019-05-21,,,no score,,,,😸,May-ow: Doughcats: The Musical,May-ow: Cat Stevens with Yusong Liu,,,False,,,,,,,,,,,False
204,204,main,Hattie B's with Carl Tart,Hattie B's,Carl Tart,2019-05-23,4.33,4.33,,title,in person,"Nashville, TN",Golden Plate Club,"live in Nashville, Tennessee",Hattie B's with Carl Tart (LIVE),Hattie B's,Chicken,True,4.0,5.0,4.0,4.333333333333333,4.0,5.0,4.0,4.333333333333333,3.0,3.0,False
DD,,double,"Pepe, Fiona, and Meryl with Joe Saunders & Rachel Millman","Pepe, Fiona, and Meryl",Joe Saunders & Rachel Millman,2019-05-28,,,no score,,,,😸,May-ow: Heathcliff comics,"May-ow: Pepe, Fiona, and Meryl with Joe Saunders & Rachel Millman",,,False,,,,,,,,,,,False
205,205,main,P. F. Chang's 2 with Kulap Vilaysack,P. F. Chang's,Kulap Vilaysack,2019-05-30,3.08,3.08,,,,,,Mitch's Lettuce Rap,P. F. Chang's 2 with Kulap Vilaysack,P. F. Chang's,Asian,False,3.75,3.5,2.0,3.0833333333333335,3.75,3.5,2.0,3.0833333333333335,3.0,3.0,False
BC5,,bread_cast,Pumpernickel Bread with Diona Reasonover,Pumpernickel Bread,Diona Reasonover,2019-05-31,,,no score,,,,The Bread Cast,,Pumpernickel Bread with Diona Reasonover,,,False,,,,,,,,,,,False
DD,,double,or Nothing with Mike Carlson,or Nothing,Mike Carlson,2019-06-04,,,no score,,,,,Star Wars: Galaxy Edge and AEW wrestling,or Nothing with Mike Carlson,,,False,,,,,,,,,,,False
206,206,main,Fogo de Chão with Candice King & Kayla Ewell,Fogo de Chão,Candice King & Kayla Ewell,2019-06-06,3.06,3.06,,,,,,,Fogo de Chão with Candice King & Kayla Ewell,Fogo de Chão,American & Casual Dining,False,3.0,3.25,3.0,3.0625,3.0,3.25,3.0,3.0625,7.0,4.0,False
BC6,,bread_cast,Dinner Rolls with the Sloppy Boys,Dinner Rolls,the Sloppy Boys,2019-06-07,,,no score,,,,The Bread Cast,,Dinner Rolls with the Sloppy Boys,,,False,,,,,,,,,,,False
DD,,double,WWE Cook-off and Biggie Feedbag XII with Yusong Liu & Emma Erdbrink,WWE Cook-off and Biggie Feedbag XII,Yusong Liu & Emma Erdbrink,2019-06-11,,,no score,,,,,,WWE Cook-off and Biggie Feedbag XII with Yusong Liu & Emma Erdbrink,,,False,,,,,,,,,,,False
207,207,main,Ben & Jerry's with The Sloppy Boys,Ben & Jerry's,The Sloppy Boys,2019-06-13,3.71,3.71,,,,,,"Jeff Dutton, Mike Hanford, Tim Kalpakis",Ben & Jerry's with The Sloppy Boys,Ben & Jerry's,"Coffee, Bakery & Sweets",False,3.0,4.0,3.8,3.7142857142857144,3.0,4.0,3.8,3.7142857142857144,7.0,7.0,False
BC7,,bread_cast,Cornbread with Alana Johnston 🔪,Cornbread,Alana Johnston 🔪,2019-06-13,,,no score,,,,The Bread Cast,"(unlike other Bread Cast eps, not put in the Doughboys Double stream)",Cornbread with Alana Johnston,,,False,,,,,,,,,,,False
DD,,double,Wetzel's Pretzels with Sean Clements & Hayes Davenport,Wetzel's Pretzels,Sean Clements & Hayes Davenport,2019-06-18,,,no score,title,in person,"Los Angeles, CA",,live from Los Angeles at the Pee Cast Blast 2018,Wetzel's Pretzels with Sean Clements & Hayes Davenport (LIVE),Wetzel's Pretzels,"Coffee, Bakery & Sweets",True,,,,,,,,,,,False
208,208,main,Al's Beef with Megan Batoon & Amir Blumenfeld,Al's Beef,Megan Batoon & Amir Blumenfeld,2019-06-20,2.10,2.1,,title,in person,"Chicago, IL",,live from Chicago at Headgum Live,Al's Beef with Megan Batoon & Amir Blumenfeld (LIVE),Al's Beef,Sandwiches & Subs,True,2.5,3.9,1.0,2.1,2.5,3.9,1.0,2.1,4.0,4.0,False
DD,,double,Beyond Chicago with Fran Gillespie,Beyond Chicago,Fran Gillespie,2019-06-25,🔓,,no score,,,,,Carl's Jr. Beyond Famous Star and a Chicago Draft,Beyond Chicago with Fran Gillespie,,,False,,,,,,,,,,,False
209,209,main,Which Wich? with Josh Gondelman,Which Wich?,Josh Gondelman,2019-06-27,3.50,3.5,,,,,Hand-holding Club,,Which Wich? with Josh Gondelman,Which Wich?,Sandwiches & Subs,False,3.5,3.5,3.5,3.5,3.5,3.5,3.5,3.5,3.0,3.0,False
BC8,,bread_cast,Live at BugCon with Farley Elliott and Evan Susser,Live at BugCon,Farley Elliott and Evan Susser,2019-06-27,,,no score,title,in person,,The Bread Cast,,,,,True,,,,,,,,,,,False
DD,,double,From Sea to Shining McD with Jack Allison,From Sea to Shining McD,Jack Allison,2019-07-02,,,no score,,,,,McDonald's Worldwide Favorite Menu and Fourth of July films,From Sea to Shining McD with Jack Allison,,,False,,,,,,,,,,,False
210,210,main,Starbucks Reserve with Jessica Chaffin,Starbucks Reserve,Jessica Chaffin,2019-07-04,1.17,1.17,,,,,,,Starbucks Reserve with Jessica Chaffin,Starbucks,"Coffee, Bakery & Sweets",False,1.0,2.0,0.5,1.1666666666666667,1.0,2.0,0.5,1.1666666666666667,3.0,3.0,False
DD,,double,Quiznos Quiz Show with Mark Rennie,Quiznos Quiz Show,Mark Rennie,2019-07-09,,,no score,,,,Dinner Is The Movie,Quiznos sandwiches and Quiz Show,Quiznos Quiz Show with Mark Rennie,,,False,,,,,,,,,,,False
211,211,main,"Papa Gino's with John Hodgman, Jean Grae, and Jeff Tweedy",Papa Gino's,"John Hodgman, Jean Grae, and Jeff Tweedy",2019-07-11,2.80,2.8,,notes,in person,"North Adams, MA",,"live from Solid Sound Festival in North Adams, MA","Papa Gino's with John Hodgman, Jean Grae, and Jeff Tweedy",Papa Gino's,Pizza & Italian,True,3.5,4.0,2.1666666666666665,2.8,3.5,4.0,2.1666666666666665,2.8,5.0,5.0,False
DD,,double,Friendly's with John Hodgman & Jean Grae,Friendly's,John Hodgman & Jean Grae,2019-07-16,4.13,4.13,,notes,in person,"North Adams, MA",🔓,"live from Solid Sound Festival in North Adams, MA",Friendly's with John Hodgman & Jean Grae,Friendly's,American & Casual Dining,True,3.5,4.5,4.25,4.125,3.5,4.5,4.25,4.125,4.0,4.0,False
212,212,main,Le Pain Quotidien with Johnny Pemberton,Le Pain Quotidien,Johnny Pemberton,2019-07-18,3.75,3.75,,,,,,"The ""oven fries"" episode",Le Pain Quotidien with Johnny Pemberton,Le Pain Quotidien,"Coffee, Bakery & Sweets",False,3.5,3.75,4.0,3.75,3.5,3.75,4.0,3.75,3.0,3.0,False
DD,,double,Shaq's Shaqting Career with Amir Blumenfeld,Shaq's Shaqting Career,Amir Blumenfeld,2019-07-23,,,no score,,,,Shaq Week / Dinner is the Movie,Kazaam,Shaq's Shaqting Career with Amir Blumenfeld,,,False,,,,,,,,,,,False
213,213,main,Shaquille's with Josh Weiner,Shaquille's,Josh Weiner,2019-07-25,3.83,3.83,,,,,Shaq Week,,Shaquille's with Josh Weiner,Shaquille's,American & Casual Dining,False,4.0,4.0,3.5,3.8333333333333335,4.0,4.0,3.5,3.8333333333333335,3.0,3.0,False
DD,,double,Biggie Feedbag XIII with Yusong Liu & Emma Erdbrink,Biggie Feedbag XIII,Yusong Liu & Emma Erdbrink,2019-07-30,,,no score,,,,📬,Rainbow Dark chips and Doritos Jacked chips,Biggie Feedbag XIII with Yusong Liu & Emma Erdbrink,,,False,,,,,,,,,,,False
214,214,main,Subway 2 with R.J. Fried,Subway,R.J. Fried,2019-08-01,3.25,3.25,,,,,,,Subway 2 with R.J. Fried,Subway,Sandwiches & Subs,False,3.0,3.25,3.5,3.25,3.0,3.25,3.5,3.25,3.0,3.0,False
DD,,double,"Snack Attack with Mac, aka Max Mayer",Snack Attack,"Mac, aka Max Mayer",2019-08-06,,,no score,,,,,"Sour Patch Kid ice cream, Taco Bell chips, a ba-na-na","Snack Attack with Mac, aka Max Mayer",,,False,,,,,,,,,,,False
215,215,main,Del Taco 2 with Kevin Bartelt & Yusong Liu,Del Taco,Kevin Bartelt & Yusong Liu,2019-08-08,4.13,4.13,,,,,,Del Taco's Beyond Meat menu,Del Taco 2 with Kevin Bartelt & Yusong Liu,Del Taco,Mexican,False,5.0,3.5,4.0,4.125,5.0,3.5,4.0,4.125,4.0,4.0,False
DD,,double,Dough and Cait Plus Eggs with Cait Raft,Dough and Cait Plus Eggs,Cait Raft,2019-08-13,,,no score,,,,,,Dough and Cait Plus Eggs with Cait Raft,,,False,,,,,,,,,,,False
216,216,main,Lee's Sandwiches with Ify Nwadiwe,Lee's Sandwiches,Ify Nwadiwe,2019-08-15,4.25,4.25,,,,,,,Lee's Sandwiches with Ify Nwadiwe,Lee's Sandwiches,Sandwiches & Subs,False,4.0,3.75,5.0,4.25,4.0,3.75,5.0,4.25,3.0,3.0,False
DD,,double,Me Talkin' 'Tallica to U? (Me = Wiger),Me Talkin' 'Tallica to U? (Me = Wiger),,2019-08-20,,,no score,,,,📻,Metallica: Kill 'Em All and Grill 'Em All,Me Talkin' 'Tallica to U? (Me = Wiger),,,False,,,,,,,,,,,False
217,217,main,Burger King 3 with Haley Mancini,Burger King,Haley Mancini,2019-08-22,3.67,3.67,,,,,,Burger King's Impossible Burger,Burger King 3 with Haley Mancini,Burger King,Burgers & Hot Dogs,False,3.5,3.5,4.0,3.6666666666666665,3.5,3.5,4.0,3.6666666666666665,3.0,3.0,False
DD,,double,Biggie Feedbag XIV with Yusong Liu & Emma Erdbrink,Biggie Feedbag XIV,Yusong Liu & Emma Erdbrink,2019-08-27,,,no score,,,,📬,,Biggie Feedbag XIV with Yusong Liu & Emma Erdbrink,,,False,,,,,,,,,,,False
218,218,main,Popeyes Louisiana Kitchen 2 with Andrew Ti,Popeyes Louisiana Kitchen,Andrew Ti,2019-08-29,4.67,4.67,,,,,Golden Plate Club,,Popeyes Louisiana Kitchen 2 with Andrew Ti,Popeyes,Chicken,False,5.0,5.0,4.0,4.666666666666667,5.0,5.0,4.0,4.666666666666667,3.0,3.0,False
DD,,double,The Snacklog with Adam Chandler,The Snacklog,Adam Chandler,2019-09-03,,,no score,,,,,,The Snacklog with Adam Chandler,,,False,,,,,,,,,,,False
219,219,main,Ben's Chili Bowl with Christine Nangle & Carl Tart,Ben's Chili Bowl,Christine Nangle & Carl Tart,2019-09-05,4.88,4.88,,title,in person,"Washington, DC",Golden Plate Club,"Feast Coast Tour 2019: live from Washington, DC. Also with guest Stormy Daniels.",Ben's Chili Bowl with Christine Nangle & Carl Tart (LIVE),Ben's Chili Bowl,Burgers & Hot Dogs,True,5.0,5.0,4.75,4.875,5.0,5.0,4.75,4.875,4.0,4.0,False
DD,,double,Comet Ping Pong,Comet Ping Pong,,2019-09-10,3.25,3.25,,,,,,"Feast Coast Tour 2019: from Washington, DC AirBnB.",Feast Coast Tour Diary: Comet Ping Pong,Comet Ping Pong,Pizza & Italian,False,,,,,,,,,2.0,0.0,False
220,220,main,"CAVA with Jamelle Bouie, Carl Tart, and Libby Watson",CAVA,"Jamelle Bouie, Carl Tart, and Libby Watson",2019-09-12,3.38,3.38,,title,in person,"Washington, DC",,"Feast Coast Tour 2019: live from Washington, DC.","CAVA with Jamelle Bouie, Carl Tart, and Libby Watson (LIVE)",CAVA,Mediterranean,True,3.5,3.75,3.25,3.4375,3.5,3.75,3.25,3.4375,4.0,4.0,False
DD,,double,Wawa with Carl Tart & Christine Nangle,Wawa,Carl Tart & Christine Nangle,2019-09-17,4.81,4.81,,title,in person,"Philadelphia, PA","Golden Plate Club
🔓",Feast Coast Tour 2019: live from Philadelphia. Also with guest Jon Taffer.,Wawa with Carl Tart & Christine Nangle (LIVE),Wawa,Other,True,4.5,5.0,4.875,4.8125,4.5,5.0,4.875,4.8125,4.0,4.0,False
221,221,main,Marie Callender's with Scott Aukerman,Marie Callender's,Scott Aukerman,2019-09-19,3.83,3.83,,,,,,,Marie Callender's with Scott Aukerman,Marie Callender's,Breakfast & Diners,False,3.25,3.25,5.0,3.8333333333333335,3.25,3.25,5.0,3.8333333333333335,3.0,3.0,False
DD,,double,Xi'an Famous Foods with Mike Hanford & Paul Rust,Xi'an Famous Foods,Mike Hanford & Paul Rust,2019-09-24,4.58,4.58,,title,in person,"New York, NY",🔓,Feast Coast Tour 2019: live from New York City. Also with guest The Soup Nazi.,Xi'an Famous Foods with Mike Hanford & Paul Rust (LIVE),Xi'an Famous Foods,Asian,True,5.0,5.0,4.15,4.575,5.0,5.0,4.15,4.575,5.0,4.0,False
222,222,main,Rita's Italian Ice with Carl Tart & Christine Nangle,Rita's Italian Ice,Carl Tart & Christine Nangle,2019-09-26,4.19,4.19,,title,in person,"Philadelphia, PA",Golden Plate Club,Feast Coast Tour 2019: live from Philadelphia.,Rita's Italian Ice with Carl Tart & Christine Nangle (LIVE),Rita's Italian Ice,"Coffee, Bakery & Sweets",True,4.0,4.0,4.375,4.1875,4.0,4.0,4.375,4.1875,4.0,4.0,False
DD,,double,World of Coca-Cola,World of Coca-Cola,,2019-10-01,,,no score,,,,🍑 🔓,Octdoughberfest 2019: The Ate-TL,Octdoughberfest 2019: The Ate-TL: World of Coca-Cola,,,False,,,,,,,,,,,False
223,223,main,The Flying Biscuit Cafe with Steve Agee,The Flying Biscuit Cafe,Steve Agee,2019-10-03,3.75,3.75,,,,,🍑 Golden Plate Club,Octdoughberfest 2019: The Ate-TL - rating adjusted and removed from the Golden Plate Club in #224.,The Ate-TL: The Flying Biscuit Cafe with Steve Agee,The Flying Biscuit Cafe,Breakfast & Diners,False,4.0,4.0,4.0,4.0,4.0,4.0,4.0,4.0,3.0,3.0,False
DD,,double,Peaches and Scream with Jen D'Angelo & Samantha Nisenboim,Peaches and Scream,Jen D'Angelo & Samantha Nisenboim,2019-10-08,,,no score,,,,🍑,Octdoughberfest 2019: The Ate-TL - Peach dishes & Mount Scaremore,The Ate-TL: Peaches and Scream with Jen D'Angelo & Samantha Nisenboim,,,False,,,,,,,,,,,False
224,224,main,Moe's Southwest Grill with Mary Lynn Rajskub,Moe's Southwest Grill,Mary Lynn Rajskub,2019-10-10,1.58,1.58,,,,,🍑,Octdoughberfest 2019: The Ate-TL,The Ate-TL: Moe's Southwest Grill with Mary Lynn Rajskub,Moe's Southwest Grill,Mexican,False,1.5,2.25,1.0,1.5833333333333333,1.5,2.25,1.0,1.5833333333333333,3.0,3.0,False
DD,,double,The Doughboys Went Down To Georgia,The Doughboys Went Down To Georgia,,2019-10-15,,,no score,,,,🍑,Octdoughberest 2019: The Ate-TL - hot music from Hot-Lanta,The Ate-TL: The Doughboys Went Down To Georgia,,,False,,,,,,,,,,,False
225,225,main,The Varsity with Joe Saunders,The Varsity,Joe Saunders,2019-10-17,4.50,4.5,,,,,🍑 Golden Plate Club,Octdoughberfest 2019: The Ate-TL,The Ate-TL: The Varsity with Joe Saunders,The Varsity,Burgers & Hot Dogs,False,4.5,4.0,5.0,4.5,4.5,4.0,5.0,4.5,3.0,3.0,False
DD,,double,Deliveryance,Deliveryance,,2019-10-22,,,no score,,,,🍑 Dinner is the Movie,Octdoughberfest 2019: The Ate-TL - Halloween cereals and Deliverance,The Ate-TL: Deliveryance,,,False,,,,,,,,,,,False
226,226,main,Krystal with Sam Richardson,Krystal,Sam Richardson,2019-10-24,2.75,2.75,,,,,🍑,Octdoughberfest 2019: The Ate-TL,The Ate-TL: Krystal with Sam Richardson,Krystal,Burgers & Hot Dogs,False,3.0,2.75,2.5,2.75,3.0,2.75,2.5,2.75,3.0,3.0,False
DD,,double,Biggie Feedbag XV with Yusong Liu & Emma Erdbrink,Biggie Feedbag XV,Yusong Liu & Emma Erdbrink,2019-10-29,,,no score,,,,🍑 📬,Octdoughberfest 2019: The Ate-TL,The Ate-TL: Biggie Feedbag XV with Yusong Liu & Emma Erdbrink,,,False,,,,,,,,,,,False
227,227,main,Cook Out with Jesse Farrar & Mike Hale,Cook Out,Jesse Farrar & Mike Hale,2019-10-31,4.69,4.69,,,,,🍑 Golden Plate Club,Octdoughberfest 2019: The Ate-TL,The Ate-TL: Cook Out with Jesse Farrar & Mike Hale,Cook Out,Burgers & Hot Dogs,False,5.0,4.75,4.5,4.6875,5.0,4.75,4.5,4.6875,4.0,4.0,False
DD,,double,The Twisted World of Pretzels,The Twisted World of Pretzels,,2019-11-05,,,no score,,,,,Burger King's Pretzel Bacon King,The Twisted World of Pretzels,,,False,,,,,,,,,,,False
228,228,main,"White Castle with Mike Hanford, Paul Rust, and Fran Gillespie",White Castle,"Mike Hanford, Paul Rust, and Fran Gillespie",2019-11-07,2.90,2.9,,title,in person,"New York, NY",,Feast Coast Tour 2019: live from New York City.,"White Castle with Mike Hanford, Paul Rust, and Fran Gillespie (LIVE)",White Castle,Burgers & Hot Dogs,True,3.0,3.5,2.6666666666666665,2.9,3.0,3.5,2.6666666666666665,2.9,5.0,5.0,False
DD,,double,Remember Pepperidge Farm? Doughboys Remembers,Remember Pepperidge Farm? Doughboys Remembers,,2019-11-12,,,no score,,,,,Pepperidge Farm snacks,Remember Pepperidge Farm? Doughboys Remembers,,,False,,,,,,,,,,,False
229,229,main,Regina Pizzeria with John Hodgman & Nicole Byer,Regina Pizzeria,John Hodgman & Nicole Byer,2019-11-14,5.00,5.0,,title,in person,"Boston, MA",Platinum Plate Club,Feast Coast Tour 2019: live from Boston.,Regina Pizzeria with John Hodgman & Nicole Byer (LIVE),Regina Pizzeria,Pizza & Italian,True,5.0,5.0,7.5,6.25,5.0,5.0,7.5,6.25,4.0,4.0,False
DD,,double,Let's Faygo with Street Fight Radio with Brett Payne & Bryan Quinby,Let's Faygo,Street Fight Radio with Brett Payne & Bryan Quinby,2019-11-19,,,no score,,,,,Faygo flavors,Let's Faygo with Street Fight Radio with Brett Payne & Bryan Quinby,,,False,,,,,,,,,,,False
230,230,main,99 Restaurant with Nicole Byer & Dano,99 Restaurant,Nicole Byer & Dano,2019-11-21,2.13,2.13,,title,in person,"Boston, MA",,Feast Coast Tour 2019: live from Boston.,99 Restaurant with Nicole Byer & Dano (LIVE),99 Restaurant,American & Casual Dining,True,3.0,3.0,1.25,2.125,3.0,3.0,1.25,2.125,4.0,4.0,False
DD,,double,Garfield's Thanksgiving with Paul Rust,Garfield's Thanksgiving,Paul Rust,2019-11-26,🔓,,no score,,,,Dinner is the Movie,,Garfield's Thanksgiving with Paul Rust,,,False,,,,,,,,,,,False
DD,,double,Biggie Feedbag XVI with Emma Erdbrink,Biggie Feedbag XVI,Emma Erdbrink,2019-12-03,,,no score,,,,📬,,Biggie Feedbag XVI with Emma Erdbrink,,,False,,,,,,,,,,,False
231,231,main,Noah's New York Bagels with Jennie Pierson,Noah's New York Bagels,Jennie Pierson,2019-12-05,2.83,2.83,,,,,,,Noah's New York Bagels with Jennie Pierson,Noah's New York Bagels,"Coffee, Bakery & Sweets",False,3.0,3.0,2.5,2.8333333333333335,3.0,3.0,2.5,2.8333333333333335,3.0,3.0,False
DD,,double,The 12 Days of Christmas Cookies with Ryan Perez,The,Ryan Perez,2019-12-10,,,no score,,,,,Christmas Cookies and Christmas Movies,The 12 Days of Christmas Cookies with Ryan Perez,,,False,,,,,,,,,,,False
232,232,main,Ample Hills Creamery with Jason Sheridan,Ample Hills Creamery,Jason Sheridan,2019-12-12,4.50,4.5,,,,,Creamsmen: The Golden Circle,,Ample Hills Creamery with Jason Sheridan,Ample Hills Creamery,"Coffee, Bakery & Sweets",False,5.0,4.0,4.5,4.5,5.0,4.0,4.5,4.5,3.0,3.0,False
DD,,double,The Doughboys Christmas Singalong!,The Doughboys Christmas Singalong!,,2019-12-17,,,no score,,,,🎄,,The Doughboys Christmas Singalong!,,,False,,,,,,,,,,,False
233,233,main,Steak 'n Shake 4 with Evan Susser,Steak 'n Shake,Evan Susser,2019-12-19,3.75,3.75,,,,,🥩🥤,,Steak 'n Shake 4 with Evan Susser,Steak 'n Shake,Burgers & Hot Dogs,False,3.75,3.75,3.75,3.75,3.75,3.75,3.75,3.75,3.0,3.0,False
DD,,double,It's A Wigerful Life,It's A Wigerful Life,,2019-12-24,🔓,,no score,,,,🎄,Doughboys Holiday Special,It's A Wigerful Life,,,False,,,,,,,,,,,False
DD,,double,Biggie Feedbag XVII with Evan Susser,Biggie Feedbag XVII,Evan Susser,2019-12-31,,,no score,,,,📬,also with Yusong Liu and Emma Erdbrink,Biggie Feedbag XVII with Evan Susser,,,False,,,,,,,,,,,False
DD,,double,Double Stacked Dano,Double Stacked Dano,,2020-01-07,,,no score,,,,,,Double Stacked Dano,,,False,,,,,,,,,,,False
DD,,double,Star Boys Episode IX: The Rise of Dough,Star Boys Episode IX: The Rise of Dough,,2020-01-14,,,no score,,,,Dinner is the Movie,Star Wars: Episode IX – The Rise of Skywalker,Star Boys Episode IX: The Rise of Dough,,,False,,,,,,,,,,,False
234,234,main,Harold's Chicken Shack with Jacquis Neal,Harold's Chicken Shack,Jacquis Neal,2020-01-16,4.67,4.67,,,,,Golden Plate Club,,Harold's Chicken Shack with Jacquis Neal,Harold's Chicken Shack,Chicken,False,4.5,4.5,5.0,4.666666666666667,4.5,4.5,5.0,4.666666666666667,3.0,3.0,False
DD,,double,Biggie Feedbag XVIII with Mars Melnyk,Biggie Feedbag XVIII,Mars Melnyk,2020-01-21,,,no score,,,,📬,,Biggie Feedbag XVIII with Mars Melnyk,,,False,,,,,,,,,,,False
235,235,main,Culver's with Carl Tart,Culver's,Carl Tart,2020-01-23,5.00,5.0,,notes,in person,"Milwaukee, WI",Platinum Plate Club,"live from Milwaukee, WI",Culver's with Carl Tart,Culver's,Burgers & Hot Dogs,True,5.0,5.0,5.0,5.0,5.0,5.0,5.0,5.0,3.0,3.0,False
DD,,double,National Coney Island with Carl Tart,National Coney Island,Carl Tart,2020-01-28,4.25,4.25,,notes,in person,"Detroit, MI",Golden Plate Club,"live from Detroit, MI",National Coney Island with Carl Tart,National Coney Island,Burgers & Hot Dogs,True,4.0,4.75,4.0,4.25,4.0,4.75,4.0,4.25,3.0,3.0,False
236,236,main,Swensons with Carl Tart,Swensons,Carl Tart,2020-01-30,5.00,5.0,,notes,in person,"Cleveland, OH",Platinum Plate Club,"live from Cleveland, OH",Swensons with Carl Tart,Swensons,Burgers & Hot Dogs,True,5.0,5.0,5.0,5.0,5.0,5.0,5.0,5.0,3.0,3.0,False
DD,,double,Buff Fries and Tiny Tacos with Matty Smith,Buff Fries and Tiny Tacos,Matty Smith,2020-02-04,,,no score,,,,,,Buff Fries and Tiny Tacos with Matty Smith,,,False,,,,,,,,,,,False
237,237,main,Boudin Bakery with The Sloppy Boys,Boudin Bakery,The Sloppy Boys,2020-02-06,2.30,2.3,,notes,in person,"San Francisco, CA",,"Bistro Boudin; live from San Francisco, CA",Boudin Bakery with The Sloppy Boys,Boudin Bakery,"Coffee, Bakery & Sweets",True,1.5,2.0,2.6666666666666665,2.3,1.5,2.0,2.6666666666666665,2.3,5.0,5.0,False
DD,,double,Rock Hard Seltzer with Marisa Pinson,Rock Hard Seltzer,Marisa Pinson,2020-02-11,🔓,,no score,,,,,,Rock Hard Seltzer with Marisa Pinson,,,False,,,,,,,,,,,False
238,238,main,Ezell's with Toni Charline Ramos,Ezell's,Toni Charline Ramos,2020-02-13,4.39,4.39,,notes,in person,"Seattle, WA",Golden Plate Club,"live from Seattle, WA",Ezell's with Toni Charline Ramos,Ezell's,Chicken,True,5.0,4.0,4.17,4.39,5.0,4.0,4.17,4.39,3.0,3.0,False
DD,,double,I Like Ike's with Ike Shehadeh,I Like Ike's,Ike Shehadeh,2020-02-18,,,no score,,,,,,I Like Ike's with Ike Shehadeh,,,False,,,,,,,,,,,False
239,239,main,The Habit with Emmy Blotnick,The Habit,Emmy Blotnick,2020-02-20,3.17,3.17,,,,,,,The Habit with Emmy Blotnick,The Habit,Burgers & Hot Dogs,False,3.0,3.5,3.0,3.1666666666666665,3.0,3.5,3.0,3.1666666666666665,3.0,3.0,False
DD,,double,Lunar Chew Year with Yusong Liu,Lunar Chew Year,Yusong Liu,2020-02-25,,,no score,,,,,Chinese snacks,Lunar Chew Year with Yusong Liu,,,False,,,,,,,,,,,False
240,240,main,A&W Canada with Jessica McKenna and Zach Reino,A&W Canada,Jessica McKenna and Zach Reino,2020-02-27,5.00,5.0,,title,in person,"Vancouver, BC",Platinum Plate Club,"live from Vancouver, BC",A&W Canada with Jessica McKenna and Zach Reino (LIVE),A&W,Burgers & Hot Dogs,True,5.0,5.0,5.0,5.0,5.0,5.0,5.0,5.0,4.0,4.0,False
DD,,double,Supersize Tuesday with Evan Susser,Supersize Tuesday,Evan Susser,2020-03-03,,,no score,,,,🍟,Tournament of Chompions: Mac Attack: Bracket Announcement and Eat-In Match-Ups,Munch Madness: Supersize Tuesday with Evan Susser,,,False,,,,,,,,,,,False
241,241,main,Round of 64 with Jon Gabrus,Round of,Jon Gabrus,2020-03-05,,,no score,,,,🍟,Munch Madness: Tournament of Chompions: Mac Attack,Munch Madness: McDonald's - Round of 64 with Jon Gabrus,,,False,,,,,,,,,,,False
DD,,double,Round of 32 (Part 1) with John Gemberling,Round of,John Gemberling,2020-03-10,,,no score,,,,🍟,Munch Madness: Tournament of Chompions: Mac Attack,McDonald's Round of 32 (Part 1) with John Gemberling,,,False,,,,,,,,,,,False
242,242,main,Round of 32 (Part 2) with Paul F. Tompkins,Round of,Paul F. Tompkins,2020-03-12,,,no score,,,,🍟,Munch Madness: Tournament of Chompions: Mac Attack,McDonald's Round of 32 (Part 2) with Paul F. Tompkins,,,False,,,,,,,,,,,False
DD,,double,Eat 16 with Lamar Woods,Eat,Lamar Woods,2020-03-17,,,no score,,,,🍟,Munch Madness: Tournament of Chompions: Mac Attack,McDonald's Eat 16 with Lamar Woods,,,False,,,,,,,,,,,False
243,243,main,Elite Ate with Nicole Byer,Elite Ate,Nicole Byer,2020-03-19,,,no score,,,,🍟,Munch Madness: Tournament of Chompions: Mac Attack,McDonald's - Elite Ate with Nicole Byer,,,False,,,,,,,,,,,False
DD,,double,Fat Chance Kitchen with Claudia O'Doherty,Fat Chance Kitchen,Claudia O'Doherty,2020-03-24,,,no score,,,,🍟,Munch Madness: Tournament of Chompions: Mac Attack,McDonald's Fat Chance Kitchen with Claudia O'Doherty,,,False,,,,,,,,,,,False
244,244,main,McDonald's Chompionship with Don't Stop or We'll Die,McDonald's Chompionship,Don't Stop or We'll Die,2020-03-26,,,no score,,,,🍟,Munch Madness: Tournament of Chompions: Finale (with Paul Rust and Michael Cassady),McDonald's Chompionship with Don't Stop or We'll Die,,,False,,,,,,,,,,,False
DD,,double,Biggie Feedbag XVIIII with Yusong Liu,Biggie Feedbag XVIIII,Yusong Liu,2020-03-31,🔓,,no score,,,,📬,,Biggie Feedbag XVIIII with Yusong Liu,,,False,,,,,,,,,,,False
245,245,main,Crown Burgers with Betsy Sodaro,Crown Burgers,Betsy Sodaro,2020-04-02,4.17,4.17,,title,in person,"Salt Lake City, UT",Golden Plate Club,"live from Salt Lake City, UT",Crown Burgers with Betsy Sodaro (Live),Crown Burgers,Burgers & Hot Dogs,True,4.0,4.0,4.5,4.166666666666667,4.0,4.0,4.5,4.166666666666667,3.0,3.0,False
DD,,double,Bloodshot Mary's,Bloodshot Mary's,,2020-04-07,,,no score,,,,Dinner is the Movie,Bloodshot,Bloodshot Mary's,,,False,,,,,,,,,,,False
246,246,main,Good Times Burgers with Betsy Sodaro,Good Times Burgers,Betsy Sodaro,2020-04-09,4.83,4.83,,title,in person,"Denver, CO",Golden Plate Club,"live from Denver, CO",Good Times Burgers with Betsy Sodaro (Live),Good Times Burgers,Burgers & Hot Dogs,True,4.5,5.0,5.0,4.833333333333333,4.5,5.0,5.0,4.833333333333333,3.0,3.0,False
DD,,double,Animal Crossing: Chew Horizons,Animal Crossing: Chew Horizons,,2020-04-14,,,no score,,,,,,Animal Crossing: Chew Horizons,,,False,,,,,,,,,,,False
247,247,main,Honeybaked Ham with Kevin T. Porter,Honeybaked Ham,Kevin T. Porter,2020-04-16,3.92,3.92,,,,,,,Honeybaked Ham with Kevin T. Porter,Honeybaked Ham,Sandwiches & Subs,False,4.0,3.75,4.0,3.9166666666666665,4.0,3.75,4.0,3.9166666666666665,3.0,3.0,False
DD,,double,Freezeezy Speak with Jason Sheridan,Freezeezy Speak,Jason Sheridan,2020-04-21,,,no score,,,,,draft of frozen foods,Freezeezy Speak with Jason Sheridan,,,False,,,,,,,,,,,False
248,248,main,Pizza Hut 2 with Jen D'Angelo,Pizza Hut,Jen D'Angelo,2020-04-23,2.08,2.08,,,,,,,Pizza Hut 2 with Jen D'Angelo,Pizza Hut,Pizza & Italian,False,3.0,2.25,1.0,2.0833333333333335,3.0,2.25,1.0,2.0833333333333335,3.0,3.0,False
DD,,double,Biggie Feedbag XX with Yusong Liu,Biggie Feedbag XX,Yusong Liu,2020-04-28,,,no score,,,,📬,,Biggie Feedbag XX with Yusong Liu,,,False,,,,,,,,,,,False
249,249,main,Chipotle 3 with Alan Aisenberg and Mike Castle,Chipotle,Alan Aisenberg and Mike Castle,2020-04-30,3.16,3.16,,,,,,,Chipotle 3 with Alan Aisenberg and Mike Castle,Chipotle,Mexican,False,3.25,2.9,3.25,3.1625,3.25,2.9,3.25,3.1625,4.0,4.0,False
DD,,double,Tombstone (the movie) with Blank Check,Tombstone (the movie),Blank Check,2020-05-05,,,no score,,,,🪦,Tombstone Week with Griffin Newman and David Sims,Tombstone (the movie) with Blank Check,,,False,,,,,,,,,,,False
250,250,main,Tombstone (the pizza) with Blank Check,Tombstone (the pizza),Blank Check,2020-05-07,4.31,4.31,,,,,🪦 🥶 Frozen Plate Club,Tombstone Week with Griffin Newman and David Sims; Topical Freeze,Tombstone (the pizza) with Blank Check,Tombstone,Pizza & Italian,False,4.0,3.75,4.625,4.25,4.0,4.0,4.625,4.3125,4.0,4.0,True
DD,,double,Steak Out with Cody Ziglar,Steak Out,Cody Ziglar,2020-05-12,,,no score,,,,,,Steak Out with Cody Ziglar,,,False,,,,,,,,,,,False
251,251,main,Tina's Burritos with Jamelle Bouie,Tina's Burritos,Jamelle Bouie,2020-05-14,3.08,3.08,,,,,🥶,Topical Freeze,Topical Freeze: Tina's Burritos with Jamelle Bouie,Tina's Burritos,Mexican,False,2.75,4.0,2.5,3.0833333333333335,2.75,4.0,2.5,3.0833333333333335,3.0,3.0,False
DD,,double,The Scale,The Scale,,2020-05-19,🔓,,no score,,,,a momentous event,with Emma Erdbrink,The Scale,,,False,,,,,,,,,,,False
252,252,main,Ore-Ida with Jason Mantzoukas,Ore-Ida,Jason Mantzoukas,2020-05-21,3.17,3.17,,,,,🥶,Topical Freeze,Topical Freeze: Ore-Ida with Jason Mantzoukas,Ore-Ida,Other,False,3.0,4.0,2.5,3.1666666666666665,3.0,4.0,2.5,3.1666666666666665,3.0,3.0,False
DD,,double,Biggie Feedbag XXI with Yusong Liu,Biggie Feedbag XXI,Yusong Liu,2020-05-26,,,no score,,,,📬,with Emma Erdbrink,Biggie Feedbag XXI with Yusong Liu,,,False,,,,,,,,,,,False
253,253,main,Marie Callender's Meals with Cat Solen,Marie Callender's Meals,Cat Solen,2020-05-28,2.79,2.79,,,,,🥶,Topical Freeze,Topical Freeze: Marie Callender's Meals with Cat Solen,Marie Callender's (frozen),Other,False,2.88,3.0,2.5,2.793333333333333,2.88,3.0,2.5,2.793333333333333,3.0,3.0,False
DD,,double,Jawin' About Jaws,Jawin' About Jaws,,2020-06-03,,,no score,,,,Dinner is the Movie,Jaws,Jawin' About Jaws,,,False,,,,,,,,,,,False
254,254,main,Unlocked! The Scale,Unlocked! The Scale,,2020-06-04,,,no score,,,,,The Scale,Unlocked! The Scale,,,False,,,,,,,,,,,False
DD,,double,U Talkin' DMB 2 Me? - Deep Tracks Only!,U Talkin' DMB,,2020-06-09,,,no score,,,,,with Dave Ferguson,U Talkin' DMB 2 Me? - Deep Tracks Only!,,,False,,,,,,,,,,,False
255,255,main,Chili's 2 with Joey Janela,Chili's,Joey Janela,2020-06-11,3.00,3.0,,,,,,Chili's To Go menu,Chili's 2 with Joey Janela,Chili's,American & Casual Dining,False,3.0,3.0,3.0,3.0,3.0,3.0,3.0,3.0,3.0,3.0,False
DD,,double,Blimey! It's A Quiz Innit? with Libby Watson,Blimey! It's A Quiz Innit?,Libby Watson,,,,no score,,,,,,Blimey! It's A Quiz Innit? with Libby Watson,,,False,,,,,,,,,,,False
256,256,main,Marco's Pizza with Jon Daly,Marco's Pizza,Jon Daly,2020-06-18,3.25,3.25,,,,,,,Marco's Pizza with Jon Daly,Marco's Pizza,Pizza & Italian,False,3.0,4.0,2.75,3.25,3.0,4.0,2.75,3.25,3.0,3.0,False
DD,,double,Mount Slushmore with Santina Muha,Mount Slushmore,Santina Muha,2020-06-23,,,no score,,,,,Frozen Drinks,Mount Slushmore with Santina Muha,,,False,,,,,,,,,,,False
257,257,main,Dog Haus with Dani Fernandez,Dog Haus,Dani Fernandez,2020-06-25,4.17,4.17,,,,,Golden Plate Club,,Dog Haus with Dani Fernandez,Dog Haus,Burgers & Hot Dogs,False,4.0,4.5,4.0,4.166666666666667,4.0,4.5,4.0,4.166666666666667,3.0,3.0,False
DD,,double,Biggie Feedbag XXII,Biggie Feedbag XXII,,2020-06-30,,,no score,,,,📬,with Yusong Liu and Emma Erdbrink,Biggie Feedbag XXII,,,False,,,,,,,,,,,False
258,258,main,Trader Joe's with John Hodgman and David Rees,Trader Joe's,John Hodgman and David Rees,2020-07-02,3.81,3.81,,,,,🛒,Friendly Green Grocer Mitch's Grocery Store Month,Trader Joe's with John Hodgman and David Rees,Trader Joe's,Other,False,3.75,3.75,3.875,3.8125,3.75,3.75,3.875,3.8125,4.0,4.0,False
DD,,double,The Great Ice Cream Sandwich Competition with Samantha Nisenboim,The Great Ice Cream Sandwich Competition,Samantha Nisenboim,2020-07-07,,,no score,,,,🛒,Friendly Green Grocer Mitch's Grocery Store Month,The Great Ice Cream Sandwich Competition with Samantha Nisenboim,,,False,,,,,,,,,,,False
259,259,main,Whole Foods with Fran Gillespie,Whole Foods,Fran Gillespie,2020-07-09,1.83,1.83,,,,,🛒,Friendly Green Grocer Mitch's Grocery Store Month,Whole Foods with Fran Gillespie,Whole Foods,Other,False,1.75,2.25,1.5,1.8333333333333333,1.75,2.25,1.5,1.8333333333333333,3.0,3.0,False
DD,,double,Stephen King's Sierra Mist with Joan Ford,Stephen King's Sierra Mist,Joan Ford,2020-07-14,,,no score,,,,🛒 Dinner is the Movie,Friendly Green Grocer Mitch's Grocery Store Month; The Mist,Stephen King's Sierra Mist with Joan Ford,,,False,,,,,,,,,,,False
260,260,main,Costco with Griffin Newman,Costco,Griffin Newman,2020-07-16,5.00,5.0,,,,,🛒 Platinum Cart Club,Friendly Green Grocer Mitch's Grocery Store Month,Costco with Griffin Newman,Costco,Other,False,5.0,5.0,5.0,5.0,5.0,5.0,5.0,5.0,3.0,3.0,False
DD,,double,Checkout Aisle Bounty with Lauren McGuire,Checkout Aisle Bounty,Lauren McGuire,2020-07-21,,,no score,,,,🛒,Friendly Green Grocer Mitch's Grocery Store Month,Checkout Aisle Bounty with Lauren McGuire,,,False,,,,,,,,,,,False
261,261,main,Albertson's with Raj Desai,Albertson's,Raj Desai,2020-07-23,3.00,3.0,,,,,🛒,Friendly Green Grocer Mitch's Grocery Store Month,Albertson's with Raj Desai,Albertson's,Other,False,3.0,3.25,2.75,3.0,3.0,3.25,2.75,3.0,3.0,3.0,False
DD,,double,Biggie Feedbag XXIII,Biggie Feedbag XXIII,,2020-07-28,,,no score,,,,🛒 📬,Friendly Green Grocer Mitch's Grocery Store Month,Biggie Feedbag XXIII,,,False,,,,,,,,,,,False
262,262,main,Kroger with Dave King and Esther Povitsky,Kroger,Dave King and Esther Povitsky,2020-07-30,1.56,1.56,,,,,🛒,Friendly Green Grocer Mitch's Grocery Store Month,Kroger with Dave King and Esther Povitsky,Kroger,Other,False,2.0,1.25,1.5,1.5625,2.0,1.25,1.5,1.5625,4.0,4.0,False
DD,,double,Goldstein & Gasol & Mitchell & Wiger with Pablo Goldstein,Goldstein & Gasol & Mitchell & Wiger,Pablo Goldstein,2020-08-04,,,no score,,,,,,Goldstein & Gasol & Mitchell & Wiger with Pablo Goldstein,,,False,,,,,,,,,,,False
263,263,main,Wendy's Breakfast with The Sloppy Boys,Wendy's Breakfast,The Sloppy Boys,2020-08-06,3.20,3.2,,,,,,,Wendy's Breakfast with The Sloppy Boys,Wendy's,Burgers & Hot Dogs,False,4.0,4.0,2.6666666666666665,3.2,4.0,4.0,2.6666666666666665,3.2,5.0,5.0,False
DD,,double,Puppa Shaq's with Albert Corado,Puppa Shaq's,Albert Corado,2020-08-11,🔓,,no score,,,,,Papa John's Shaq-a-Roni,Puppa Shaq's with Albert Corado,,,False,,,,,,,,,,,False
264,264,main,Bonchon Chicken with Ed Zitron,Bonchon Chicken,Ed Zitron,2020-08-13,5.33,5.33,,,,,Platinum Plate Club,Mitch's 6 Fork Rating,Bonchon Chicken with Ed Zitron,Bonchon Chicken,Chicken,False,5.0,6.0,5.0,5.333333333333333,5.0,6.0,5.0,5.333333333333333,3.0,3.0,False
DD,,double,Biggie Feedbag XXIV,Biggie Feedbag XXIV,,2020-08-18,,,no score,,,,📬,,Biggie Feedbag XXIV,,,False,,,,,,,,,,,False
265,265,main,Buffalo Wild Wings 2 with Leslie Lee III,Buffalo Wild Wings,Leslie Lee III,2020-08-20,3.00,3.0,,,,,Golden Plate Club,,Buffalo Wild Wings 2 with Leslie Lee III,Buffalo Wild Wings,Chicken,False,3.0,3.5,2.5,3.0,3.0,3.5,2.5,3.0,3.0,3.0,False
DD,,double,Ungapopsicles with Emmy Blotnick,Ungapopsicles,Emmy Blotnick,2020-08-25,,,no score,,,,,,Ungapopsicles with Emmy Blotnick,,,False,,,,,,,,,,,False
266,266,main,Mooby's with Eva Anderson,Mooby's,Eva Anderson,2020-08-27,0.17,0.17,,,,,,also Mooby calls the show,Mooby's with Eva Anderson,Mooby's,Burgers & Hot Dogs,False,0.5,-1.0,1.0,0.16666666666666666,0.5,-1.0,1.0,0.16666666666666666,3.0,3.0,False
DD,,double,The Solo Snacklog,The Solo Snacklog,,2020-09-01,,,no score,,,,,with Emma Erdbrink,The Solo Snacklog,,,False,,,,,,,,,,,False
267,267,main,Potbelly Sandwich Shop with Colt Cabana,Potbelly Sandwich Shop,Colt Cabana,2020-09-03,3.67,3.67,,,,,,,Potbelly Sandwich Shop with Colt Cabana,Potbelly Sandwich Shop,Sandwiches & Subs,False,4.0,4.0,3.5,3.8333333333333335,4.0,4.0,3.5,3.8333333333333335,3.0,3.0,False
DD,,double,Where Everybody Doughs Your Name with Maggie Monahan,Where Everybody Doughs Your Name,Maggie Monahan,2020-09-08,🔓,,no score,,,,👨‍✈️📺,Doughboys Pilot Program: Cheers,Where Everybody Doughs Your Name with Maggie Monahan,,,False,,,,,,,,,,,False
268,268,main,Blaze Pizza with Eliza Skinner,Blaze Pizza,Eliza Skinner,2020-09-10,2.17,2.17,,,,,,,Blaze Pizza with Eliza Skinner,Blaze Pizza,Pizza & Italian,False,2.5,2.0,2.0,2.1666666666666665,2.5,2.0,2.0,2.1666666666666665,3.0,3.0,False
DD,,double,Me Talkin' 'Tallica 2 U? (Me = Wiger) (U = Mitch) - S&M2 Review,Me Talkin' 'Tallica,,2020-09-15,,,no score,,,,📻,Metallica,Me Talkin' 'Tallica 2 U? (Me = Wiger) (U = Mitch) - S&M2 Review,,,False,,,,,,,,,,,False
269,269,main,In-N-Out Burger 3 with Rob Lowe,In-N-Out Burger,Rob Lowe,2020-09-17,5.00,5.0,,,,,Platinum Plate Club,,In-N-Out Burger 3 with Rob Lowe,In-N-Out Burger,Burgers & Hot Dogs,False,5.0,5.0,5.0,5.0,5.0,5.0,5.0,5.0,3.0,3.0,False
DD,,double,Shake It Up with Joel Boyd,Shake It Up,Joel Boyd,2020-09-22,,,no score,,,,,,Shake It Up with Joel Boyd,,,False,,,,,,,,,,,False
270,270,main,The Cheesecake Factory 2 with Arden Myrin,The Cheesecake Factory,Arden Myrin,2020-09-24,5.00,5.0,,,,,Platinum Plate Club,,The Cheesecake Factory 2 with Arden Myrin,The Cheesecake Factory,American & Casual Dining,False,,5.0,5.0,5.0,,5.0,5.0,5.0,3.0,3.0,False
DD,,double,Biggie Feedbag XXV,Biggie Feedbag XXV,,2020-09-29,,,no score,,,,📬,"with Yusong Liu, Emma Erdbrink, and Evan Susser",Biggie Feedbag XXV,,,False,,,,,,,,,,,False
271,271,main,IHOP 4 with Dan Ahdoot,IHOP,Dan Ahdoot,2020-10-01,2.50,2.5,,,,,🕰️,"Rockaroundtheclock
doughberfest 🐔🐺",IHOP 4 with Dan Ahdoot,IHOP,Breakfast & Diners,False,2.5,3.0,2.0,2.5,2.5,3.0,2.0,2.5,3.0,3.0,False
DD,,double,Energy Drinks vs. Hot Brown with Kelly Nugent,Energy Drinks vs. Hot Brown,Kelly Nugent,2020-10-06,,,no score,,,,🕰️,"Rockaroundtheclock
doughberfest 🐺",Energy Drinks vs. Hot Brown with Kelly Nugent,,,False,,,,,,,,,,,False
272,272,main,ampm with Sierra Katow,ampm,Sierra Katow,2020-10-08,3.25,3.25,,,,,🕰️,"Rockaroundtheclock
doughberfest 🐔",ampm with Sierra Katow,ampm,Other,False,3.25,3.0,3.5,3.25,3.25,3.0,3.5,3.25,3.0,3.0,False
DD,,double,"Diners, Drive-ins and Dough with Mary Sasson","Diners, Drive-ins and Dough",Mary Sasson,2020-10-13,,,no score,,,,🕰️ 👨‍✈️📺,"Rockaroundtheclock
doughberfest - Doughboys Pilot Program: Happy Days","Diners, Drive-ins and Dough with Mary Sasson",,,False,,,,,,,,,,,False
273,273,main,Denny's 3 with Shaun Diston,Denny's,Shaun Diston,2020-10-15,3.25,3.25,,,,,🕰️ Hand-holding Club,"Rockaroundtheclock
doughberfest 🐔",Denny's 3 with Shaun Diston,Denny's,Breakfast & Diners,False,3.25,3.25,3.25,3.25,3.25,3.25,3.25,3.25,3.0,3.0,False
DD,,double,Doughboys After Dark with Marisa Pinson & David Neher,Doughboys After Dark,Marisa Pinson & David Neher,2020-10-20,,,no score,,,,🕰️,"Rockaroundtheclock
doughberfest 🐺",Doughboys After Dark with Marisa Pinson & David Neher,,,False,,,,,,,,,,,False
274,274,main,7-Eleven 2 with Jason Woliner,7-Eleven,Jason Woliner,2020-10-22,2.50,2.5,,,,,🕰️,"Rockaroundtheclock
dougbherfest 🐺🦉",7-Eleven 2 with Jason Woliner,7-Eleven,Other,False,2.5,3.0,2.0,2.5,2.5,3.0,2.0,2.5,3.0,3.0,False
DD,,double,The Doughboys Delivery Line,The Doughboys Delivery Line,,2020-10-27,,,no score,,,,🕰️ ☎️,"Rockaroundtheclock
doughberfest",The Doughboys Delivery Line,,,False,,,,,,,,,,,False
275,275,main,Dunkin' 2 with Mookie Blaiklock,Dunkin',Mookie Blaiklock,2020-10-29,4.50,4.5,,,,,🕰️ Golden Plate Club,"Rockaroundtheclock
doughberfest 🐔",Dunkin' 2 with Mookie Blaiklock,Dunkin',"Coffee, Bakery & Sweets",False,4.0,5.0,4.5,4.5,4.0,5.0,4.5,4.5,4.0,4.0,False
DD,,double,Nothing Wrong With Rax with Stoney Sharp,Nothing Wrong With Rax,Stoney Sharp,2020-11-03,,,no score,,,,,,Nothing Wrong With Rax with Stoney Sharp,,,False,,,,,,,,,,,False
276,276,main,Paris Baguette with Lesley Tsina,Paris Baguette,Lesley Tsina,2020-11-05,3.83,3.83,,,,,,,Paris Baguette with Lesley Tsina,Paris Baguette,"Coffee, Bakery & Sweets",False,4.0,4.0,3.5,3.8333333333333335,4.0,4.0,3.5,3.8333333333333335,3.0,3.0,False
DD,,double,Danksgiving with Mary Jane Gibson & Mike Glazer,Danksgiving,Mary Jane Gibson & Mike Glazer,2020-11-10,,,no score,,,,🌿,,Danksgiving with Mary Jane Gibson & Mike Glazer,,,False,,,,,,,,,,,False
277,277,main,Boston Market 2 with Dewayne Perkins,Boston Market,Dewayne Perkins,2020-11-12,3.50,3.5,,,,,,,Boston Market 2 with Dewayne Perkins,Boston Market,Chicken,False,3.0,3.5,4.0,3.5,3.0,3.5,4.0,3.5,3.0,3.0,False
DD,,double,Mash-Off 3: Rise of the Mashines with Eva Anderson and Mike Hanford,Mash-Off,Eva Anderson and Mike Hanford,2020-11-17,,,no score,,,,🥔,Thanksgiving,Mash-Off 3: Rise of the Mashines with Eva Anderson and Mike Hanford,,,False,,,,,,,,,,,False
278,278,main,Burger King 4 with Don't Stop or We'll Die,Burger King,Don't Stop or We'll Die,2020-11-19,3.94,3.94,,,,,,Michael Cassady and Paul Rust,Burger King 4 with Don't Stop or We'll Die,Burger King,Burgers & Hot Dogs,False,4.0,4.0,3.875,3.9375,4.0,4.0,3.875,3.9375,4.0,4.0,False
DD,,double,Biggie Feedbag XXVI,Biggie Feedbag XXVI,,2020-11-24,,,no score,,,,📬,Yusong Liu and Emma Erdbrink,Biggie Feedbag XXVI,,,False,,,,,,,,,,,False
DD,,double,Tossed Salads and Scrambled Egg Nog with Dan Lippert,Tossed Salads and Scrambled Egg Nog,Dan Lippert,2020-12-01,,,no score,,,,👨‍✈️📺,Doughboys Pilot Program: Frasier,Tossed Salads and Scrambled Egg Nog with Dan Lippert,,,False,,,,,,,,,,,False
279,279,main,Peet's Coffee with Chelsea Peretti,Peet's Coffee,Chelsea Peretti,2020-12-03,3.08,3.08,,,,,,,Peet's Coffee with Chelsea Peretti,Peet's Coffee,"Coffee, Bakery & Sweets",False,3.0,2.75,3.5,3.0833333333333335,3.0,2.75,3.5,3.0833333333333335,3.0,3.0,False
DD,,double,Pizza Heaven with Dano,Pizza Heaven,Dano,2020-12-08,,,no score,,,,,New Haven and South Shore pizza tours,Pizza Heaven with Dano,,,False,,,,,,,,,,,False
280,280,main,Domino's 2 with Jamelle Bouie,Domino's,Jamelle Bouie,2020-12-10,3.25,3.25,,,,,,,Domino's 2 with Jamelle Bouie,Domino's,Pizza & Italian,False,4.0,3.5,2.75,3.25,4.0,3.5,2.75,3.25,4.0,4.0,False
DD,,double,A Garfield Christmas Special with Paul Rust,A Garfield Christmas Special,Paul Rust,2020-12-15,,,no score,,,,Dinner is the Movie,,A Garfield Christmas Special with Paul Rust,,,False,,,,,,,,,,,False
281,281,main,Steak 'n Shake 5 with Evan Susser,Steak 'n Shake,Evan Susser,2020-12-17,,,no score,,,,🥩🥤,The Glow Up episode,Steak 'n Shake 5 with Evan Susser,Steak 'n Shake,Burgers & Hot Dogs,False,,,,,,,,,,,False
DD,,double,Wige Hard,Wige Hard,,2020-12-22,,,no score,,,,🎄,Doughboys Holiday Special,Wige Hard: A Doughboys Holiday Special,,,False,,,,,,,,,,,False
DD,,double,The Doughboys Delivery Line 2,The Doughboys Delivery Line,,2020-12-29,,,no score,,,,☎️,,The Doughboys Delivery Line 2,,,False,,,,,,,,,,,False
DD,,double,Pring in the New Year with Emma Erdbrink,Pring in the New Year,Emma Erdbrink,2021-01-05,,,no score,,,,,Pringles,Pring in the New Year with Emma Erdbrink,,,False,,,,,,,,,,,False
282,282,main,Panera Bread 2 with Monica Ruiz and Chris O'Malley,Panera Bread,Monica Ruiz and Chris O'Malley,2021-01-07,3.98,3.98,,,,,,,Panera Bread 2 with Monica Ruiz and Chris O'Malley,Panera Bread,Sandwiches & Subs,False,4.0,3.9,4.0,3.975,4.0,3.9,4.0,3.975,4.0,4.0,False
DD,,double,The Drop-Off with Emma Erdbrink and Robert Persinger,The Drop-Off,Emma Erdbrink and Robert Persinger,2021-01-12,,,no score,,,,🚽,Drop competition,The Drop-Off with Emma Erdbrink and Robert Persinger,,,False,,,,,,,,,,,False
283,283,main,Jersey Mike's 2 with Jon Daly,Jersey Mike's,Jon Daly,2021-01-14,4.17,4.17,,,,,Golden Plate Club,,Jersey Mike's 2 with Jon Daly,Jersey Mike's,Sandwiches & Subs,False,4.5,4.0,4.0,4.166666666666667,4.5,4.0,4.0,4.166666666666667,3.0,3.0,False
DD,,double,Biggie Feedbag XXVII,Biggie Feedbag XXVII,,2021-01-19,,,no score,,,,📬,Yusong Liu and Emma Erdbrink,Biggie Feedbag XXVII,,,False,,,,,,,,,,,False
284,284,main,Popeyes Louisiana Kitchen 3 with Phil Rosenthal,Popeyes Louisiana Kitchen,Phil Rosenthal,2021-01-21,4.50,4.5,,,,,Golden Plate Club,with John Hodgman and Emma Erdbrink,Popeyes Louisiana Kitchen 3 with Phil Rosenthal,Popeyes,Chicken,False,5.0,5.0,3.5,4.5,5.0,5.0,3.5,4.5,3.0,3.0,False
DD,,double,Combos Nation with Marcy Jarreau,Combos Nation,Marcy Jarreau,2021-01-26,,,no score,,,,,,Combos Nation with Marcy Jarreau,,,False,,,,,,,,,,,False
285,285,main,Subway 3 with Sean Clements & Hayes Davenport,Subway,Sean Clements & Hayes Davenport,2021-01-28,3.06,3.06,,,,,,with Kevin Bartelt; debut of Mr. Slice,Subway 3 with Sean Clements & Hayes Davenport,Subway,Sandwiches & Subs,False,2.5,,3.25,3.0625,2.5,,3.25,3.0625,4.0,4.0,False
DD,,double,The Doughpranos with Jon Gabrus,The Doughpranos,Jon Gabrus,2021-02-02,,,no score,,,,👨‍✈️📺,Doughboys Pilot Program: The Sopranos,The Doughpranos with Jon Gabrus,,,False,,,,,,,,,,,False
286,286,main,Panda Express 3 with Oscar Montoya,Panda Express,Oscar Montoya,2021-02-04,3.75,3.75,,,,,,,Panda Express 3 with Oscar Montoya,Panda Express,Asian,False,3.75,4.0,3.5,3.75,3.75,4.0,3.5,3.75,3.0,3.0,False
DD,,double,Water 2: Ice with Jacquis Neal,Water,Jacquis Neal,2021-02-09,,,no score,,,,💧,,Water 2: Ice with Jacquis Neal,,,False,,,,,,,,,,,False
287,287,main,Five Guys 2 with Andy Daly,Five Guys,Andy Daly,2021-02-11,2.67,2.67,,,,,,,Five Guys 2 with Andy Daly,Five Guys,Burgers & Hot Dogs,False,3.5,3.5,1.0,2.6666666666666665,3.5,3.5,1.0,2.6666666666666665,3.0,3.0,False
DD,,double,Gremlins in the Wires with Nicole Byer,Gremlins in the Wires,Nicole Byer,2021-02-16,,,no score,,,,,Dinner is the Movie: Gremlins 2: The New Batch,Gremlins in the Wires with Nicole Byer,,,False,,,,,,,,,,,False
288,288,main,Papa John's 2 with Raiza Licea,Papa John's,Raiza Licea,2021-02-18,3.00,3.0,,,,,,,Papa John's 2 with Raiza Licea,Papa John's,Pizza & Italian,False,3.0,3.0,3.0,3.0,3.0,3.0,3.0,3.0,3.0,3.0,False
DD,,double,Biggie Feedbag XXVIII,Biggie Feedbag XXVIII,,2021-02-23,,,no score,,,,📬,Yusong Liu and Emma Erdbrink,Biggie Feedbag XXVIII,,,False,,,,,,,,,,,False
GMA,,other,Good Morning America with Michael Strahan,Good Morning America,Michael Strahan,2021-02-24,,,no score,,,,,,Good Morning America with Michael Strahan,,,False,,,,,,,,,,,False
289,289,main,KFC 2 with Lauren Ash and Christy Oxborrow,KFC,Lauren Ash and Christy Oxborrow,2021-02-25,2.13,2.13,,,,,,,KFC 2 with Lauren Ash and Christy Oxborrow,KFC,Chicken,False,2.0,2.0,2.25,2.125,2.0,2.0,2.25,2.125,4.0,4.0,False
DD,,double,Confection Selection Tuesday with Evan Susser,Confection Selection Tuesday,Evan Susser,2021-03-02,,,no score,,,,🥧,Tournament of Chompions: Munch Madness: Pie Noon,Confection Selection Tuesday with Evan Susser,,,False,,,,,,,,,,,False
290,290,main,Creamsmen and Junior Prom Regions with Jon Gabrus,Creamsmen and Junior Prom Regions,Jon Gabrus,2021-03-04,"Winners: Ben & Jerry's, The Cheesecake Factory",,"competition: Winners: Ben & Jerry's, The Cheesecake Factory",,,,"🥧 Losers: Baskin-Robbins, BJ's",Tournament of Chompions: Munch Madness: Pie Noon,Pie Noon: Round 1 Part 1 with Jon Gabrus,,,False,,,,,,,,,,,False
DD,,double,"Shaken, Not Stirred Region with Eva Anderson","Shaken, Not Stirred Region",Eva Anderson,2021-03-09,Winner: Dairy Queen / Orange Julius,,competition: Winner: Dairy Queen / Orange Julius,,,,🥧 Loser: McDonald's,Tournament of Chompions: Munch Madness: Pie Noon,"Pie Noon: Shaken, Not Stirred Region with Eva Anderson",,,False,,,,,,,,,,,False
291,291,main,Semi-sweet Final 1 with Arden Myrin,Semi-sweet Final,Arden Myrin,2021-03-11,Winner: Ben & Jerry's,,competition: Winner: Ben & Jerry's,,,,🥧 Loser: The Cheesecake Factory,Tournament of Chompions: Munch Madness: Pie Noon,Pie Noon: Semisweet Final 1 with Arden Myrin,,,False,,,,,,,,,,,False
DD,,double,Easy Bake Region with Dani Fernandez,Easy Bake Region,Dani Fernandez,2021-03-16,Winner: Burger King,,competition: Winner: Burger King,,,,🥧 Loser: Sprinkles,Tournament of Chompions: Munch Madness: Pie Noon,Pie Noon: Easy Bake Region with Dani Fernandez,,,False,,,,,,,,,,,False
292,292,main,Semi-sweet Final 2 with Carl Tart & Ahsohn Williams,Semi-sweet Final,Carl Tart & Ahsohn Williams,2021-03-18,Winner: Dairy Queen / Orange Julius,,competition: Winner: Dairy Queen / Orange Julius,,,,🥧 Loser: Burger King,Tournament of Chompions: Munch Madness: Pie Noon,Pie Noon: Semisweet Final 2 with Carl Tart & Ahsohn Williams,,,False,,,,,,,,,,,False
DD,,double,The Shipping Chews with Kevin T. Porter,The Shipping Chews,Kevin T. Porter,2021-03-23,Winner: Sprinkles,,competition: Winner: Sprinkles,,,,🥧 Loser: Cinnabon,Tournament of Chompions: Munch Madness: Pie Noon,Pie Noon: The Shipping Chews with Kevin T. Porter,,,False,,,,,,,,,,,False
293,293,main,Live Chompionship with Nicole Byer & Jessica McKenna,Live Chompionship,Nicole Byer & Jessica McKenna,2021-03-25,Winner: Dairy Queen,,competition: Winner: Dairy Queen,title,livestream,,🥧 Loser: Ben & Jerry's and Sprinkles,Tournament of Chompions: Munch Madness: Pie Noon (live),Pie Noon: Live Chompionship with Nicole Byer & Jessica McKenna,,,True,,,,,,,,,,,False
DD,,double,Live Feedbag,Live Feedbag,,2021-03-30,,,no score,title,livestream,,🥧 📬,Tournament of Chompions: Munch Madness: Pie Noon (live),Pie Noon: Live Feedbag,,,True,,,,,,,,,,,False
294,294,main,Wendy's 2 with Jacob Wysocki,Wendy's,Jacob Wysocki,2021-04-01,4.75,4.75,,,,,Golden Plate Club; Hand-holding Club,,Wendy's 2 with Jacob Wysocki,Wendy's,Burgers & Hot Dogs,False,4.75,4.75,4.75,4.75,4.75,4.75,4.75,4.75,3.0,3.0,False
DD,,double,E-R-E-R Dough with Toni Charline Ramos,E-R-E-R Dough,Toni Charline Ramos,2021-04-06,,,no score,,,,👨‍✈️📺,Doughboys Pilot Program: ER,E-R-E-R Dough with Toni Charline Ramos,,,False,,,,,,,,,,,False
295,295,main,Outback Steakhouse 3 with Joe Wengert,Outback Steakhouse,Joe Wengert,2021-04-08,2.00,2.0,,,,,,,Outback Steakhouse 3 with Joe Wengert,Outback Steakhouse,American & Casual Dining,False,1.5,2.5,2.0,2.0,1.5,2.5,2.0,2.0,3.0,3.0,False
DD,,double,The Snyder's Cut with Matty Smith,The Snyder's Cut,Matty Smith,2021-04-13,,,no score,,,,,Dinner is the Movie: Zack Snyder's Justice League,The Snyder's Cut with Matty Smith,,,False,,,,,,,,,,,False
296,296,main,Raising Cane's Chicken Fingers with Matt Selman,Raising Cane's Chicken Fingers,Matt Selman,2021-04-15,4.58,4.58,,,,,,,Raising Cane's Chicken Fingers with Matt Selman,Raising Cane's Chicken Fingers,Chicken,False,,5.0,4.375,4.583333333333333,,5.0,4.375,4.583333333333333,4.0,3.0,False
DD,,double,The How High Republic with Shaun Diston,The How High Republic,Shaun Diston,2021-04-20,,,no score,,,,,Dinner is the Movie: How High,The How High Republic with Shaun Diston,,,False,,,,,,,,,,,False
297,297,main,MrBeast Burger with Jason Concepcion,MrBeast Burger,Jason Concepcion,2021-04-22,2.17,2.17,,,,,,,MrBeast Burger with Jason Concepcion,MrBeast Burger,Burgers & Hot Dogs,False,2.5,2.0,2.0,2.1666666666666665,2.5,2.0,2.0,2.1666666666666665,3.0,3.0,False
DD,,double,Biggie Feedbag XXIX,Biggie Feedbag XXIX,,2021-04-27,,,no score,,,,📬,with Yusong Liu and Emma Erdbrink,Biggie Feedbag XXIX,,,False,,,,,,,,,,,False
298,298,main,Olive Garden 3 with Alison Rosen,Olive Garden,Alison Rosen,2021-04-29,3.17,3.17,,,,,,,Olive Garden 3 with Alison Rosen,Olive Garden,Pizza & Italian,False,3.5,4.0,2.0,3.1666666666666665,3.5,4.0,2.0,3.1666666666666665,3.0,3.0,False
THON21,,other,Doughathon 2021,Doughathon,,2021-04-30,,,no score,notes,livestream,,,25-hour live stream for charity,Doughathon 2021,,,True,,,,,,,,,,,False
DD,,double,May The Forks Be With You with Jason Mantzoukas,May The Forks Be With You,Jason Mantzoukas,2021-05-04,,,no score,,,,👨‍✈️📺,Doughboys Pilot Program: Star Wars Rebels,May The Forks Be With You with Jason Mantzoukas,,,False,,,,,,,,,,,False
299,299,main,Cosmic Wings with Jana Schmieding,Cosmic Wings,Jana Schmieding,2021-05-06,1.67,1.67,,,,,,,Cosmic Wings with Jana Schmieding,Cosmic Wings,Chicken,False,1.5,1.5,2.0,1.6666666666666667,1.5,1.5,2.0,1.6666666666666667,3.0,3.0,False
DD,,double,"Tonight, We Dine In Hell with Matt Kowalick","Tonight, We Dine In Hell",Matt Kowalick,2021-05-11,,,no score,,,,,Dinner is the Movie: 300,"Tonight, We Dine In Hell with Matt Kowalick",,,False,,,,,,,,,,,False
300,300,main,Guy Fieri's Flavortown Kitchen with Eva Anderson,Guy Fieri's Flavortown Kitchen,Eva Anderson,2021-05-13,3.13,3.13,,,,,,episode 300!,Guy Fieri's Flavortown Kitchen with Eva Anderson,Guy Fieri,American & Casual Dining,False,2.0,3.4,4.0,3.1333333333333333,2.0,3.4,4.0,3.1333333333333333,3.0,3.0,False
DD,,double,BK Kid's Club is Back! with Griffin Newman,BK Kid's Club is Back!,Griffin Newman,2021-05-18,,,no score,,,,,,BK Kid's Club is Back! with Griffin Newman,,,False,,,,,,,,,,,False
301,301,main,Yard House 2 with Dave Schilling,Yard House,Dave Schilling,2021-05-20,3.67,3.67,,,,,,,Yard House 2 with Dave Schilling,Yard House,American & Casual Dining,False,3.0,4.5,3.5,3.6666666666666665,3.0,4.5,3.5,3.6666666666666665,3.0,3.0,False
DD,,double,Biggie Feedbag XXX,Biggie Feedbag XXX,,2021-05-25,,,no score,,,,📬,,Biggie Feedbag XXX,,,False,,,,,,,,,,,False
302,302,main,Taco Bell 5 with Christine Nangle & Carl Tart,Taco Bell,Christine Nangle & Carl Tart,2021-05-27,4.81,4.81,,title,livestream,,Golden Plate Club,live during Doughathon 2021; with Eric Badlands Booker and Jon Gabrus,Taco Bell 5 with Christine Nangle & Carl Tart (Live),Taco Bell,Mexican,True,5.0,5.0,4.625,4.8125,5.0,5.0,4.625,4.8125,4.0,4.0,False
DD,,double,Twisted Tuesday with Jen D'Angelo,Twisted Tuesday,Jen D'Angelo,2021-06-01,,,no score,,,,,The Tomorrow War month,Twisted Tuesday with Jen D'Angelo,,,False,,,,,,,,,,,False
303,303,main,Auntie Anne's with Mary Lynn Rajskub,Auntie Anne's,Mary Lynn Rajskub,2021-06-03,4.00,4.0,,,,,Golden Plate Club,The Tomorrow War month,Auntie Anne's with Mary Lynn Rajskub,Auntie Anne's,"Coffee, Bakery & Sweets",False,4.0,4.0,4.0,4.0,4.0,4.0,4.0,4.0,3.0,3.0,False
DD,,double,Time Keeps On Dippin' Into The Future with Alan Trong,Time Keeps On Dippin' Into The Future,Alan Trong,2021-06-08,,,no score,,,,,The Tomorrow War month; Dippin' Dots,Time Keeps On Dippin' Into The Future with Alan Trong,,,False,,,,,,,,,,,False
304,304,main,Arby's 3 with Larry Fong,Arby's,Larry Fong,2021-06-10,3.83,3.83,,,,,,The Tomorrow War month,Arby's 3 with Larry Fong,Arby's,Sandwiches & Subs,False,4.0,4.0,3.5,3.8333333333333335,4.0,4.0,3.5,3.8333333333333335,3.0,3.0,False
DD,,double,The Band of Tomorrow with Caroline Anderson,The Band of Tomorrow,Caroline Anderson,2021-06-15,,,no score,,,,,The Tomorrow War month; McDonald's BTS Meal,The Band of Tomorrow with Caroline Anderson,,,False,,,,,,,,,,,False
305,305,main,Taco Bell 7 with Lorne Balfe,Taco Bell,Lorne Balfe,2021-06-17,4.50,4.5,,,,,,The Tomorrow War month,Taco Bell 7 with Lorne Balfe,Taco Bell,Mexican,False,5.0,5.0,3.0,4.333333333333333,5.0,5.0,3.0,4.333333333333333,3.0,3.0,False
DD,,double,MREats with Edwin Hodge,MREats,Edwin Hodge,2021-06-22,2.83,2.83,,,,,,The Tomorrow War month,MREats with Edwin Hodge,MREats,Other,False,2.0,,3.5,2.75,2.0,,3.5,2.75,3.0,2.0,False
306,306,main,Fresh Brothers with Chris McKay & Samantha Nisenboim,Fresh Brothers,Chris McKay & Samantha Nisenboim,2021-06-24,3.56,3.56,,,,,,The Tomorrow War month,Fresh Brothers with Chris McKay & Samantha Nisenboim,Fresh Brothers,Pizza & Italian,False,4.0,3.5,3.375,3.5625,4.0,3.5,3.375,3.5625,4.0,4.0,False
DD,,double,Things That Make You Go Wow with Seychelle Gabriel,Things That Make You Go Wow,Seychelle Gabriel,2021-06-29,,,no score,,,,,The Tomorrow War month; 1991 music draft,Things That Make You Go Wow with Seychelle Gabriel,,,False,,,,,,,,,,,False
307,307,main,Burger King 5 with Sam Richardson,Burger King,Sam Richardson,2021-07-01,4.50,4.5,,,,,Golden Plate Club; Hand-holding Club,The Tomorrow War month; also a Chat with Chris Pratt,Burger King 5 with Sam Richardson,Burger King,Burgers & Hot Dogs,False,4.5,4.5,4.5,4.5,4.5,4.5,4.5,4.5,3.0,3.0,False
DD,,double,Tool Time Travel with Jen D'Angelo,Tool Time Travel,Jen D'Angelo,2021-07-06,,,no score,,,,👨‍✈️📺,The Tomorrow War month; Doughboys Pilot Program: Home Improvement,Tool Time Travel with Jen D'Angelo,,,False,,,,,,,,,,,False
308,308,main,Golden Road Brewing with Jordan Morris,Golden Road Brewing,Jordan Morris,2021-07-08,4.00,4.0,,,,,Golden Plate Club,,Golden Road Brewing with Jordan Morris,Golden Road Brewing,American & Casual Dining,False,,,,,,,,,4.0,0.0,False
DD,,double,Biggie Feedbag XXXI,Biggie Feedbag XXXI,,2021-07-13,,,no score,,,,📬,Yusong Liu and Emma Erdbrink,Biggie Feedbag XXXI,,,False,,,,,,,,,,,False
309,309,main,"Taco Bell 6 with John Hodgman, Paul F. Tompkins, and Arden Myrin",Taco Bell,"John Hodgman, Paul F. Tompkins, and Arden Myrin",2021-07-15,4.00,4.0,,title,livestream,,,live during Doughathon 2021,"Taco Bell 6 with John Hodgman, Paul F. Tompkins, and Arden Myrin (live)",Taco Bell,Mexican,True,5.0,5.0,3.3333333333333335,4.0,5.0,5.0,3.3333333333333335,4.0,5.0,5.0,False
DD,,double,Merlotboys with Mookie Blaiklock,Merlotboys,Mookie Blaiklock,2021-07-20,,,no score,,,,,Dinner is the Movie: Sideways,Merlotboys with Mookie Blaiklock,,,False,,,,,,,,,,,False
310,310,main,Coca-Cola Freestyle with Chris Gethard,Coca-Cola Freestyle,Chris Gethard,2021-07-22,2.67,2.67,,,,,,,Coca-Cola Freestyle with Chris Gethard,Coca-Cola Freestyle,Other,False,3.0,2.5,2.5,2.6666666666666665,3.0,2.5,2.5,2.6666666666666665,3.0,3.0,False
DD,,double,Feeding Raindough,Feeding Raindough,,2021-07-27,,,no score,,,,🌈,Emma Erdbrink,Feeding Raindough,,,False,,,,,,,,,,,False
311,311,main,Wahlburgers with Eliza Hooper,Wahlburgers,Eliza Hooper,2021-07-29,3.25,3.25,,,,,,,Wahlburgers with Eliza Hooper,Wahlburgers,Burgers & Hot Dogs,False,3.25,4.0,2.5,3.25,3.25,4.0,2.5,3.25,3.0,3.0,False
DD,,double,2020 Doughlympics with Evan Susser,2020 Doughlympics,Evan Susser,2021-08-03,,,no score,,,,,,2020 Doughlympics with Evan Susser,,,False,,,,,,,,,,,False
312,312,main,Checkers and Rally's 2 with Tom Scharpling,Checkers and Rally's,Tom Scharpling,2021-08-05,1.50,1.5,,,,,Broken Plate Club,also with John Quigley Adams,Checkers and Rally's 2 with Tom Scharpling,Checkers and Rally's,Burgers & Hot Dogs,False,1.75,1.75,1.0,1.5,1.75,1.75,1.0,1.5,3.0,3.0,False
DD,,double,How You Doughin'? with Claudia O'Doherty,How You Doughin'?,Claudia O'Doherty,2021-08-10,,,no score,,,,👨‍✈️📺,Doughboys Pilot Program: Friends,How You Doughin'? with Claudia O'Doherty,,,False,,,,,,,,,,,False
313,313,main,Mendocino Farms with Avital Ash,Mendocino Farms,Avital Ash,2021-08-12,4.33,4.33,,,,,Golden Plate Club,,Mendocino Farms with Avital Ash,Mendocino Farms,Sandwiches & Subs,False,4.5,4.5,4.0,4.333333333333333,4.5,4.5,4.0,4.333333333333333,3.0,3.0,False
DD,,double,Sporto Drinks with Ryan Stanger,Sporto Drinks,Ryan Stanger,2021-08-17,,,no score,,,,,Gatorade,Sporto Drinks with Ryan Stanger,,,False,,,,,,,,,,,False
314,314,main,Shake Shack 2 with Libby Watson,Shake Shack,Libby Watson,2021-08-19,3.58,3.58,,,,,Golden Plate Club,,Shake Shack 2 with Libby Watson,Shake Shack,Burgers & Hot Dogs,False,3.0,4.0,3.75,3.5833333333333335,3.0,4.0,3.75,3.5833333333333335,3.0,3.0,False
DD,,double,Mr. Slice's Bar Pizza Spectacular,Mr. Slice's Bar Pizza Spectacular,,2021-08-24,4.58,4.58,,,,,Golden Plate Club,,Mr. Slice's Bar Pizza Spectacular,Mr. Slice's Bar Pizza Spectacular,Pizza & Italian,False,,,,,,,,,,,False
315,315,main,Einstein Bros. Bagels with Tony Rodríguez,Einstein Bros. Bagels,Tony Rodríguez,2021-08-26,3.67,3.67,,,,,Golden Plate Club,score adjusted in ep. 316,Einstein Bros. Bagels with Tony Rodríguez,Einstein Bros. Bagels,"Coffee, Bakery & Sweets",False,3.0,2.0,4.0,3.0,4.0,2.0,4.0,3.3333333333333335,3.0,3.0,True
DD,,double,Biggie Feedbag XXXII,Biggie Feedbag XXXII,,2021-08-31,,,no score,,,,📬,,Biggie Feedbag XXXII,,,False,,,,,,,,,,,False
316,316,main,MOD Pizza with Cody Ziglar,MOD Pizza,Cody Ziglar,2021-09-02,2.50,2.5,,,,,Hand-holding Club,,MOD Pizza with Cody Ziglar,MOD Pizza,Pizza & Italian,False,2.5,2.5,2.5,2.5,2.5,2.5,2.5,2.5,3.0,3.0,False
DD,,double,The Return of the Snacklog,The Return of the Snacklog,,2021-09-07,,,no score,,,,,,The Return of the Snacklog,,,False,,,,,,,,,,,False
317,317,main,Little Caesars 2 with Marisa Pinson and David Neher,Little Caesars,Marisa Pinson and David Neher,2021-09-09,3.69,3.69,,,,,Golden Plate Club,,Little Caesars 2 with Marisa Pinson and David Neher,Little Caesars,Pizza & Italian,False,4.5,2.0,3.125,3.1875,4.5,2.0,3.125,3.1875,4.0,4.0,False
DD,,double,The D'ohboys with Tim Kalpakis and Joe Saunders,The D'ohboys,Tim Kalpakis and Joe Saunders,2021-09-14,,,no score,,,,👨‍✈️📺,Doughboys Pilot Program: The Simpsons,The D'ohboys with Tim Kalpakis and Joe Saunders,,,False,,,,,,,,,,,False
318,318,main,Winchell's Donut House with Mike Horowitz,Winchell's Donut House,Mike Horowitz,2021-09-16,3.75,3.75,,,,,Hand-holding Club,,Winchell's Donut House with Mike Horowitz,Winchell's Donut House,"Coffee, Bakery & Sweets",False,3.75,3.75,3.75,3.75,3.75,3.75,3.75,3.75,3.0,3.0,False
BC9,,bread_cast,Live at BugCon 2021 with Eva Anderson,Live at BugCon,Eva Anderson,2021-09-20,,,no score,title,in person,,The Bread Cast,,,,,True,,,,,,,,,,,False
DD,,double,U Talkin' DMB Live To Me? with Dano,U Talkin' DMB Live To Me?,Dano,2021-09-21,,,no score,,,,,,U Talkin' DMB Live To Me? with Dano,,,False,,,,,,,,,,,False
319,319,main,Charleys Philly Steaks with Derek Waters,Charleys Philly Steaks,Derek Waters,2021-09-23,2.75,2.75,,,,,,Donut Salad,Charleys Philly Steaks with Derek Waters,Charleys Philly Steaks,Sandwiches & Subs,False,3.0,3.25,2.0,2.75,3.0,3.25,2.0,2.75,3.0,3.0,False
DD,,double,Biggie Feedbag XXXIII,Biggie Feedbag XXXIII,,2021-09-28,,,no score,,,,📬,,Biggie Feedbag XXXIII,,,False,,,,,,,,,,,False
320,320,main,Insomnia Cookies with Mary Sohn,Insomnia Cookies,Mary Sohn,2021-09-30,4.67,4.67,,,,,Golden Plate Club,,Insomnia Cookies with Mary Sohn,Insomnia Cookies,"Coffee, Bakery & Sweets",False,4.5,4.5,5.0,4.666666666666667,4.5,4.5,5.0,4.666666666666667,3.0,3.0,False
DD,,double,Snoop Dogg Sommeliers,Snoop Dogg Sommeliers,,2021-10-05,,,no score,,,,🐶🌭,Dogdoughbarkfest,Snoop Dogg Sommeliers,,,False,,,,,,,,,,,False
321,321,main,Sonic Drive-In with Matt Apodaca,Sonic Drive-In,Matt Apodaca,2021-10-07,5.00,5.0,,,,,🐶🌭 Platinum Plate Club,Dogdoughbarkfest,Sonic Drive-In with Matt Apodaca,Sonic Drive-In,Burgers & Hot Dogs,False,5.0,5.0,5.0,5.0,5.0,5.0,5.0,5.0,3.0,3.0,False
DD,,double,Mount Ruffmore with Christine Nangle,Mount Ruffmore,Christine Nangle,2021-10-12,,,no score,,,,🐶🌭,Dogdoughbarkfest,Mount Ruffmore with Christine Nangle,,,False,,,,,,,,,,,False
322,322,main,Costco 2 with Excalibur,Costco,Excalibur,2021-10-14,4.17,4.17,,,,,🐶🌭,Dogdoughbarkfest; score adjusted in ep. 323,Costco 2 with Excalibur,Costco,Other,False,5.0,4.0,3.5,4.166666666666667,5.0,3.75,3.5,4.083333333333333,3.0,3.0,True
DD,,double,Dogs in the House with Jason Sheridan,Dogs in the House,Jason Sheridan,2021-10-19,,,no score,,,,🐶🌭,Dogdoughbarkfest,Dogs in the House with Jason Sheridan,,,False,,,,,,,,,,,False
323,323,main,AMC Theatres with Adam Gertler,AMC Theatres,Adam Gertler,2021-10-21,4.00,4.0,,,,,🐶🌭 Golden Plate Club,Dogdoughbarkfest; Hand-holding Club,AMC Theatres with Adam Gertler,AMC,Other,False,4.0,4.0,4.0,4.0,4.0,4.0,4.0,4.0,3.0,3.0,False
DD,,double,Hey Spooky Buddies with Paul Rust,Hey Spooky Buddies,Paul Rust,2021-10-26,,,no score,,,,🐶🌭,Dogdoughbarkfest; Dinner is the Movie,Hey Spooky Buddies with Paul Rust,,,False,,,,,,,,,,,False
324,324,main,"Nathan's Famous with Jon Gabrus, Mike Hanford & Griffin Newman",Nathan's Famous,"Jon Gabrus, Mike Hanford & Griffin Newman",2021-10-28,3.10,3.1,,title,in person,"New York, NY",🐶🌭,Dogdoughbarkfest; live in New York City,"Nathan's Famous with Jon Gabrus, Mike Hanford & Griffin Newman (live)",Nathan's Famous,Burgers & Hot Dogs,True,3.0,2.5,3.5,3.2,3.0,2.5,3.5,3.2,5.0,5.0,False
DD,,double,Biggie Feedbag XXXIV,Biggie Feedbag XXXIV,,2021-11-02,,,no score,,,,📬,,Biggie Feedbag XXXIV,,,False,,,,,,,,,,,False
325,325,main,800 Degrees with Betsy Sodaro,800 Degrees,Betsy Sodaro,2021-11-04,4.25,4.25,,,,,Golden Plate Club,,800 Degrees with Betsy Sodaro,800 Degrees,Pizza & Italian,False,4.25,4.5,4.0,4.25,4.25,4.5,4.0,4.25,3.0,3.0,False
DD,,double,The Twilight Calzone with Neil Campbell,The Twilight Calzone,Neil Campbell,2021-11-09,,,no score,,,,👨‍✈️📺,Doughboys Pilot Program: The Twilight Zone,The Twilight Calzone with Neil Campbell,,,False,,,,,,,,,,,False
326,326,main,Kreation Organic with Jackie Johnson,Kreation Organic,Jackie Johnson,2021-11-11,2.67,2.67,,,,,,,Kreation Organic with Jackie Johnson,Kreation Organic,Healthy & Juice,False,3.0,2.0,3.0,2.6666666666666665,3.0,2.0,3.0,2.6666666666666665,3.0,3.0,False
DD,,double,The Fluff with Jesse Farrar and Mike Hale,The Fluff,Jesse Farrar and Mike Hale,2021-11-16,,,no score,,,,,Marshmallow Fluff/Creme,The Fluff with Jesse Farrar and Mike Hale,,,False,,,,,,,,,,,False
327,327,main,The Capital Grille with Negin Farsad,The Capital Grille,Negin Farsad,2021-11-18,4.53,4.53,,,,,Golden Plate Club,also with Mrs. Mitchell and David Phillips,The Capital Grille with Negin Farsad,The Capital Grille,American & Casual Dining,False,4.5,5.0,4.3,4.525,4.5,5.0,4.3,4.525,4.0,4.0,False
DD,,double,Mash-Off 4: The Dream Mashter with Eva Anderson and Mike Hanford,Mash-Off,Eva Anderson and Mike Hanford,2021-11-23,,,no score,,,,🥔,,Mash-Off 4: The Dream Mashter with Eva Anderson and Mike Hanford,,,False,,,,,,,,,,,False
DD,,double,Feeding Raindough: The Second Chapter with Marc Doofson,Feeding Raindough: The Second Chapter,Marc Doofson,2021-11-30,,,no score,,,,🌈,,Feeding Raindough: The Second Chapter with Marc Doofson,,,False,,,,,,,,,,,False
328,328,main,Umami Burger 3 with Judd Apatow,Umami Burger,Judd Apatow,2021-12-02,4.00,4.0,,,,,,,Umami Burger 3 with Judd Apatow,Umami Burger,Burgers & Hot Dogs,False,3.75,3.75,4.5,4.0,3.75,3.75,4.5,4.0,3.0,3.0,False
DD,,double,Man Bites Dog,Man Bites Dog,,2021-12-07,,,no score,,,,🔍,Doughvestigation by Evan Susser and Emma Erdbrink,Man Bites Dog,,,False,,,,,,,,,,,False
329,329,main,McPlant with Eric Edelstein,McPlant,Eric Edelstein,2021-12-09,4.33,4.33,,,,,Golden Plate Club,just the burger rated,McPlant with Eric Edelstein,McDonald's,Burgers & Hot Dogs,False,4.0,4.0,,4.0,4.0,4.0,,4.0,3.0,2.0,False
DD,,double,A Muppets (and Doughboys) Family Christmas with Scott Gairdner and Mike Carlson,A Muppets (and Doughboys) Family Christmas,Scott Gairdner and Mike Carlson,2021-12-14,,,no score,,,,Dinner is the Movie,A Muppet Family Christmas,A Muppets (and Doughboys) Family Christmas with Scott Gairdner and Mike Carlson,,,False,,,,,,,,,,,False
330,330,main,Monty's Good Burger with Evan Susser,Monty's Good Burger,Evan Susser,2021-12-16,4.58,4.58,,,,,🥩🥤,,Monty's Good Burger with Evan Susser,Monty's Good Burger,Burgers & Hot Dogs,False,5.0,5.0,3.75,4.583333333333333,5.0,5.0,3.75,4.583333333333333,3.0,3.0,False
DD,,double,The Mitchy Clause,The Mitchy Clause,,2021-12-22,,,no score,,,,🎄 🔓,Doughboys Holiday Special,The Mitchy Clause,,,False,,,,,,,,,,,False
DD,,double,The Doughboys Delivery Line 3,The Doughboys Delivery Line,,2021-12-28,,,no score,,,,☎️,,The Doughboys Delivery Line 3,,,False,,,,,,,,,,,False
DD,,double,The Drop-Off 2: Holiday Edition with Emma Erdbrink and Robert Persinger,The Drop-Off,Emma Erdbrink and Robert Persinger,2022-01-04,,,no score,,,,🎄🚽,,The Drop-Off 2: Holiday Edition with Emma Erdbrink and Robert Persinger,,,False,,,,,,,,,,,False
331,331,main,Lemonade with Jessica McKenna,Lemonade,Jessica McKenna,2022-01-06,3.58,3.58,,,,,,,Lemonade with Jessica McKenna,Lemonade,Healthy & Juice,False,3.5,3.75,3.5,3.5833333333333335,3.5,3.75,3.5,3.5833333333333335,3.0,3.0,False
DD,,double,Water 3: Snow with Alana Johnston 🔪,Water,Alana Johnston 🔪,2022-01-11,,,no score,,,,💧,,Water 3: Snow with Alana Johnston,,,False,,,,,,,,,,,False
332,332,main,QDOBA with Jamelle Bouie,QDOBA,Jamelle Bouie,2022-01-13,3.13,3.13,,,,,,,QDOBA with Jamelle Bouie,QDOBA,Mexican,False,3.0,2.9,3.5,3.1333333333333333,3.0,2.9,3.5,3.1333333333333333,3.0,3.0,False
DD,,double,Golden Girls with Betsy Sodaro,Golden Girls,Betsy Sodaro,2022-01-18,,,no score,,,,👨‍✈️📺,Doughboys Pilot Program,Golden Girls with Betsy Sodaro,,,False,,,,,,,,,,,False
333,333,main,Thighstop with Jon Gabrus,Thighstop,Jon Gabrus,2022-01-20,3.83,3.83,,notes,livestream,,,live stream show on Twitch,Thighstop with Jon Gabrus,Wingstop,Chicken,True,4.0,4.0,3.5,3.8333333333333335,4.0,4.0,3.5,3.8333333333333335,3.0,3.0,False
DD,,double,Biggie Feedbag XXXV with Yusong Liu,Biggie Feedbag XXXV,Yusong Liu,2022-01-25,,,no score,,,,📬,with Emma Erdbrink and Robert Persinger,Biggie Feedbag XXXV with Yusong Liu,,,False,,,,,,,,,,,False
334,334,main,Sweet Chick with Tami Sagher,Sweet Chick,Tami Sagher,2022-01-27,4.50,4.5,,,,,Golden Plate Club,,Sweet Chick with Tami Sagher,Sweet Chick,Chicken,False,4.5,4.5,4.5,4.5,4.5,4.5,4.5,4.5,3.0,3.0,False
DD,,double,The Scale 2: The Ruler,The Scale,,2022-02-01,,,no score,,,,📏,with Emma Erdbrink,The Scale 2: The Ruler,,,False,,,,,,,,,,,False
335,335,main,KFC Beyond with Mike Sacks,KFC Beyond,Mike Sacks,2022-02-03,3.67,3.67,,,,,,,KFC Beyond with Mike Sacks,KFC,Chicken,False,4.0,3.5,3.5,3.6666666666666665,4.0,3.5,3.5,3.6666666666666665,3.0,3.0,False
DD,,double,Yellowjackets with Oscar Montoya,Yellowjackets,Oscar Montoya,2022-02-08,,,no score,,,,👨‍✈️📺,Doughboys Pilot Porgram,Yellowjackets with Oscar Montoya,,,False,,,,,,,,,,,False
336,336,main,Smashburger with Carlos Santos,Smashburger,Carlos Santos,2022-02-10,2.44,2.44,,,,,,,Smashburger with Carlos Santos,Smashburger,Burgers & Hot Dogs,False,,3.0,1.875,2.4375,,3.0,1.875,2.4375,3.0,2.0,False
DD,,double,Pig (the movie) with David Sims,Pig (the movie),David Sims,2022-02-15,,,no score,,,,🍿,,Pig (the movie) with David Sims,,,False,,,,,,,,,,,False
337,337,main,Din Tai Fung with Farley Elliott,Din Tai Fung,Farley Elliott,2022-02-17,5.33,5.33,,,,,Platinum Plate Club,,Din Tai Fung with Farley Elliott,Din Tai Fung,Asian,False,5.0,6.0,5.0,5.333333333333333,5.0,6.0,5.0,5.333333333333333,3.0,3.0,False
DD,,double,Biggie Feedbag XXXVI with Yusong Liu,Biggie Feedbag XXXVI,Yusong Liu,2022-02-22,,,no score,,,,📬,,Biggie Feedbag XXXVI with Yusong Liu,,,False,,,,,,,,,,,False
338,338,main,Tyga Bites with John Hodgman & David Rees,Tyga Bites,John Hodgman & David Rees,2022-02-24,0.28,0.28,,,,,Broken Plate Club,,Tyga Bites with John Hodgman & David Rees,Tyga Bites,Chicken,False,0.12,0.75,0.125,0.28,0.12,0.75,0.125,0.28,4.0,4.0,False
DD,,double,Charleys Philly Steaks vs. Firehouse Subs with Alison Rosen,Charleys Philly Steaks vs. Firehouse Subs,Alison Rosen,2022-03-01,Winner: Firehouse Subs,,competition: Winner: Firehouse Subs,,,,🥪,Munch Madness 2022: Tournament of Chompions: Hero's Journey: Sub-Optimal: Hot Cross Buns region,Charleys Philly Steaks vs. Firehouse Subs with Alison Rosen,,,False,,,,,,,,,,,False
339,339,main,Jimmy John's vs. Jersey MIke's with Mano Agapion & Betsy Sodaro,Jimmy John's vs. Jersey MIke's,Mano Agapion & Betsy Sodaro,2022-03-03,Winner: Jersey Mike's,,competition: Winner: Jersey Mike's,,,,🥪,Munch Madness 2022: Tournament of Chompions: Hero's Journey: Sub-Optimal Eponymous region,Jimmy John's vs. Jersey MIke's with Mano Agapion & Betsy Sodaro,,,False,,,,,,,,,,,False
DD,,double,Arby's vs. Panera with Jennie Pierson,Arby's vs. Panera,Jennie Pierson,2022-03-08,Winner: Arby's,,competition: Winner: Arby's,,,,🥪,Munch Madness 2022: Tournament of Chompions: Hero's Journey: Sub-Optimal: Nonstandard region,Arby's vs. Panera with Jennie Pierson,,,False,,,,,,,,,,,False
340,340,main,Subway vs. 7-Eleven with Lauren Lapkus,Subway vs.,Lauren Lapkus,2022-03-10,Winner: Subway,,competition: Winner: Subway,,,,🥪,Munch Madness 2022: Tournament of Chompions: Hero's Journey: Sub-Optimal: Desperation region,Subway vs. 7-Eleven with Lauren Lapkus,,,False,,,,,,,,,,,False
DD,,double,Jimmy John's vs. Panera with Spencer Crittenden,Jimmy John's vs. Panera,Spencer Crittenden,2022-03-15,Winner: ??,,competition: Winner: ??,,,,🥪,Munch Madness 2022: Tournament of Chompions: Hero's Journey: Sub-Optimal: Fat Chance Kitchen,Jimmy John's vs. Panera with Spencer Crittenden,,,False,,,,,,,,,,,False
341,341,main,Firehouse Subs vs. Jersey Mike's with Carl Tart & Lamar Woods,Firehouse Subs vs. Jersey Mike's,Carl Tart & Lamar Woods,2022-03-17,Winner: Jersey Mike's,,competition: Winner: Jersey Mike's,,,,🥪,Munch Madness 2022: Tournament of Chompions: Hero's Journey: Sub-Optimal: Semi-soft Finals,Firehouse Subs vs. Jersey Mike's with Carl Tart & Lamar Woods,,,False,,,,,,,,,,,False
DD,,double,Firehouse Subs vs. ??? with Toni Charline Ramos,Firehouse Subs vs. ???,Toni Charline Ramos,2022-03-22,Winner: Capriotti's,,competition: Winner: Capriotti's,,,,🥪,Munch Madness 2022: Tournament of Chompions: Hero's Journey: Sub-Optimal: Fat Chance Kitchen,Firehouse Subs vs. ??? with Toni Charline Ramos,,,False,,,,,,,,,,,False
342,342,main,Subway vs. Arby's with Jen D'Angelo,Subway vs. Arby's,Jen D'Angelo,2022-03-24,Winner: Arby's,,competition: Winner: Arby's,,,,🥪,Munch Madness 2022: Tournament of Chompions: Hero's Journey: Sub-Optimal: Semi-soft Finals,Subway vs. Arby's with Jen D'Angelo,,,False,,,,,,,,,,,False
DD,,double,Capriotti's vs. Quiznos with The Sloppy Boys,Capriotti's vs. Quiznos,The Sloppy Boys,2022-03-29,Winner: Capriotti's,,competition: Winner: Capriotti's,,,,🥪,Munch Madness 2022: Tournament of Chompions: Hero's Journey: Sub-Optimal: Fat Chance Kitchen,Capriotti's vs. Quiznos with The Sloppy Boys,,,False,,,,,,,,,,,False
343,343,main,Arby's vs. Capriotti's vs. Jersey Mike's with Michael Cassady and Paul Rust,Arby's vs. Capriotti's vs. Jersey Mike's,Michael Cassady and Paul Rust,2022-03-31,Winner: Jersey Mike's,,competition: Winner: Jersey Mike's,notes,livestream,,🥪,Munch Madness 2022: Tournament of Chompions: Hero's Journey: Sub-Optimal: Finale (live),Arby's vs. Capriotti's vs. Jersey Mike's with Michael Cassady and Paul Rust,,,True,,,,,,,,,,,False
DD,,double,Live Feedbag with Yusong Liu and Evan Susser,Live Feedbag,Yusong Liu and Evan Susser,2022-04-05,,,no score,title,livestream,,📬,,Live Feedbag with Yusong Liu and Evan Susser,,,True,,,,,,,,,,,False
344,344,main,Veggie Grill with Mary Sasson,Veggie Grill,Mary Sasson,2022-04-07,4.00,4.0,,,,,Golden Plate Club,,Veggie Grill with Mary Sasson,Veggie Grill,Healthy & Juice,False,4.0,4.5,3.5,4.0,4.0,4.5,3.5,4.0,3.0,3.0,False
DD,,double,Alphabet Draft with Emma Erdbrink and Amelia Marino,Alphabet Draft,Emma Erdbrink and Amelia Marino,2022-04-12,,,no score,,,,,,Alphabet Draft with Emma Erdbrink and Amelia Marino,,,False,,,,,,,,,,,False
345,345,main,True Food Kitchen with Claudia O'Doherty,True Food Kitchen,Claudia O'Doherty,2022-04-14,2.75,2.75,,,,,,,True Food Kitchen with Claudia O'Doherty,True Food Kitchen,Healthy & Juice,False,3.0,2.75,2.5,2.75,3.0,2.75,2.5,2.75,3.0,3.0,False
DD,,double,Game of Thrones with Tony Thaxton,Game of Thrones,Tony Thaxton,2022-04-19,,,no score,,,,👨‍✈️📺,Doughboys Pilot Program,Game of Thrones with Tony Thaxton,,,False,,,,,,,,,,,False
346,346,main,Popeyes 4 with Van Robichaux,Popeyes,Van Robichaux,2022-04-21,5.00,5.0,,,,,Platinum Plate Club,also with Bug Mane,Popeyes 4 with Van Robichaux,Popeyes,Chicken,False,5.0,5.0,4.5,4.75,5.0,5.0,4.5,4.75,4.0,4.0,False
DD,,double,Doughpo Chico with Doug Jones,Doughpo Chico,Doug Jones,2022-04-26,,,no score,,,,,Topo Chicos,Doughpo Chico with Doug Jones,,,False,,,,,,,,,,,False
347,347,main,Bojangles with Jesse Farrar and Mike Hale,Bojangles,Jesse Farrar and Mike Hale,2022-04-28,4.25,4.25,,🎤 accolade,in person,"Nashville, TN",🎤 Golden Plate Club,"live in Nashville, TN",Bojangles with Jesse Farrar and Mike Hale (live),Bojangles,Chicken,True,4.0,4.0,4.5,4.25,4.0,4.0,4.5,4.25,4.0,4.0,False
DD,,double,Biggie Feedbag XXXVII with Yusong Liu,Biggie Feedbag XXXVII,Yusong Liu,2022-05-03,,,no score,,,,📬,,Biggie Feedbag XXXVII with Yusong Liu,,,False,,,,,,,,,,,False
348,348,main,Cornish Pasty with Jon Gabrus,Cornish Pasty,Jon Gabrus,2022-05-05,4.83,4.83,,🎤 accolade,in person,"Phoenix, AZ",🎤 Golden Plate Club,"live in Phoenix, AZ",Cornish Pasty with Jon Gabrus (live),Cornish Pasty,Other,True,5.0,5.0,4.5,4.833333333333333,5.0,5.0,4.5,4.833333333333333,3.0,3.0,False
DD,,double,Boba with Tansu Philip,Boba,Tansu Philip,2022-05-10,,,no score,,,,,,Boba with Tansu Philip,,,False,,,,,,,,,,,False
349,349,main,Burgerville with Jordan Morris and Bill Oakley,Burgerville,Jordan Morris and Bill Oakley,2022-05-12,4.00,4.0,,🎤 accolade,in person,"Portland, OR",🎤 Golden Plate Club,"live in Portland, OR",Burgerville with Jordan Morris and Bill Oakley (live),Burgerville,Burgers & Hot Dogs,True,4.0,4.0,4.0,4.0,4.0,4.0,4.0,4.0,4.0,4.0,False
DD,,double,Flamin' Hot Doritos with Arden Myrin,Flamin' Hot Doritos,Arden Myrin,2022-05-17,,,no score,,,,,,Flamin' Hot Doritos with Arden Myrin,,,False,,,,,,,,,,,False
350,350,main,D'Angelo with Jon Gabrus and Carl Tart,D'Angelo,Jon Gabrus and Carl Tart,2022-05-19,4.72,4.72,,🎤 accolade,in person,"Ledyard, CT",🎤 Golden Plate Club,"live in Ledyard, CT",D'Angelo with Jon Gabrus and Carl Tart (live),D'Angelo,Sandwiches & Subs,True,4.5,5.0,4.695,4.7225,4.5,5.0,4.695,4.7225,4.0,4.0,False
DD,,double,Peanuts & Coke with Norm Sousa,Peanuts & Coke,Norm Sousa,2022-05-24,,,no score,,,,,,Peanuts & Coke with Norm Sousa,,,False,,,,,,,,,,,False
351,351,main,Kelly's Roast Beef with Jon Gabrus and Carl Tart,Kelly's Roast Beef,Jon Gabrus and Carl Tart,2022-05-26,3.78,3.78,,🎤 accolade,in person,"Boston, MA",🎤,"live in Boston, MA",Kelly's Roast Beef with Jon Gabrus and Carl Tart (live),Kelly's Roast Beef,Sandwiches & Subs,True,3.5,5.0,3.31,3.7800000000000002,3.5,5.0,3.31,3.7800000000000002,4.0,4.0,False
DD,,double,"App, Crap, or Slap","App, Crap, or Slap",,2022-05-31,,,no score,,,,,,"App, Crap, or Slap",,,False,,,,,,,,,,,False
352,352,main,Bertucci's with Jon Gabrus and Carl Tart,Bertucci's,Jon Gabrus and Carl Tart,2022-06-02,3.44,3.44,,🎤 accolade,in person,"Boston, MA",🎤,"live in Boston, MA",Bertucci's with Jon Gabrus and Carl Tart (live),Bertucci's,Pizza & Italian,True,2.5,5.0,3.125,3.4375,2.5,5.0,3.125,3.4375,4.0,4.0,False
DD,,double,Biggie Feedbag XXXVIII with Yusong Liu,Biggie Feedbag XXXVIII,Yusong Liu,2022-06-07,,,no score,,,,📬,,Biggie Feedbag XXXVIII with Yusong Liu,,,False,,,,,,,,,,,False
353,353,main,Dave's Hot Chicken with Joe Randazzo,Dave's Hot Chicken,Joe Randazzo,2022-06-09,4.08,4.08,,,,,Golden Plate Club,score revised in later episode,Dave's Hot Chicken with Joe Randazzo,Dave's Hot Chicken,Chicken,False,4.25,4.0,4.0,4.083333333333333,4.0,4.0,4.0,4.0,3.0,3.0,True
DD,,double,Top Gun: Maverick,Top Gun: Maverick,,2022-06-14,,,no score,,,,🍽️🎥,Dinner is the Movie,Top Gun: Maverick,,,False,,,,,,,,,,,False
354,354,main,El Farolito with Mookie Blaiklock,El Farolito,Mookie Blaiklock,2022-06-16,5.00,5.0,,🎤 accolade,in person,"San Francisco, CA",🎤,"live in San Francisco, CA",El Farolito with Mookie Blaiklock (live),El Farolito,Mexican,True,5.0,5.0,5.0,5.0,5.0,5.0,5.0,5.0,3.0,3.0,False
DD,,double,Star Trek: The Next Generation with Jack Allison,Star Trek: The Next Generation,Jack Allison,2022-06-21,,,no score,,,,👨‍✈️📺,Doughboys Pilot Program,Star Trek: The Next Generation with Jack Allison,,,False,,,,,,,,,,,False
355,355,main,Ivar's Acres of Clams with Mookie Blaiklock,Ivar's Acres of Clams,Mookie Blaiklock,2022-06-23,1.83,1.83,,🎤 accolade,in person,"Seattle, WA",🎤 Broken Plate Club,"live in Seattle, WA",Ivar's Acres of Clams with Mookie Blaiklock (live),Ivar's Acres of Clams,Seafood,True,1.5,2.0,2.0,1.8333333333333333,1.5,2.0,2.0,1.8333333333333333,3.0,3.0,False
DD,,double,Travel Draft with Evan Susser,Travel Draft,Evan Susser,2022-06-28,,,no score,,,,,,Travel Draft with Evan Susser,,,False,,,,,,,,,,,False
356,356,main,Dough Zone with Mookie Blaiklock,Dough Zone,Mookie Blaiklock,2022-06-30,5.00,5.0,,🎤 accolade,in person,"Seattle, WA",🎤  Platinum Plate Club,"live in Seattle, WA; with The Drop King",Dough Zone with Mookie Blaiklock (live),Dough Zone,Asian,True,5.0,5.0,5.0,5.0,5.0,5.0,5.0,5.0,3.0,3.0,False
DD,,double,Biggie Feedbag XXXIX with Yusong Liu,Biggie Feedbag XXXIX,Yusong Liu,2022-07-05,,,no score,,,,📬,also with Emma Erdbrink,Biggie Feedbag XXXIX with Yusong Liu,,,False,,,,,,,,,,,False
357,357,main,Raising Cane's Chicken Fingers 2 with John Early,Raising Cane's Chicken Fingers,John Early,2022-07-07,4.00,4.0,,,,,,,Raising Cane's Chicken Fingers 2 with John Early,Raising Cane's Chicken Fingers,Chicken,False,4.0,5.0,3.0,4.0,4.0,5.0,3.0,4.0,3.0,3.0,False
DD,,double,7/11 Challenge with Alana Johnston 🔪,7/11 Challenge,Alana Johnston 🔪,2022-07-12,,,no score,,,,,,7/11 Challenge with Alana Johnston,,,False,,,,,,,,,,,False
358,358,main,Burger King 6 with Jon Gabrus & Adam Pally,Burger King,Jon Gabrus & Adam Pally,2022-07-14,2.63,2.63,,,,,,,Burger King 6 with Jon Gabrus & Adam Pally,Burger King,Burgers & Hot Dogs,False,4.0,3.5,1.5,2.625,4.0,3.5,1.5,2.625,4.0,4.0,False
DD,,double,Minions: The Rise of Gru with Jen D'Angelo,Minions: The Rise of Gru,Jen D'Angelo,2022-07-19,,,no score,,,,🍽️🎥,Gru Week: Dinner is the Movie,Minions: The Rise of Gru with Jen D'Angelo,,,False,,,,,,,,,,,False
359,359,main,IHOP 5: Minions Menu with Shaun Diston,IHOP,Shaun Diston,2022-07-21,4.67,4.67,,,,,Golden Gru's Lab Club,Gru Week,IHOP 5: Minions Menu with Shaun Diston,IHOP,Breakfast & Diners,False,,,4.666666666666667,4.666666666666667,,,4.666666666666667,4.666666666666667,3.0,3.0,False
DD,,double,"Thank You, Thank You Very Munch","Thank You, Thank You Very Munch",,2022-07-26,,,no score,,,,,Elvis,"Thank You, Thank You Very Munch",,,False,,,,,,,,,,,False
360,360,main,Pizza Hut 3 with Brendan James,Pizza Hut,Brendan James,2022-07-28,1.67,1.67,,,,,Broken Plate Club,,Pizza Hut 3 with Brendan James,Pizza Hut,Pizza & Italian,False,1.5,2.0,1.5,1.6666666666666667,1.5,2.0,1.5,1.6666666666666667,3.0,3.0,False
DD,,double,Biggie Feedbag XL: Let's Make It Worse with Yusong Liu,Biggie Feedbag XL: Let's Make It Worse,Yusong Liu,2022-08-02,,,no score,,,,📬,with Emma Erdbrink and Amelia Marino,Biggie Feedbag XL: Let's Make It Worse with Yusong Liu,,,False,,,,,,,,,,,False
361,361,main,Nothing Bundt Cakes with Becky Feldman,Nothing Bundt Cakes,Becky Feldman,2022-08-04,3.92,3.92,,,,,,,Nothing Bundt Cakes with Becky Feldman,Nothing Bundt Cakes,"Coffee, Bakery & Sweets",False,4.0,3.75,4.0,3.9166666666666665,4.0,3.75,4.0,3.9166666666666665,3.0,3.0,False
DD,,double,Slop Quiz Hotshot,Slop Quiz Hotshot,,2022-08-09,,,no score,,,,,with Emma Erdbrink,Slop Quiz Hotshot,,,False,,,,,,,,,,,False
362,362,main,sweetgreen 2 with Emmy Blotnick,sweetgreen,Emmy Blotnick,2022-08-11,3.92,3.92,,,,,,,sweetgreen 2 with Emmy Blotnick,sweetgreen,Healthy & Juice,False,4.5,3.75,3.5,3.9166666666666665,4.5,3.75,3.5,3.9166666666666665,3.0,3.0,False
DD,,double,Cereal with Jamelle Bouie,Cereal,Jamelle Bouie,2022-08-16,,,no score,,,,,,Cereal with Jamelle Bouie,,,False,,,,,,,,,,,False
363,363,main,Kopp's Frozen Custard with Marisa Pinson,Kopp's Frozen Custard,Marisa Pinson,2022-08-18,4.50,4.5,,🎤 accolade,in person,"Milwaukee, WI",🎤 Golden Plate Club,"live in Milwaukee, WI",Kopp's Frozen Custard with Marisa Pinson (live),Kopp's Frozen Custard,"Coffee, Bakery & Sweets",True,4.5,0.0,4.5,3.0,4.5,4.5,4.5,4.5,3.0,3.0,True
DD,,double,Ocean Draft,Ocean Draft,,2022-08-23,,,no score,,,,,,Ocean Draft,,,False,,,,,,,,,,,False
364,364,main,Buddy's Detroit-Style Pizza with Marisa Pinson,Buddy's Detroit-Style Pizza,Marisa Pinson,2022-08-25,4.83,4.83,,🎤 accolade,in person,"Detroit, MI",🎤 Golden Plate Club,"live in Detroit, MI",Buddy's Detroit-Style Pizza with Marisa Pinson (live),Buddy's Detroit-Style Pizza,Pizza & Italian,True,5.0,5.0,4.5,4.833333333333333,5.0,5.0,4.5,4.833333333333333,3.0,3.0,False
DD,,double,"Diners, Drive-Ins and Dives with Ben Axelrad","Diners, Drive-Ins and Dives",Ben Axelrad,2022-08-30,,,no score,,,,👨‍✈️📺,Doughboys Pilot Program,"Diners, Drive-Ins and Dives with Ben Axelrad",,,False,,,,,,,,,,,False
365,365,main,Cold Stone Nintendo with Heather Anne Campbell and Matt Apodaca,Cold Stone Nintendo,Heather Anne Campbell and Matt Apodaca,2022-09-01,1.38,1.38,,,,,Broken Plate Club,,Cold Stone Nintendo with Heather Anne Campbell and Matt Apodaca,Cold Stone Creamery,"Coffee, Bakery & Sweets",False,1.0,1.5,1.5,1.375,1.0,1.5,1.5,1.375,4.0,4.0,False
DD,,double,Biggie Feedbag XLI: Let's Make It Worse with Yusong Liu,Biggie Feedbag XLI: Let's Make It Worse,Yusong Liu,2022-09-06,,,no score,,,,📬,,Biggie Feedbag XLI: Let's Make It Worse with Yusong Liu,,,False,,,,,,,,,,,False
366,366,main,Hot Dog On A Stick with Paul F. Tompkins,Hot Dog On A Stick,Paul F. Tompkins,2022-09-08,4.00,4.0,,,,,Golden Plate Club,,Hot Dog On A Stick with Paul F. Tompkins,Hot Dog On A Stick,Burgers & Hot Dogs,False,4.0,4.0,4.0,4.0,4.0,4.0,4.0,4.0,3.0,3.0,False
DD,,double,Dark Side of the Spoon,Dark Side of the Spoon,,2022-09-13,,,no score,,,,📻,Pink Floyd,Dark Side of the Spoon,,,False,,,,,,,,,,,False
367,367,main,Pressed with Arden Myrin,Pressed,Arden Myrin,2022-09-15,4.33,4.33,,,,,Golden Plate Club,,Pressed with Arden Myrin,Pressed,Healthy & Juice,False,4.0,4.0,5.0,4.333333333333333,4.0,4.0,5.0,4.333333333333333,3.0,3.0,False
DD,,double,Burning Man with Jordan Morris,Burning Man,Jordan Morris,2022-09-20,,,no score,,,,,,Burning Man with Jordan Morris,,,False,,,,,,,,,,,False
368,368,main,Fat Sal's with Matt Christman,Fat Sal's,Matt Christman,2022-09-22,2.50,2.5,,,,,,,Fat Sal's with Matt Christman,Fat Sal's,Sandwiches & Subs,False,2.5,3.0,2.0,2.5,2.5,3.0,2.0,2.5,3.0,3.0,False
SP1,,snack_pack,Favorite SnackPack Flavors!,Favorite SnackPack Flavors!,,2022-09-22,,,no score,,,,Snack Pack,with Ben Simpson and Bill Oakley,,,,False,,,,,,,,,,,False
DD,,double,Bad Commercial Beers with Brandon Sornberger,Bad Commercial Beers,Brandon Sornberger,2022-09-27,,,no score,,,,,,Bad Commercial Beers with Brandon Sornberger,,,False,,,,,,,,,,,False
369,369,main,Fazoli's with Mitra Jouhari,Fazoli's,Mitra Jouhari,2022-09-29,4.00,4.0,,,,,Golden Plate Club,,Fazoli's with Mitra Jouhari,Fazoli's,Pizza & Italian,False,4.0,4.0,4.0,4.0,4.0,4.0,4.0,4.0,4.0,3.0,False
SP2,,snack_pack,"""I Like To Eat, Eat, Eat Apples and Bananas!""","""I Like To Eat, Eat, Eat Apples and Bananas!""",,2022-09-29,,,no score,,,,Snack Pack,"with Amelia Marino, Phish671, and Robert Persinger",,,,False,,,,,,,,,,,False
DD,,double,Muppet Treasure Island with Griffin Newman,Muppet Treasure Island,Griffin Newman,2022-10-04,,,no score,,,,🏴‍☠️☠️,Yarrrctdoughbarrrchest; Dinner is the Movie,Muppet Treasure Island with Griffin Newman,,,False,,,,,,,,,,,False
370,370,main,Pirate's Booty with John Hodgman,Pirate's Booty,John Hodgman,2022-10-06,2.42,2.42,,,,,🏴‍☠️☠️,Yarrrctdoughbarrrchest,Pirate's Booty with John Hodgman,Pirate's Booty,Other,False,2.0,2.75,2.5,2.4166666666666665,2.0,2.75,2.5,2.4166666666666665,3.0,3.0,False
SP3,,snack_pack,Ding Dongs or Twinkies?,Ding Dongs or Twinkies?,,2022-10-06,,,no score,,,,Snack Pack,"co-host Jon Gabrus; with Emma Erdbrink, Corinne Mitchell, Courtney Mitchell, and Mike Mitchell",,,,False,,,,,,,,,,,False
DD,,double,Pirates of the Caribbean Ride with Kyle Mooney,Pirates of the Caribbean Ride,Kyle Mooney,2022-10-11,5.00,5.0,,,,,🏴‍☠️☠️ 🔓,Yarrrctdoughbarrrchest,Pirates of the Caribbean Ride with Kyle Mooney,Pirates of the Caribbean Ride,Other,False,5.0,5.0,5.0,5.0,5.0,5.0,5.0,5.0,3.0,3.0,False
371,371,main,Pirates Dinner Adventure with Eva Anderson,Pirates Dinner Adventure,Eva Anderson,2022-10-13,2.67,2.67,,,,,🏴‍☠️☠️,Yarrrctdoughbarrrchest; also with Jeff Budner,Pirates Dinner Adventure with Eva Anderson,Pirates Dinner Adventure,Other,False,,,5.0,5.0,,,5.0,5.0,3.0,3.0,False
SP4,,snack_pack,Apple Cider Donuts!,Apple Cider Donuts!,,2022-10-13,,,no score,,,,Snack Pack,with Corinne Mitchell,,,,False,,,,,,,,,,,False
DD,,double,Grog with The Sloppy Boys,Grog,The Sloppy Boys,2022-10-18,,,no score,,,,🏴‍☠️☠️,"Yarrrctdoughbarrrchest; with Mike Hanford, Tim Kalpakis, Jefferson Dutton, Corrine Mitchell",Grog with The Sloppy Boys,,,False,,,,,,,,,,,False
372,372,main,Long John Silver's with Mano Agapion and Betsy Sodaro,Long John Silver's,Mano Agapion and Betsy Sodaro,2022-10-20,3.25,3.25,,,,,🏴‍☠️☠️,Yarrrctdoughbarrrchest,Long John Silver's with Mano Agapion and Betsy Sodaro,Long John Silver's,Seafood,False,,,3.25,3.25,,,3.25,3.25,4.0,4.0,False
SP5,,snack_pack,Pumpkin Spice and Everything Nice,Pumpkin Spice and Everything Nice,,2022-10-20,,,no score,,,,Snack Pack,,,,,False,,,,,,,,,,,False
DD,,double,Garfield's Halloween Adventure with Paul Rust,Garfield's Halloween Adventure,Paul Rust,2022-10-25,🔓,,no score,,,,🏴‍☠️☠️,Yarrrctdoughbarrrchest,Garfield's Halloween Adventure with Paul Rust,,,False,,,,,,,,,,,False
373,373,main,Blue Bayou with Podcast the Ride,Blue Bayou,Podcast the Ride,2022-10-27,4.08,4.08,,,,,🏴‍☠️☠️,"Yarrrctdoughbarrrchest; with Jason Sheridan, Mike Carlson, Scott Gairdner, Kyle Mooney, Jen D'Angelo",Blue Bayou with Podcast the Ride,Blue Bayou,Other,False,,,4.083333333333333,4.083333333333333,,,4.083333333333333,4.083333333333333,6.0,6.0,False
SP6,,snack_pack,Halloween Candy!,Halloween Candy!,,2022-10-27,,,no score,,,,Snack Pack,with Mookie Blaiklock,,,,False,,,,,,,,,,,False
DD,,double,Biggie Feedbag XLII with Yusong Liu,Biggie Feedbag XLII,Yusong Liu,2022-11-01,,,no score,,,,📬,🦃,Biggie Feedbag XLII with Yusong Liu,,,False,,,,,,,,,,,False
374,374,main,The Butcher's Daughter with Zach Cherry,The Butcher's Daughter,Zach Cherry,2022-11-03,4.42,4.42,,,,,Golden Plate Club,,The Butcher's Daughter with Zach Cherry,The Butcher's Daughter,Healthy & Juice,False,4.5,4.5,4.25,4.416666666666667,4.5,4.5,4.25,4.416666666666667,4.0,3.0,False
SP7,,snack_pack,Fritos!,Fritos!,,2022-11-03,,,no score,,,,Snack Pack,,,,,False,,,,,,,,,,,False
DD,,double,Mascot Draft with Fran Gillespie,Mascot Draft,Fran Gillespie,2022-11-08,,,no score,,,,💬,Doughscord Doughcision,Mascot Draft with Fran Gillespie,,,False,,,,,,,,,,,False
375,375,main,Subway Breakfast with Lily Sullivan,Subway Breakfast,Lily Sullivan,2022-11-10,2.50,2.5,,,,,,,Subway Breakfast with Lily Sullivan,Subway,Sandwiches & Subs,False,2.25,4.25,1.0,2.5,2.25,4.25,1.0,2.5,3.0,3.0,False
SP8,,snack_pack,Pop-Tarts!,Pop-Tarts!,,2022-11-10,,,no score,,,,Snack Pack,,,,,False,,,,,,,,,,,False
DD,,double,"Planes, Trains & Audoughmobiles with Mookie Blaiklock","Planes, Trains & Audoughmobiles",Mookie Blaiklock,2022-11-15,,,no score,,,,🍽️🎥,"Dinner is the Movie: Planes, Trains & Automobiles","Planes, Trains & Audoughmobiles with Mookie Blaiklock",,,False,,,,,,,,,,,False
376,376,main,Eataly with Griffin Newman and David Sims,Eataly,Griffin Newman and David Sims,2022-11-17,4.38,4.38,,,,,Golden Plate Club,,Eataly with Griffin Newman and David Sims,Eataly,Pizza & Italian,False,4.0,5.0,4.25,4.375,4.0,5.0,4.25,4.375,5.0,4.0,False
SP9,,snack_pack,Chicken Sandwiches,Chicken Sandwiches,,2022-11-17,,,no score,,,,Snack Pack,Wingstop Chicken Sandwich,,,,False,,,,,,,,,,,False
DD,,double,Mash-Off 5: The Revenge of Michael Mashters with Eva Anderson and Mike Hanford,Mash-Off,Eva Anderson and Mike Hanford,2022-11-22,,,no score,,,,🥔,,Mash-Off 5: The Revenge of Michael Mashters with Eva Anderson and Mike Hanford,,,False,,,,,,,,,,,False
DD,,double,Holiday Song Draft with Inessa Frantowski,Holiday Song Draft,Inessa Frantowski,2022-11-29,,,no score,,,,☃️,,Holiday Song Draft with Inessa Frantowski,,,False,,,,,,,,,,,False
377,377,main,Krispy Kreme 2 with Sam Sanders,Krispy Kreme,Sam Sanders,2022-12-01,4.75,4.75,,,,,Golden Plate Club,includes a rare 6 fork ranking,Krispy Kreme 2 with Sam Sanders,Krispy Kreme,"Coffee, Bakery & Sweets",False,4.25,4.0,6.0,4.75,4.25,4.0,6.0,4.75,3.0,3.0,False
SP10,,snack_pack,Wendy's Frosties,Wendy's Frosties,,2022-12-01,,,no score,,,,Snack Pack,,,,,False,,,,,,,,,,,False
DD,,double,Biggie Feedbag XLIII with Yusong Liu,Biggie Feedbag XLIII,Yusong Liu,2022-12-06,,,no score,,,,📬,,Biggie Feedbag XLIII with Yusong Liu,,,False,,,,,,,,,,,False
378,378,main,85°C Bakery Cafe with Lauren McGuire,85°C Bakery Cafe,Lauren McGuire,2022-12-08,2.67,2.67,,,,,,,85°C Bakery Cafe with Lauren McGuire,85°C Bakery Cafe,"Coffee, Bakery & Sweets",False,3.0,2.5,2.5,2.6666666666666665,3.0,2.5,2.5,2.6666666666666665,3.0,3.0,False
SP11,,snack_pack,Freaks For All,Freaks For All,,2022-12-08,,,no score,,,,Snack Pack,with Shaun Diston,,,,False,,,,,,,,,,,False
DD,,double,The Muppet Christmas Carol with Mark Rennie,The Muppet Christmas Carol,Mark Rennie,2022-12-13,,,no score,,,,🍽️🎥  💬,Dinner is the Movie; Doughscord Doughcision,The Muppet Christmas Carol with Mark Rennie,,,False,,,,,,,,,,,False
379,379,main,Shake Shack 3 with Evan Susser,Shake Shack,Evan Susser,2022-12-15,3.67,3.67,,,,,🥩🥤,The Fallout Episode,Shake Shack 3 with Evan Susser,Shake Shack,Burgers & Hot Dogs,False,3.0,4.0,4.0,3.6666666666666665,3.0,4.0,4.0,3.6666666666666665,4.0,3.0,False
SP12,,snack_pack,Santa's Naughty or Nice List,Santa's Naughty or Nice List,,2022-12-15,,,no score,,,,Snack Pack,"with Mookie Blaiklock, Emma Erdbrink, Amelia Marino, and Phish671",,,,False,,,,,,,,,,,False
DD,,double,Gorko's Planet Clergmas Spectacular,Gorko's Planet Clergmas Spectacular,,2022-12-20,🔓,,no score,,,,🎄,Doughboys Holiday Special,Gorko's Planet Clergmas Spectacular,,,False,,,,,,,,,,,False
DD,,double,The Third Annual Drop Off with Emma Erdbrink and Robert Persinger,The Third Annual Drop Off,Emma Erdbrink and Robert Persinger,2022-12-27,,,no score,,,,🚽,,The Third Annual Drop Off with Emma Erdbrink and Robert Persinger,,,False,,,,,,,,,,,False
DD,,double,Biggie Feedbag XLIV,Biggie Feedbag XLIV,,2023-01-03,,,no score,,,,📬,"with Emma Erdbrink, Yusong Liu, and Amelia Marino",Biggie Feedbag XLIV,,,False,,,,,,,,,,,False
SP13,,snack_pack,The Some of The Doughboys Snack Pack,The Some of The Doughboys Snack Pack,,2023-01-05,🔓,,no score,,,,Snack Pack,"a 'best of' the Snack Pack; with Shaun Diston, Evan Susser, Mookie Blaiklock",,,,False,,,,,,,,,,,False
DD,,double,Coffee with Casey Johnston,Coffee,Casey Johnston,2023-01-10,,,no score,,,,💬,Doughscord Doughcision,Coffee with Casey Johnston,,,False,,,,,,,,,,,False
380,380,main,SushiStop with Alie Ward,SushiStop,Alie Ward,2023-01-12,3.17,3.17,,,,,,,SushiStop with Alie Ward,SushiStop,Asian,False,3.0,3.0,3.5,3.1666666666666665,3.0,3.0,3.5,3.1666666666666665,3.0,3.0,False
DD,,double,Cookie Draft with Christine Nangle,Cookie Draft,Christine Nangle,2023-01-17,,,no score,,,,,,Cookie Draft with Christine Nangle,,,False,,,,,,,,,,,False
381,381,main,MIXT with Ryan Perez,MIXT,Ryan Perez,2023-01-19,2.67,2.67,,,,,,,MIXT with Ryan Perez,MIXT,Healthy & Juice,False,3.0,2.5,2.5,2.6666666666666665,3.0,2.5,2.5,2.6666666666666665,3.0,3.0,False
DD,,double,Water 4: Avatar: The Way of Water with Sam Saulsbury,Water,Sam Saulsbury,2023-01-24,,,no score,,,,💧🍽️🎥,Dinner is the Movie,Water 4: Avatar: The Way of Water with Sam Saulsbury,,,False,,,,,,,,,,,False
382,382,main,Jack in the Box 2 with Don't Stop or We'll Die,Jack in the Box,Don't Stop or We'll Die,2023-01-26,3.81,3.81,,,,,,,Jack in the Box 2 with Don't Stop or We'll Die,Jack in the Box,Burgers & Hot Dogs,False,4.0,4.0,3.625,3.8125,4.0,4.0,3.625,3.8125,4.0,4.0,False
DD,,double,Dialects with Allan McLeod,Dialects,Allan McLeod,2023-01-31,,,no score,,,,💬,Doughscord Doughcision,Dialects with Allan McLeod,,,False,,,,,,,,,,,False
383,383,main,Corner Bakery with Marques Ray,Corner Bakery,Marques Ray,2023-02-02,4.00,4.0,,,,,,,Corner Bakery with Marques Ray,Corner Bakery,"Coffee, Bakery & Sweets",False,4.0,3.5,4.5,4.0,4.0,3.5,4.5,4.0,4.0,3.0,False
DD,,double,Biggie Feedbag XLV with Yusong Liu,Biggie Feedbag XLV,Yusong Liu,2023-02-07,,,no score,,,,📬,,Biggie Feedbag XLV with Yusong Liu,,,False,,,,,,,,,,,False
384,384,main,Jeni's Splendid Ice Creams with Lilan Bowden,Jeni's Splendid Ice Creams,Lilan Bowden,2023-02-09,5.00,5.0,,,,,Platinum Plate Club,,Jeni's Splendid Ice Creams with Lilan Bowden,Jeni's Splendid Ice Creams,"Coffee, Bakery & Sweets",False,5.0,5.0,5.0,5.0,5.0,5.0,5.0,5.0,3.0,3.0,False
DD,,double,Gone Girl with Jackie Durruthy and Patrick Babbitt,Gone Girl,Jackie Durruthy and Patrick Babbitt,2023-02-14,,,no score,,,,🍽️🎥,Love Week ❤️; Dinner is the Movie,Gone Girl with Jackie Durruthy and Patrick Babbitt,,,False,,,,,,,,,,,False
385,385,main,Sonic Drive-In 2 with Alana Johnston 🔪 and Norm Sousa,Sonic Drive-In,Alana Johnston 🔪 and Norm Sousa,2023-02-16,4.38,4.38,,,,,Platinum Plate Club,Love Week ❤️,Sonic Drive-In 2 with Alana Johnston and Norm Sousa,Sonic Drive-In,Burgers & Hot Dogs,False,5.0,5.0,3.75,4.375,5.0,5.0,3.75,4.375,4.0,4.0,False
DD,,double,All Elite Podcasting: Tuesday Night Dynabite with Evan Susser,All Elite Podcasting: Tuesday Night Dynabite,Evan Susser,2023-02-21,4.13,4.13,,,,,Golden Plate Club,with Colt Cabana and Mike Carlson,All Elite Podcasting: Tuesday Night Dynabite with Evan Susser,All Elite Podcasting: Tuesday Night Dynabite,Other,False,4.0,4.25,,4.125,4.0,4.25,,4.125,2.0,2.0,False
386,386,main,Spitz with John Hodgman,Spitz,John Hodgman,2023-02-23,4.08,4.08,,,,,Golden Plate Club,,Spitz with John Hodgman,Spitz,Mediterranean,False,4.0,4.25,4.0,4.083333333333333,4.0,4.25,4.0,4.083333333333333,3.0,3.0,False
DD,,double,Energy Drinks with Geoffrey James,Energy Drinks,Geoffrey James,2023-02-28,,,no score,notes,livestream,,,"live, as part Headgum 24-Hour Livestream event; also with Jon Gabrus and Allie Kahan",Energy Drinks with Geoffrey James,,,True,,,,,,,,,,,False
387,387,main,CAVA vs. sweetgreen with Adam Pally,CAVA vs. sweetgreen,Adam Pally,2023-03-02,winner: CAVA,,competition: winner: CAVA,,,,🍲,Munch Madness 2023: Tournament of Chompions: BOWL: Work Lunch Region; also with Evan Susser,Cava vs. Sweetgreen with Adam Pally,,,False,,,,,,,,,,,False
DD,,double,Poké Bar v Sweetfin Poké with Oscar Montoya,Poké Bar v Sweetfin Poké,Oscar Montoya,2023-03-07,winner: Sweetfin,,competition: winner: Sweetfin,,,,🍲,Munch Madness 2023: Tournament of Chompions: BOWL: Poké Region,Poké Bar v Sweetfin Poké with Oscar Montoya,,,False,,,,,,,,,,,False
388,388,main,Pressed vs. Jamba with Zach Cherry,Pressed vs. Jamba,Zach Cherry,2023-03-09,winner: Pressed,,competition: winner: Pressed,,,,🍲,Munch Madness 2023: Tournament of Chompions: BOWL: Acai Region,Pressed vs. Jamba with Zach Cherry,,,False,,,,,,,,,,,False
DD,,double,Chipotle vs. Yoshinoya with Jordan Morris,Chipotle vs. Yoshinoya,Jordan Morris,2023-03-14,winner: Chipotle,,competition: winner: Chipotle,,,,🍲,Munch Madness 2023: Tournament of Chompions: BOWL: Rumblies Region,Chipotle vs. Yoshinoya with Jordan Morris,,,False,,,,,,,,,,,False
389,389,main,CAVA vs. Sweetfin with Arden Myrin,CAVA vs. Sweetfin,Arden Myrin,2023-03-16,winner: Sweetfin,,competition: winner: Sweetfin,,,,🍲,Munch Madness 2023: Tournament of Chompions: BOWL: Semi-Soft Finals,CAVA vs. Sweetfin with Arden Myrin,,,False,,,,,,,,,,,False
DD,,double,KFC vs. Papa John's vs. Cereal with Tami Sagher,KFC vs. Papa John's vs. Cereal,Tami Sagher,2023-03-21,winner: KFC,,competition: winner: KFC,,,,🍲,Munch Madness 2023: Tournament of Chompions: BOWL: Toilet Bowl Region,KFC vs. Papa John's vs. Cereal with Tami Sagher,,,False,,,,,,,,,,,False
390,390,main,Chipotle vs. Pressed with Paul Scheer,Chipotle vs. Pressed,Paul Scheer,2023-03-23,winner: Chipotle,,competition: winner: Chipotle,,,,🍲,Munch Madness 2023: Tournament of Chompions: BOWL: Semi-Soft Finals,Chipotle vs. Pressed with Paul Scheer,,,False,,,,,,,,,,,False
DD,,double,Bread Dead Redemption with Joe Saunders,Bread Dead Redemption,Joe Saunders,2023-03-28,winner: sweetgreen,,competition: winner: sweetgreen,,,,🍲,Munch Madness 2023: Tournament of Chompions: BOWL: Fat Chance Kitchen,Bread Dead Redemption with Joe Saunders,,,False,,,,,,,,,,,False
391,391,main,Sweetfin vs. Chipotle vs. sweetgreen with Lauren Lapkus and Nicole Byer,Sweetfin vs. Chipotle vs. sweetgreen,Lauren Lapkus and Nicole Byer,2023-03-30,winner: Chipotle / sweetgreen,,competition: winner: Chipotle / sweetgreen,notes,livestream,,🍲,Munch Madness 2023: Tournament of Chompions: BOWL: Finale (live),Sweetfin vs. Chipotle vs. sweetgreen with Lauren Lapkus and Nicole Byer,,,True,,,,,,,,,,,False
DD,,double,Biggie Feedbag XLVI with Amelia Marino and Emma Erdbrink,Biggie Feedbag XLVI,Amelia Marino and Emma Erdbrink,2023-04-04,,,no score,,,,🍲📬,Munch Madness 2023: Tournament of Chompions: BOWL: Feedbag,Biggie Feedbag XLVI with Amelia Marino and Emma Erdbrink,,,False,,,,,,,,,,,False
392,392,main,Honeybee Burger with Mort Burke,Honeybee Burger,Mort Burke,2023-04-06,4.00,4.0,,,,,Golden Plate Burp Club,,Honeybee Burger with Mort Burke,Honeybee Burger,Burgers & Hot Dogs,False,4.0,4.0,4.0,4.0,4.0,4.0,4.0,4.0,3.0,3.0,False
DD,,double,The Industry's Largest Chains with Andy Ross,The Industry's Largest Chains,Andy Ross,2023-04-11,,,no score,,,,,,The Industry's Largest Chains with Andy Ross,,,False,,,,,,,,,,,False
393,393,main,Two Hands Corn Dogs with Jamie Loftus,Two Hands Corn Dogs,Jamie Loftus,2023-04-13,3.00,3.0,,,,,Hand-Holding Club,,Two Hands Corn Dogs with Jamie Loftus,Two Hands Corn Dogs,Burgers & Hot Dogs,False,3.0,3.0,3.0,3.0,3.0,3.0,3.0,3.0,3.0,3.0,False
DD,,double,Sandwich Ingredients Draft with Libby Watson,Sandwich Ingredients Draft,Libby Watson,2023-04-18,,,no score,,,,💬,Doughscord Doughcision,Sandwich Ingredients Draft with Libby Watson,,,False,,,,,,,,,,,False
394,394,main,Crumbl Cookies with Mary Jane Gibson and Mike Glazer,Crumbl Cookies,Mary Jane Gibson and Mike Glazer,2023-04-20,3.50,3.5,,,,,🌿,,Crumbl Cookies with Mary Jane Gibson and Mike Glazer,Crumbl Cookies,"Coffee, Bakery & Sweets",False,3.5,3.5,3.5,3.5,3.5,3.5,3.5,3.5,4.0,4.0,False
DD,,double,History of Sandwiches with Barry Enderwick,History of Sandwiches,Barry Enderwick,2023-04-25,,,no score,,,,,,History of Sandwiches with Barry Enderwick,,,False,,,,,,,,,,,False
395,395,main,Orange Julius with Scott Aukerman,Orange Julius,Scott Aukerman,2023-04-27,4.17,4.17,,,,,Golden Plate Club,,Orange Julius with Scott Aukerman,Orange Julius,"Coffee, Bakery & Sweets",False,4.0,4.0,4.5,4.166666666666667,4.0,4.0,4.5,4.166666666666667,3.0,3.0,False
DD,,double,Alien³,Alien³,,2023-05-02,,,no score,,,,,Maynk,Alien³,,,False,,,,,,,,,,,False
396,396,main,Erewhon with Dan Lippert and Ryan Rosenberg,Erewhon,Dan Lippert and Ryan Rosenberg,2023-05-04,2.38,2.38,,,,,,,Erewhon with Dan Lippert and Ryan Rosenberg,Erewhon,Other,False,3.0,2.5,2.0,2.375,3.0,2.5,2.0,2.375,4.0,4.0,False
DD,,double,Fight Club with Eva Anderson,Fight Club,Eva Anderson,2023-05-09,,,no score,,,,,Maynk,Fight Club with Eva Anderson,,,False,,,,,,,,,,,False
397,397,main,Kura with Jesse Farrar and Mike Hale,Kura,Jesse Farrar and Mike Hale,2023-05-11,4.38,4.38,,,,,Golden Plate Club,,Kura with Jesse Farrar and Mike Hale,Kura,Asian,False,4.0,4.0,4.75,4.375,4.0,4.0,4.75,4.375,4.0,4.0,False
DD,,double,The Girl with the Dragon Tattoo with Jefferson Dutton,The Girl,the Dragon Tattoo with Jefferson Dutton,2023-05-16,,,no score,,,,💬,Maynk; Doughscord Doughcision,The Girl with the Dragon Tattoo with Jefferson Dutton,,,False,,,,,,,,,,,False
398,398,main,Fatburger 2 with Andrea Jin,Fatburger,Andrea Jin,2023-05-18,4.25,4.25,,,,,Golden Plate Club,,Fatburger 2 with Andrea Jin,Fatburger,Burgers & Hot Dogs,False,4.5,4.25,4.00000001,4.250000003333334,4.5,4.25,4.00000001,4.250000003333334,3.0,3.0,False
DD,,double,The Social Network with Drew McWeeny,The Social Network,Drew McWeeny,2023-05-23,,,no score,,,,,Maynk,The Social Network with Drew McWeeny,,,False,,,,,,,,,,,False
399,399,main,Domino's 3 Loaded Tots with Emily Gonzalez and Henley Cox,Domino's,Emily Gonzalez and Henley Cox,2023-05-25,5.00,5.0,,,,,Platinum Plate Club,Loaded Tots: 1.63 forks (Broken Plate Club),Domino's 3 Loaded Tots with Emily Gonzalez and Henley Cox,Domino's,Pizza & Italian,False,5.0,5.0,5.0,5.0,5.0,5.0,5.0,5.0,4.0,4.0,False
DD,,double,Mindhunter with Emma Erdbrink,Mindhunter,Emma Erdbrink,2023-05-30,,,no score,,,,👨‍✈️📺,Maynk; Doughboys Pilot Program,Mindhunter with Emma Erdbrink,,,False,,,,,,,,,,,False
400,400,main,Good Humor with Evan Susser,Good Humor,Evan Susser,2023-06-01,5.00,5.0,,,,,Platinum Plate Club,also with Mike Hanford,Good Humor with Evan Susser,Good Humor,"Coffee, Bakery & Sweets",False,5.0,5.0,5.0,5.0,5.0,5.0,5.0,5.0,3.0,3.0,False
DD,,double,Zodiac with Ariana Lenarsky (Podcaster's Cut),Zodiac,Ariana Lenarsky (Podcaster's Cut),2023-06-06,,,no score,,,,,Junek,Zodiac with Ariana Lenarsky (Podcaster's Cut),,,False,,,,,,,,,,,False
401,401,main,Jollibee 2 with John Early and Claudia O'Doherty,Jollibee,John Early and Claudia O'Doherty,2023-06-08,4.44,4.44,,,,,Golden Plate Club,,Jollibee 2 with John Early and Claudia O'Doherty,Jollibee,Asian,False,4.0,5.0,4.375,4.4375,4.0,5.0,4.375,4.4375,4.0,4.0,False
DD,,double,A Starry is Burns with Matt Apodaca,A Starry is Burns,Matt Apodaca,2023-06-13,,,no score,notes,watchalong,,,live watchalong of The Simpsons,A Starry is Burns with Matt Apodaca,,,True,,,,,,,,,,,False
402,402,main,KazuNori with Joanna Calo,KazuNori,Joanna Calo,2023-06-15,4.33,4.33,,,,,Golden Plate Club,,KazuNori with Joanna Calo,KazuNori,Asian,False,4.25,4.25,4.5,4.333333333333333,4.25,4.25,4.5,4.333333333333333,3.0,3.0,False
DD,,double,Discussing Disgusting,Discussing Disgusting,,2023-06-20,,,no score,,,,💬,Doughscord Doughcision,Discussing Disgusting,,,False,,,,,,,,,,,False
403,403,main,Ledo Pizza with Jamelle Bouie & Tami Sagher,Ledo Pizza,Jamelle Bouie & Tami Sagher,2023-06-22,3.00,3.0,,🎤 accolade,in person,"Washington, DC",🎤,"live in Washington, DC",Ledo Pizza with Jamelle Bouie & Tami Sagher,Ledo Pizza,Pizza & Italian,True,3.0,4.0,2.5,3.0,3.0,4.0,2.5,3.0,4.0,4.0,False
DD,,double,Let's Stretch!,Let's Stretch!,,2023-06-27,,,no score,,,,,,Let's Stretch!,,,False,,,,,,,,,,,False
404,404,main,"Gray's Papaya with Zach Cherry, Mike Hanford, & Tami Sagher",Gray's Papaya,"Zach Cherry, Mike Hanford, & Tami Sagher",2023-06-29,4.55,4.55,,🎤 accolade,in person,"New York, NY",🎤 Golden Plate Club,"live in New York, NY","Gray's Papaya with Zach Cherry, Mike Hanford, & Tami Sagher",Gray's Papaya,Burgers & Hot Dogs,True,4.5,5.0,4.416666666666667,4.55,4.5,5.0,4.416666666666667,4.55,5.0,5.0,False
DD,,double,"Red, White, and Purple: Fireworks Draft","Red, White, and Purple: Fireworks Draft",,2023-07-04,,,no score,,,,,with Amelia Marino and Casey Donahue; also the Grimace Shake,"Red, White, and Purple: Fireworks Draft",,,False,,,,,,,,,,,False
405,405,main,"Tasty Burger with Mookie Blaiklock, Zach Cherry, & Mike Hanford",Tasty Burger,"Mookie Blaiklock, Zach Cherry, & Mike Hanford",2023-07-06,3.94,3.94,,🎤 accolade,in person,"Medford, MA",🎤,"live in Medford, MA","Tasty Burger with Mookie Blaiklock, Zach Cherry, & Mike Hanford",Tasty Burger,Burgers & Hot Dogs,True,4.0,5.0,3.375,3.9375,4.0,5.0,3.375,3.9375,4.0,4.0,False
DD,,double,Biggie Feedbag XLVIIII,Biggie Feedbag XLVIIII,,2023-07-11,,,no score,,,,📬,with Amelia Marino,Biggie Feedbag XLVIIII,,,False,,,,,,,,,,,False
406,406,main,Taco John's with Carl Tart,Taco John's,Carl Tart,2023-07-13,2.85,2.85,,🎤 accolade,in person,"Minneapolis, MN",🎤,"live in Minneapolis, MN",Taco John's with Carl Tart,Taco John's,Mexican,True,2.5,3.25,2.8,2.85,2.5,3.25,2.8,2.85,3.0,3.0,False
DD,,double,Jamaican Sodas with Shaun Diston,Jamaican Sodas,Shaun Diston,2023-07-18,,,no score,,,,🤡,,Jamaican Sodas with Shaun Diston,,,False,,,,,,,,,,,False
407,407,main,Taco Bell VIII with Samoa Joe,Taco Bell VIII,Samoa Joe,2023-07-20,3.67,3.67,,,,,🤡,,Taco Bell VIII with Samoa Joe,Taco Bell,Mexican,False,5.0,5.0,3.0,4.333333333333333,5.0,5.0,3.0,4.333333333333333,3.0,3.0,False
DD,,double,Dogvengers Awooossemble with Jared Bankens,Dogvengers Awooossemble,Jared Bankens,2023-07-25,,,no score,,,,🤡,,Dogvengers Awooossemble with Jared Bankens,,,False,,,,,,,,,,,False
408,408,main,HomeState with Stephanie Beatriz,HomeState,Stephanie Beatriz,2023-07-27,5.00,5.0,,,,,🤡 Platinum Plate Club,,HomeState with Stephanie Beatriz,HomeState,Mexican,False,5.0,5.0,5.0,5.0,5.0,5.0,5.0,5.0,3.0,3.0,False
DD,,double,Biggie Feedbag XLVII,Biggie Feedbag XLVII,,2023-08-01,,,no score,,,,📬,Summer Bummer,Biggie Feedbag XLVII,,,False,,,,,,,,,,,False
409,409,main,Do-Rite Donuts with Carl Tart,Do-Rite Donuts,Carl Tart,2023-08-03,4.92,4.92,,🎤 accolade,in person,"Chicago, IL",🎤 Golden Plate Club,"live in Chicago, IL; also with Jamie Loftus",Do-Rite Donuts with Carl Tart,Do-Rite Donuts,"Coffee, Bakery & Sweets",True,5.0,5.0,4.75,4.916666666666667,5.0,5.0,4.75,4.916666666666667,3.0,3.0,False
DD,,double,Chips: Can We Trust Them? with Alana Johnston 🔪,Chips: Can We Trust Them?,Alana Johnston 🔪,2023-08-08,,,no score,,,,,with Evan Susser,Chips: Can We Trust Them? with Alana Johnston,,,False,,,,,,,,,,,False
410,410,main,Rick's Drive In & Out with Ashley Ray,Rick's Drive In & Out,Ashley Ray,2023-08-10,4.00,4.0,,,,,Golden Plate Club,,Rick's Drive In & Out with Ashley Ray,Rick's Drive In & Out,Burgers & Hot Dogs,False,4.0,4.0,4.0,4.0,4.0,4.0,4.0,4.0,3.0,3.0,False
DD,,double,School Lunch with Matt Apodaca and Jacob Wysocki,School Lunch,Matt Apodaca and Jacob Wysocki,2023-08-15,🔓,,no score,,,,💬,Doughscord Doughcision,School Lunch with Matt Apodaca and Jacob Wysocki,,,False,,,,,,,,,,,False
411,411,main,Howlin' Rays with Kumail Nanjiani,Howlin' Rays,Kumail Nanjiani,2023-08-17,4.67,4.67,,,,,Golden Plate Club,,Howlin' Rays with Kumail Nanjiani,Howlin' Rays,Chicken,False,5.0,5.0,4.0,4.666666666666667,5.0,5.0,4.0,4.666666666666667,3.0,3.0,False
DD,,double,G FUEL with Brett Butler,G FUEL,Brett Butler,2023-08-22,,,no score,,,,,,G FUEL with Brett Butler,,,False,,,,,,,,,,,False
412,412,main,Sombrero with Neil Campbell and Fran Gillespie,Sombrero,Neil Campbell and Fran Gillespie,2023-08-24,3.38,3.38,,🎤 accolade,in person,"San Diego, CA",🎤,"live in San Diego, CA",Sombrero with Neil Campbell and Fran Gillespie,Sombrero,Mexican,True,3.0,4.0,3.25,3.375,3.0,4.0,3.25,3.375,4.0,4.0,False
DD,,double,Bud Bowl with David Neher,Bud Bowl,David Neher,2023-08-29,,,no score,,,,,,Bud Bowl with David Neher,,,False,,,,,,,,,,,False
413,413,main,Qwench Juice Bar with Eliza Skinner,Qwench Juice Bar,Eliza Skinner,2023-08-31,4.25,4.25,,,,,,,Qwench Juice Bar with Eliza Skinner,Qwench Juice Bar,Healthy & Juice,False,4.5,3.75,4.5,4.25,4.5,3.75,4.5,4.25,3.0,3.0,False
DD,,double,Biggie Feedbag XLVIII,Biggie Feedbag XLVIII,,2023-09-05,,,no score,,,,📬,with Yusong Liu,Biggie Feedbag XLVIII,,,False,,,,,,,,,,,False
414,414,main,Pollo Campero with Jack Allison and Kate Shapiro,Pollo Campero,Jack Allison and Kate Shapiro,2023-09-07,4.50,4.5,,,,,,,Pollo Campero with Jack Allison and Kate Shapiro,Pollo Campero,Chicken,False,4.5,5.0,4.25,4.5,4.5,5.0,4.25,4.5,4.0,4.0,False
DD,,double,Oops! All Segments!,Oops! All Segments!,,2023-09-12,,,no score,,,,🤦‍♂️,"with Emma Erdbrink, John Hodgman, Zach Cherry, Eva Anderson, Yusong Liu",Oops! All Segments!,,,False,,,,,,,,,,,False
415,415,main,Sidecar Doughnuts with David Wain,Sidecar Doughnuts,David Wain,2023-09-14,2.95,2.95,,,,,,,Sidecar Doughnuts with David Wain,Sidecar Doughnuts,"Coffee, Bakery & Sweets",False,3.0,2.75,3.1,2.9499999999999997,3.0,2.75,3.1,2.9499999999999997,3.0,3.0,False
DD,,double,Mt. Karaokemore with Becky Feldman,Mt. Karaokemore,Becky Feldman,2023-09-19,,,no score,,,,💬,Doughscord Doughcision,Mt. Karaokemore with Becky Feldman,,,False,,,,,,,,,,,False
416,416,main,Guisados with Lamar Woods,Guisados,Lamar Woods,2023-09-21,5.33,5.33,,,,,Golden Plate Club,Mitch's 6 Fork Rating; Nick's 6 Fork Rating,Guisados with Lamar Woods,Guisados,Mexican,False,6.0,6.0,4.0,5.333333333333333,6.0,6.0,4.0,5.333333333333333,3.0,3.0,False
DD,,double,Raining Man with Amelia Marino,Raining Man,Amelia Marino,2023-09-26,,,no score,,,,,,Raining Man with Amelia Marino,,,False,,,,,,,,,,,False
417,417,main,Hungry Howies with Joe Kwaczala,Hungry Howies,Joe Kwaczala,2023-09-28,2.88,2.88,,,,,,,Hungry Howies with Joe Kwaczala,Hungry Howies,Pizza & Italian,False,2.5,2.25,3.375,2.875,2.5,2.25,3.375,2.875,4.0,4.0,False
DD,,double,Deep Blue Sea with Kate Doyle,Deep Blue Sea,Kate Doyle,2023-10-03,,,no score,,,,💀⚰️,Shockdoughbooerdeath; Dinner is the Movie 🦈,Deep Blue Sea with Kate Doyle,,,False,,,,,,,,,,,False
418,418,main,Voodoo Doughnut with Oscar Montoya,Voodoo Doughnut,Oscar Montoya,2023-10-05,3.38,3.38,,,,,💀⚰️,Shockdoughbooerdeath,Voodoo Doughnut with Oscar Montoya,Voodoo Doughnut,"Coffee, Bakery & Sweets",False,,,3.375,3.375,,,3.375,3.375,4.0,4.0,False
DD,,double,Liquid Death with Eric Edelstein,Liquid Death,Eric Edelstein,2023-10-10,,,no score,,,,💀⚰️,Shockdoughbooerdeath,Liquid Death with Eric Edelstein,,,False,,,,,,,,,,,False
419,419,main,Zankou Chicken with Jason Mantzoukas,Zankou Chicken,Jason Mantzoukas,2023-10-12,5.67,5.67,,,,,💀⚰️ Platinum Plate Club,Shockdoughbooerdeath; Mitch's 6 Fork Rating; Jason's 6 Fork Rating;,Zankou Chicken with Jason Mantzoukas,Zankou Chicken,Chicken,False,,,5.375,5.375,,,5.375,5.375,4.0,4.0,False
DD,,double,Kills Draft with Betsy Sodaro,Kills Draft,Betsy Sodaro,2023-10-17,,,no score,,,,💀⚰️,Shockdoughbooerdeath,Kills Draft with Betsy Sodaro,,,False,,,,,,,,,,,False
420,420,main,Lucifers Pizza with Eva Anderson,Lucifers Pizza,Eva Anderson,2023-10-19,3.25,3.25,,,,,💀⚰️,Shockdoughbooerdeath,Lucifers Pizza with Eva Anderson,Lucifers Pizza,Pizza & Italian,False,,,3.25,3.25,,,3.25,3.25,3.0,3.0,False
DD,,double,Candy Corn Power Hour with Marisa Pinson,Candy Corn Power Hour,Marisa Pinson,2023-10-24,🔓,,no score,,,,💀⚰️ 💬 ⏲️,Shockdoughbooerdeath; Doughscord Doughcision,Candy Corn Power Hour with Marisa Pinson,,,False,,,,,,,,,,,False
421,421,main,Boo's Philly Cheesesteaks with Don't Stop or We'll Die,Boo's Philly Cheesesteaks,Don't Stop or We'll Die,2023-10-26,3.63,3.63,,🎤 accolade,in person,"Los Angeles, CA",💀⚰️ 🎤,"Shockdoughbooerdeath; live in Los Angeles, CA",Boo's Philly Cheesesteaks with Don't Stop or We'll Die,Boo's Philly Cheesesteaks,Sandwiches & Subs,True,,,3.625,3.625,,,3.625,3.625,4.0,4.0,False
DD,,double,G-g-g-Ghosts! And C-c-c-Candy with Mano Agapion,G-g-g-Ghosts! And C-c-c-Candy,Mano Agapion,2023-10-31,,,no score,,,,💀⚰️,Shockdoughbooerdeath,G-g-g-Ghosts! And C-c-c-Candy with Mano Agapion,,,False,,,,,,,,,,,False
422,422,main,Big Chicken with Dan Black,Big Chicken,Dan Black,2023-11-02,0.83,0.83,,,,,Broken Plate Club,,Big Chicken with Dan Black,Big Chicken,Chicken,False,1.0,1.0,0.5,0.8333333333333334,1.0,1.0,0.5,0.8333333333333334,3.0,3.0,False
DD,,double,Biggie Feedbag XLIX with Yusong Liu,Biggie Feedbag XLIX,Yusong Liu,2023-11-07,,,no score,,,,📬,,Biggie Feedbag XLIX with Yusong Liu,,,False,,,,,,,,,,,False
423,423,main,Black Angus Steakhouse with Tim Heidecker,Black Angus Steakhouse,Tim Heidecker,2023-11-09,2.33,2.33,,,,,,,Black Angus Steakhouse with Tim Heidecker,Black Angus Steakhouse,American & Casual Dining,False,2.75,2.25,2.0,2.3333333333333335,2.75,2.25,2.0,2.3333333333333335,3.0,3.0,False
DD,,double,Doughboys Dinner Theatre with Julia Prescott,Doughboys Dinner Theatre,Julia Prescott,2023-11-14,,,no score,,,,,,Doughboys Dinner Theatre with Julia Prescott,,,False,,,,,,,,,,,False
424,424,main,Milk Bar with Lisa Gilroy,Milk Bar,Lisa Gilroy,2023-11-16,3.00,3.0,,,,,,,Milk Bar with Lisa Gilroy,Milk Bar,"Coffee, Bakery & Sweets",False,3.0,3.0,3.0,3.0,3.0,3.0,3.0,3.0,3.0,3.0,False
DD,,double,Mash-Off 6: The Chompit: The Battle of the 5 Cookies with Eva Anderson and Mike Hanford,Mash-Off,Eva Anderson and Mike Hanford,2023-11-21,🔓,,no score,,,,🥔💬,Doughscord Doughcision,Mash-Off 6: The Chompit: The Battle of the 5 Cookies with Eva Anderson and Mike Hanford,,,False,,,,,,,,,,,False
DD,,double,Cranberries Four Ways with Toni Charline Ramos,Cranberries Four Ways,Toni Charline Ramos,2023-11-28,,,no score,,,,📻,,Cranberries Four Ways with Toni Charline Ramos,,,False,,,,,,,,,,,False
425,425,main,Robeks with Ben Rodgers,Robeks,Ben Rodgers,2023-11-30,3.33,3.33,,,,,,,Robeks with Ben Rodgers,Robeks,Healthy & Juice,False,3.5,3.5,3.0,3.3333333333333335,3.5,3.5,3.0,3.3333333333333335,3.0,3.0,False
DD,,double,Biggie Feedbag L with Yusong Liu,Biggie Feedbag L,Yusong Liu,2023-12-05,,,no score,,,,📬,,Biggie Feedbag L with Yusong Liu,,,False,,,,,,,,,,,False
426,426,main,Salt & Straw with Neil Campbell and Andy Samberg,Salt & Straw,Neil Campbell and Andy Samberg,2023-12-07,4.50,4.5,,,,,Golden Plate Club,,Salt & Straw with Neil Campbell and Andy Samberg,Salt & Straw,"Coffee, Bakery & Sweets",False,4.0,4.5,4.75,4.5,4.0,4.5,4.75,4.5,4.0,4.0,False
DD,,double,Procrastination with Haley Mancini,Procrastination,Haley Mancini,2023-12-12,,,no score,,,,,with Marc Doofson,Procrastination with Haley Mancini,,,False,,,,,,,,,,,False
427,427,main,The Musso & Frank Grill with Evan Susser,The Musso & Frank Grill,Evan Susser,2023-12-14,5.33,5.33,,,,,🥩🥤 Platinum Plate Club,"Mitch's 6 Fork Rating; with Amelia Marino, Matt Kowalick, Stephanie Beatriz",The Musso & Frank Grill with Evan Susser,The Musso & Frank Grill,American & Casual Dining,False,5.0,6.0,5.0,5.333333333333333,5.0,6.0,5.0,5.333333333333333,3.0,3.0,False
DD,,double,Rudolph's Roadside with King Christmas and Uncle Donny Pecker,Rudolph's Roadside,King Christmas and Uncle Donny Pecker,2023-12-19,3.70,3.7,,,,,🎄,,Rudolph's Roadside with King Christmas and Uncle Donny Pecker,Rudolph's Roadside,Other,False,3.5,4.0,3.6666666666666665,3.7,3.5,4.0,3.6666666666666665,3.7,5.0,5.0,False
DD,,double,Jingle All The Way 2 with Jesse Farrar and Mike Hale,Jingle All The Way,Jesse Farrar and Mike Hale,2023-12-26,,,no score,,,,💬,Doughscord Doughcision,Jingle All The Way 2 with Jesse Farrar and Mike Hale,,,False,,,,,,,,,,,False
DD,,double,Ad Chad,Ad Chad,,2024-01-02,,,no score,,,,,"with Amelia Marino, Emma Erdbrink, and Casey Donahue",Ad Chad,,,False,,,,,,,,,,,False
DD,,double,Shelf Help,Shelf Help,,2024-01-09,,,no score,,,,,,Shelf Help,,,False,,,,,,,,,,,False
428,428,main,Chop Stop with Tim Baltz,Chop Stop,Tim Baltz,2024-01-11,1.50,1.5,,,,,Broken Plate Club,,Chop Stop with Tim Baltz,Chop Stop,Healthy & Juice,False,2.0,1.5,1.0,1.5,2.0,1.5,1.0,1.5,3.0,3.0,False
DD,,double,Tiki Mirage with Farley Elliott,Tiki Mirage,Farley Elliott,2024-01-16,,,no score,,,,,,Tiki Mirage with Farley Elliott,,,False,,,,,,,,,,,False
429,429,main,Nick the Greek with Becky Feldman,Nick the Greek,Becky Feldman,2024-01-18,2.92,2.92,,,,,,,Nick the Greek with Becky Feldman,Nick the Greek,Mediterranean,False,3.0,3.25,2.5,2.9166666666666665,3.0,3.25,2.5,2.9166666666666665,3.0,3.0,False
DD,,double,Willy Wonka & The Chocolate Factory with Corin Wells,Willy Wonka & The Chocolate Factory,Corin Wells,2024-01-23,,,no score,,,,🍽️🎥,Dinner is the Movie,Willy Wonka & The Chocolate Factory with Corin Wells,,,False,,,,,,,,,,,False
430,430,main,Del Taco 3 with Libby Watson,Del Taco,Libby Watson,2024-01-25,4.33,4.33,,,,,Golden Plate Club,also Ad Chad: Final Four,Del Taco 3 with Libby Watson,Del Taco,Mexican,False,5.0,4.0,4.0,4.333333333333333,5.0,4.0,4.0,4.333333333333333,3.0,3.0,False
DD,,double,The Whale Draft with Tami Sagher,The Whale Draft,Tami Sagher,2024-01-30,,,no score,,,,,,The Whale Draft with Tami Sagher,,,False,,,,,,,,,,,False
431,431,main,Goop Kitchen with Luke Del Tredici,Goop Kitchen,Luke Del Tredici,2024-02-01,4.17,4.17,,,,,Goolden Plate Club,,Goop Kitchen with Luke Del Tredici,Goop Kitchen,Healthy & Juice,False,4.0,4.0,4.5,4.166666666666667,4.0,4.0,4.5,4.166666666666667,3.0,3.0,False
DD,,double,The Bread Bowl with Mort Burke,The Bread Bowl,Mort Burke,2024-02-06,,,no score,,,,,Panera,The Bread Bowl with Mort Burke,,,False,,,,,,,,,,,False
432,432,main,Eggslut with Raiza Licea,Eggslut,Raiza Licea,2024-02-08,3.83,3.83,,,,,,,Eggslut with Raiza Licea,Eggslut,Breakfast & Diners,False,4.0,3.5,4.0,3.8333333333333335,4.0,3.5,4.0,3.8333333333333335,3.0,3.0,False
DD,,double,Twister with Vic Michaelis,Twister,Vic Michaelis,2024-02-13,,,no score,,,,🍽️🎥,Love Week ❤️; Dinner is the Movie,Twister with Vic Michaelis,,,False,,,,,,,,,,,False
433,433,main,See's Candies with John Hodgman,See's Candies,John Hodgman,2024-02-15,3.00,3.0,,,,,,Love Week ❤️,See's Candies with John Hodgman,See's Candies,"Coffee, Bakery & Sweets",False,3.0,3.0,3.0,3.0,3.0,3.0,3.0,3.0,3.0,3.0,False
DD,,double,Toast 2 with Alex Song-Xia,Toast,Alex Song-Xia,2024-02-20,,,no score,,,,💬🍞,Doughscord Doughcision,Toast 2 with Alex Song-Xia,,,False,,,,,,,,,,,False
434,434,main,Whole Foods 2 with Emily Yoshida,Whole Foods,Emily Yoshida,2024-02-22,1.67,1.67,,,,,Reverse Tenet Club,,Whole Foods 2 with Emily Yoshida,Whole Foods,Other,False,1.5,1.5,2.0,1.6666666666666667,1.5,1.5,2.0,1.6666666666666667,3.0,3.0,False
DD,,double,Movie Tie-Ins with Matt Singer,Movie Tie-Ins,Matt Singer,2024-02-27,,,no score,,,,,,Movie Tie-Ins with Matt Singer,,,False,,,,,,,,,,,False
435,435,main,Subway 4 with Andre Hyland,Subway,Andre Hyland,2024-02-29,2.08,2.08,,,,,,,Subway 4 with Andre Hyland,Subway,Sandwiches & Subs,False,1.5,2.25,,1.875,1.5,2.25,,1.875,3.0,2.0,False
DD,,double,Evan Saucer's Sauce Boss with Jen D'Angelo,Evan Saucer's Sauce Boss,Jen D'Angelo,2024-03-05,,,no score,,,,🔔,For Whom the Bell Doughs: Munch Madness 2024: Dough Quiero Talk-O'-Bell,Evan Saucer's Sauce Boss with Jen D'Angelo,,,False,,,,,,,,,,,False
436,436,main,Taco Bell Round 1 with Carl Tart,Taco Bell Round,Carl Tart,2024-03-07,Tacos y Drinks,,unparseable,,,,🔔,For Whom the Bell Doughs: Munch Madness 2024: Dough Quiero Talk-O'-Bell; also with Evan Susser,Taco Bell Round 1 with Carl Tart,,,False,,,,,,,,,,,False
DD,,double,Taco Bell Round 2 with Lamar Woods,Taco Bell Round,Lamar Woods,2024-03-12,Burritos y Sides & Sweets,,unparseable,,,,🔔,For Whom the Bell Doughs: Munch Madness 2024: Dough Quiero Talk-O'-Bell; also with Evan Susser,Taco Bell Round 2 with Lamar Woods,,,False,,,,,,,,,,,False
437,437,main,Taco Bell Round 3 with Toni Charline Ramos,Taco Bell Round,Toni Charline Ramos,2024-03-14,"* Nachos
* Quesadillas
* Bowls y Specialties",,unparseable,,,,🔔,For Whom the Bell Doughs: Munch Madness 2024: Dough Quiero Talk-O'-Bell; also with Matt Kowalick,Taco Bell Round 3 with Toni Charline Ramos,,,False,,,,,,,,,,,False
DD,,double,Chomp-Out Round 1 with Mike Hanford,Chomp-Out Round,Mike Hanford,2024-03-19,,,no score,,,,🔔,For Whom the Bell Doughs: Munch Madness 2024: Dough Quiero Talk-O'-Bell,Chomp-Out Round 1 with Mike Hanford,,,False,,,,,,,,,,,False
438,438,main,Chomp-Out Round 2 with Michael Jonathan Smith,Chomp-Out Round,Michael Jonathan Smith,2024-03-21,,,no score,,,,🔔,For Whom the Bell Doughs: Munch Madness 2024: Dough Quiero Talk-O'-Bell,Chomp-Out Round 2 with Michael Jonathan Smith,,,False,,,,,,,,,,,False
DD,,double,Yum Brand All-Stars with Jamie Loftus,Yum Brand All-Stars,Jamie Loftus,2024-03-26,,,no score,,,,🔔,For Whom the Bell Doughs: Munch Madness 2024: Dough Quiero Talk-O'-Bell,Yum Brand All-Stars with Jamie Loftus,,,False,,,,,,,,,,,False
439,439,main,"Finale with Mano Agapion, Jon Gabrus, and Betsy Sodaro",Finale,"Mano Agapion, Jon Gabrus, and Betsy Sodaro",2024-03-28,,,no score,episode page,in person,"Los Angeles, CA",🔔,For Whom the Bell Doughs: Munch Madness 2024: Dough Quiero Talk-O'-Bell,"Finale with Mano Agapion, Jon Gabrus, and Betsy Sodaro",,,True,,,,,,,,,,,False
DD,,double,Creature Eater with Andrea Jin,Creature Eater,Andrea Jin,2024-04-02,🔓,,no score,,,,,,Creature Eater with Andrea Jin,,,False,,,,,,,,,,,False
440,440,main,Oakberry with Johnny TV and Taya Valkyrie,Oakberry,Johnny TV and Taya Valkyrie,2024-04-04,1.13,1.13,,,,,Broken Plate Club,,Oakberry with Johnny TV and Taya Valkyrie,Oakberry,Healthy & Juice,False,1.5,2.0,0.5,1.125,1.5,2.0,0.5,1.125,4.0,4.0,False
DD,,double,Dune Two Ways with Casey Donahue,Dune Two Ways,Casey Donahue,2024-04-09,,,no score,,,,🍽️🎥,Dinner is the Movie,Dune Two Ways with Casey Donahue,,,False,,,,,,,,,,,False
441,441,main,Buffalo Wild Wings 3 with Johnny Pemberton,Buffalo Wild Wings,Johnny Pemberton,2024-04-11,3.67,3.67,,,,,,,Buffalo Wild Wings 3 with Johnny Pemberton,Buffalo Wild Wings,Chicken,False,3.5,4.0,3.5,3.6666666666666665,3.5,4.0,3.5,3.6666666666666665,3.0,3.0,False
DD,,double,Double Double with Mary Sasson,Double Double,Mary Sasson,2024-04-16,,,no score,,,,,,Double Double with Mary Sasson,,,False,,,,,,,,,,,False
442,442,main,Mr. Charlie's Told Me So with Jackie Johnson,Mr. Charlie's Told Me So,Jackie Johnson,2024-04-18,4.00,4.0,,,,,Golden Plate Club,,Mr. Charlie's Told Me So with Jackie Johnson,Mr. Charlie's Told Me So,Burgers & Hot Dogs,False,4.0,4.0,4.0,4.0,4.0,4.0,4.0,4.0,3.0,3.0,False
DD,,double,Dinosaurs with Sandy Honig,Dinosaurs,Sandy Honig,2024-04-23,,,no score,,,,👨‍✈️📺,Doughboys Pilot Program: Let Us Wrap Up,Dinosaurs with Sandy Honig,,,False,,,,,,,,,,,False
443,443,main,California Pizza Kitchen 2 with Avital Ash,California Pizza Kitchen,Avital Ash,2024-04-25,4.00,4.0,,,,,Golden Plate Club,,California Pizza Kitchen 2 with Avital Ash,California Pizza Kitchen,Pizza & Italian,False,4.0,4.0,4.0,4.0,4.0,4.0,4.0,4.0,3.0,3.0,False
DD,,double,Family Guy Draft,Family Guy Draft,,2024-04-30,,,no score,,,,,"with Casey Donahue, Emma Erdbrink, and Amelia Marino",Family Guy Draft,,,False,,,,,,,,,,,False
444,444,main,KFC 3: Saucy Nuggets with John Early and Claudia O'Doherty,KFC,John Early and Claudia O'Doherty,2024-05-02,4.00,4.0,,,,,,Saucy Nuggets: 1.81 forks,KFC 3: Saucy Nuggets with John Early and Claudia O'Doherty,KFC,Chicken,False,3.0,4.0,4.5,4.0,3.0,4.0,4.5,4.0,4.0,4.0,False
DD,,double,Election with Jess McKenna,Election,Jess McKenna,2024-05-07,,,no score,,,,,Maynk 2: Paynke,Election with Jess McKenna,,,False,,,,,,,,,,,False
445,445,main,Irv's Burgers with Sam Brown,Irv's Burgers,Sam Brown,2024-05-09,4.33,4.33,,,,,Golden Plate Club,,Irv's Burgers with Sam Brown,Irv's Burgers,Burgers & Hot Dogs,False,5.0,4.0,4.0,4.333333333333333,5.0,4.0,4.0,4.333333333333333,3.0,3.0,False
DD,,double,About Schmidt with David Sims,About Schmidt,David Sims,2024-05-14,,,no score,,,,,Maynk 2: Paynke,About Schmidt with David Sims,,,False,,,,,,,,,,,False
446,446,main,Jimmy John's 2 with Mary Sohn,Jimmy John's,Mary Sohn,2024-05-16,4.00,4.0,,,,,,,Jimmy John's 2 with Mary Sohn,Jimmy John's,Sandwiches & Subs,False,4.0,3.5,4.5,4.0,4.0,3.5,4.5,4.0,3.0,3.0,False
DD,,double,Nebraska with Kimia Behpoornia,Nebraska,Kimia Behpoornia,2024-05-21,,,no score,,,,,Maynk 2: Paynke,Nebraska with Kimia Behpoornia,,,False,,,,,,,,,,,False
447,447,main,Poké Bar with Payman Benz,Poké Bar,Payman Benz,2024-05-23,2.33,2.33,,,,,,score amended from 2.67 in ep. 448.,Poké Bar with Payman Benz,Poké Bar,Seafood,False,1.5,2.5,3.0,2.3333333333333335,2.5,2.5,3.0,2.6666666666666665,3.0,3.0,True
DD,,double,Downsizing with Griffin Newman,Downsizing,Griffin Newman,2024-05-28,,,no score,,,,,Maynk 2: Paynke,Downsizing with Griffin Newman,,,False,,,,,,,,,,,False
448,448,main,IHOP 6: Sonic Menu with Bryan Quinby,IHOP,Bryan Quinby,2024-05-30,2.00,2.0,,,,,Broken Plate Club,IHOP overall: 4.00 forks,IHOP 6: Sonic Menu with Bryan Quinby,IHOP,Breakfast & Diners,False,,,2.0,2.0,,,2.0,2.0,3.0,1.0,False
DD,,double,The Holdovers,The Holdovers,,2024-06-04,,,no score,,,,,Maynk 2: Paynke: Punke,The Holdovers,,,False,,,,,,,,,,,False
449,449,main,Sbarro with Griffin Newman,Sbarro,Griffin Newman,2024-06-06,3.17,3.17,,,,,,,Sbarro with Griffin Newman,Sbarro,Pizza & Italian,False,3.0,3.5,3.0,3.1666666666666665,3.0,3.5,3.0,3.1666666666666665,3.0,3.0,False
DD,,double,KFC Saucy Nuggets Dispensary,KFC Saucy Nuggets Dispensary,,2024-06-11,,,no score,,,,,"with Emma Erdbrink, Amelia Marino, and Evan Susser",KFC Saucy Nuggets Dispensary,,,False,,,,,,,,,,,False
450,450,main,Tender Greens 2 with Niccole Thurman,Tender Greens,Niccole Thurman,2024-06-13,3.50,3.5,,,,,,,Tender Greens 2 with Niccole Thurman,Tender Greens,Healthy & Juice,False,3.5,3.5,3.5,3.5,3.5,3.5,3.5,3.5,3.0,3.0,False
DD,,double,Flag Draft with Emily Maya Mills,Flag Draft,Emily Maya Mills,2024-06-18,,,no score,,,,,,Flag Draft with Emily Maya Mills,,,False,,,,,,,,,,,False
451,451,main,Bowlero with Allan McLeod,Bowlero,Allan McLeod,2024-06-20,3.33,3.33,,,,,,,Bowlero with Allan McLeod,Bowlero,Other,False,3.0,3.5,3.5,3.3333333333333335,3.0,3.5,3.5,3.3333333333333335,3.0,3.0,False
DD,,double,Unfrosted,Unfrosted,,2024-06-25,,,no score,,,,🍽️🎥,Dinner is the Movie,Unfrosted,,,False,,,,,,,,,,,False
452,452,main,Silverlake Ramen with Sierra Katow,Silverlake Ramen,Sierra Katow,2024-06-27,4.00,4.0,,,,,Golden Plate Club,,Silverlake Ramen with Sierra Katow,Silverlake Ramen,Asian,False,,4.0,4.0,4.0,,4.0,4.0,4.0,3.0,3.0,False
DD,,double,Biggie Feedbag LI,Biggie Feedbag LI,,2024-07-02,,,no score,,,,📬,"with Emma Erdbrink, Amelia Marino, and Casey Donahue",Biggie Feedbag LI,,,False,,,,,,,,,,,False
453,453,main,Oops! All Segments! 2!,Oops! All Segments!,,2024-07-04,,,no score,,,,🤦‍♂️,"with Toni Charline Ramos, Tim Heidecker, Jesse Farrar, Mike Hale, Jackie Johnson, Payman Benz, Sierra Katow, and  John Hodgman",Oops! All Segments! 2!,,,False,,,,,,,,,,,False
DD,,double,Toast 0: Bread with Erin Whitehead,Toast,Erin Whitehead,2024-07-09,,,no score,,,,🍞,,Toast 0: Bread with Erin Whitehead,,,False,,,,,,,,,,,False
454,454,main,Nordstrom's Bar Verde with Jordan Morris,Nordstrom's Bar Verde,Jordan Morris,2024-07-11,3.67,3.67,,,,,,,Nordstrom's Bar Verde with Jordan Morris,Nordstrom's Bar Verde,American & Casual Dining,False,4.0,4.0,3.0,3.6666666666666665,4.0,4.0,3.0,3.6666666666666665,3.0,3.0,False
DD,,double,Gambling with Dan Lippert and Ryan Rosenberg,Gambling,Dan Lippert and Ryan Rosenberg,2024-07-16,,,no score,,,,,,Gambling with Dan Lippert and Ryan Rosenberg,,,False,,,,,,,,,,,False
455,455,main,Willie Mae's Scotch House with Matt Selman,Willie Mae's Scotch House,Matt Selman,2024-07-18,5.00,5.0,,,,,Platinum Plate Club,also Cletus' Chicken Shack (made the Golden Plate Club),Willie Mae's Scotch House with Matt Selman,Willie Mae's Scotch House,Chicken,False,5.0,5.0,5.0,5.0,5.0,5.0,5.0,5.0,3.0,3.0,False
DD,,double,Sourdoughboys with Mike Dorfman,Sourdoughboys,Mike Dorfman,2024-07-23,,,no score,,,,🍞,,Sourdoughboys with Mike Dorfman,,,False,,,,,,,,,,,False
456,456,main,bb.q chicken with Tansu Philip,bb.q chicken,Tansu Philip,2024-07-25,4.83,4.83,,,,,Golden Plate Club,,bb.q chicken with Tansu Philip,bb.q chicken,Chicken,False,5.0,5.0,4.5,4.833333333333333,5.0,5.0,4.5,4.833333333333333,3.0,3.0,False
DD,,double,2024 Doughlympics with Evan Susser,2024 Doughlympics,Evan Susser,2024-07-30,,,no score,,,,🏅,also with Max Mayer and Matt Kowalick,2024 Doughlympics with Evan Susser,,,False,,,,,,,,,,,False
457,457,main,Broccoli with Lindsay Katai and Kelly Nugent,Broccoli,Lindsay Katai and Kelly Nugent,2024-08-01,3.50,3.5,,,,,🥗,Garden of Eatin': Veggie Table: The Green Gobblin',Broccoli with Lindsay Katai and Kelly Nugent,Broccoli,Other,False,4.0,3.0,3.5,3.5,4.0,3.0,3.5,3.5,4.0,4.0,False
DD,,double,Strawberries with Lily Sullivan and Shelby Wolstein,Strawberries,Lily Sullivan and Shelby Wolstein,2024-08-06,4.65,4.65,,,,,🥗,Garden of Eatin': Tutti-Fruitti; Golden Cornucopia Club,Strawberries with Lily Sullivan and Shelby Wolstein,Strawberries,Other,False,5.0,4.5,4.55,4.65,5.0,4.5,4.55,4.65,4.0,4.0,False
458,458,main,Endives with Jess Rona,Endives,Jess Rona,2024-08-08,4.33,4.33,,,,,🥗,Garden of Eatin': Veggie Table: The Green Gobblin'; Green Goddess Club,Endives with Jess Rona,Endives,Other,False,4.0,4.0,5.0,4.333333333333333,4.0,4.0,5.0,4.333333333333333,3.0,3.0,False
DD,,double,Mangos with Marques Ray,Mangos,Marques Ray,2024-08-13,5.00,5.0,,,,,🥗,Garden of Eatin': Tutti-Fruitti; Ultimate Fruit Salad,Mangos with Marques Ray,Mangos,Other,False,5.0,5.0,5.0,5.0,5.0,5.0,5.0,5.0,3.0,3.0,False
459,459,main,Onions with Arden Myrin,Onions,Arden Myrin,2024-08-15,5.00,5.0,,,,,🥗,Garden of Eatin': Veggie Table: The Green Gobblin'; Elevated Bed,Onions with Arden Myrin,Onions,Other,False,5.0,5.0,5.0,5.0,5.0,5.0,5.0,5.0,3.0,3.0,False
DD,,double,Pineapple with Lauren McGuire,Pineapple,Lauren McGuire,2024-08-20,5.00,5.0,,,,,🥗,Garden of Eatin': Tutti-Fruitti; Ultimate Fruit Salad,Pineapple with Lauren McGuire,Pineapple,Other,False,5.0,5.0,5.0,5.0,5.0,5.0,5.0,5.0,3.0,3.0,False
460,460,main,Sweet Potatoes with Dani Fernandez,Sweet Potatoes,Dani Fernandez,2024-08-22,4.68,4.68,,,,,🥗,Garden of Eatin': Veggie Table: The Green Gobblin'; Green Goddess Club,Sweet Potatoes with Dani Fernandez,Sweet Potatoes,Other,False,5.0,4.0,5.0,4.666666666666667,5.0,4.0,5.0,4.666666666666667,3.0,3.0,False
DD,,double,Watermelon with Becky Feldman,Watermelon,Becky Feldman,2024-08-27,5.00,5.0,,,,,🥗,Garden of Eatin': Tutti-Fruitti; Elevated Bed,Watermelon with Becky Feldman,Watermelon,Other,False,5.0,5.0,5.0,5.0,5.0,5.0,5.0,5.0,3.0,3.0,False
461,461,main,Carrots with Jon Glover and Marisa Pinson,Carrots,Jon Glover and Marisa Pinson,2024-08-29,3.63,3.63,,,,,🥗,Garden of Eatin': Veggie Table: The Green Gobblin',Carrots with Jon Glover and Marisa Pinson,Carrots,Other,False,3.0,,3.8333333333333335,3.625,3.0,,3.8333333333333335,3.625,4.0,4.0,False
DD,,double,Healthy Biggie Feedbag LII,Healthy Biggie Feedbag LII,,2024-09-03,,,no score,,,,🥗 📬,Garden of Eatin' bonus ep,Healthy Biggie Feedbag LII,,,False,,,,,,,,,,,False
462,462,main,Popeyes Wings with David Brown and Jon Mackey,Popeyes Wings,David Brown and Jon Mackey,2024-09-05,4.63,4.63,,,,,Golden Plate Club,,Popeyes Wings with David Brown and Jon Mackey,Popeyes,Chicken,False,5.0,4.5,4.5,4.625,5.0,4.5,4.5,4.625,4.0,4.0,False
DD,,double,Beaver Patrol with Jefferson Dutton,Beaver Patrol,Jefferson Dutton,2024-09-10,🔓,,no score,,,,🦫,,Beaver Patrol with Jefferson Dutton,,,False,,,,,,,,,,,False
463,463,main,Ameci Pizza and Pasta with Gilli Nissim,Ameci Pizza and Pasta,Gilli Nissim,2024-09-12,3.00,3.0,,,,,,,Ameci Pizza and Pasta with Gilli Nissim,Ameci Pizza and Pasta,Pizza & Italian,False,2.5,3.5,3.0,3.0,2.5,3.5,3.0,3.0,3.0,3.0,False
DD,,double,Afternoon Tea with Libby Watson,Afternoon Tea,Libby Watson,2024-09-17,,,no score,,,,,,Afternoon Tea with Libby Watson,,,False,,,,,,,,,,,False
464,464,main,Alamo Drafthouse with Drew McWeeny,Alamo Drafthouse,Drew McWeeny,2024-09-19,4.00,4.0,,,,,Golden Plate Club,,Alamo Drafthouse with Drew McWeeny,Alamo Drafthouse,Other,False,4.0,4.0,4.0,4.0,4.0,4.0,4.0,4.0,3.0,3.0,False
DD,,double,Action Movie Draft with Nathan Barnatt,Action Movie Draft,Nathan Barnatt,2024-09-24,,,no score,,,,,,Action Movie Draft with Nathan Barnatt,,,False,,,,,,,,,,,False
465,465,main,Backyard Bowls with Erin Keif,Backyard Bowls,Erin Keif,2024-09-26,3.60,3.6,,,,,,,Backyard Bowls with Erin Keif,Backyard Bowls,Healthy & Juice,False,3.5,3.5,3.8,3.6,3.5,3.5,3.8,3.6,3.0,3.0,False
DD,,double,Strange Brew Part 1 and 2 with Casey Donahue,Strange Brew Part,Casey Donahue,2024-10-01,,,no score,,,,🍁,Toront-Dough: Dough Canada: The Great Bite North: A Culinary Tour of the Six,Strange Brew Part 1 and 2 with Casey Donahue,,,False,,,,,,,,,,,False
466,466,main,Tim Hortons with Stephanie Beatriz and Alana Johnston 🔪,Tim Hortons,Stephanie Beatriz and Alana Johnston 🔪,2024-10-03,2.88,2.88,,🎤 accolade,in person,"Toronto, ON",🍁 🎤,"Toront-Dough: Dough Canada: The Great Bite North: A Culinary Tour of the Six: live in Toronto, ON",Tim Hortons with Stephanie Beatriz and Alana Johnston,Tim Hortons,"Coffee, Bakery & Sweets",True,2.5,,3.0,2.875,2.5,,3.0,2.875,4.0,4.0,False
DD,,double,Canada vs USA: Revengeance with Lisa Gilroy,Canada vs USA: Revengeance,Lisa Gilroy,2024-10-08,,,no score,,,,🍁,Toront-Dough: Dough Canada: The Great Bite North: A Culinary Tour of the Six,Canada vs USA: Revengeance with Lisa Gilroy,,,False,,,,,,,,,,,False
467,467,main,Harvey's with Shaun Diston,Harvey's,Shaun Diston,2024-10-10,3.67,3.67,,,,,🍁,Toront-Dough: Dough Canada: The Great Bite North: A Culinary Tour of the Six,Harvey's with Shaun Diston,Harvey's,Burgers & Hot Dogs,False,3.5,3.5,4.0,3.6666666666666665,3.5,3.5,4.0,3.6666666666666665,4.0,3.0,False
DD,,double,Canadian Biggie Feedbag LIII,Canadian Biggie Feedbag LIII,,2024-10-15,,,no score,,,,🍁 📬,Toront-Dough: Dough Canada: The Great Bite North: A Culinary Tour of the Six,Canadian Biggie Feedbag LIII,,,False,,,,,,,,,,,False
468,468,main,Swiss Chalet with Alana Johnston 🔪,Swiss Chalet,Alana Johnston 🔪,2024-10-17,4.50,4.5,,,,,🍁 Golden Plate Club,Toront-Dough: Dough Canada: The Great Bite North: A Clunary Tour of the Six,Swiss Chalet with Alana Johnston,Swiss Chalet,Chicken,False,4.5,4.5,4.5,4.5,4.5,4.5,4.5,4.5,3.0,3.0,False
DD,,double,The Beer Store with Norm Sousa,The Beer Store,Norm Sousa,2024-10-22,,,no score,,,,🍁,Toront-Dough: Dough Canada: The Great Bite North: A Culinary Tour of the Six,The Beer Store with Norm Sousa,,,False,,,,,,,,,,,False
469,469,main,Boston Pizza with Samoa Joe,Boston Pizza,Samoa Joe,2024-10-24,3.00,3.0,,,,,🍁,Toront-Dough: Dough Canada: The Great Bite North: A Culinary Tour of the Six,Boston Pizza with Samoa Joe,Boston Pizza,Pizza & Italian,False,3.0,3.0,3.0,3.0,3.0,3.0,3.0,3.0,3.0,3.0,False
DD,,double,Little Canada with Taylor Davis and Carson Pinch,Little Canada,Taylor Davis and Carson Pinch,2024-10-29,5.00,5.0,,,,,🍁 Little Platinum Plate Club,Toront-Dough: Dough Canada: The Great Bite North: A Culinary Tour of the Six,Little Canada with Taylor Davis and Carson Pinch,Little Canada,Other,False,5.0,5.0,5.0,5.0,5.0,5.0,5.0,5.0,4.0,4.0,False
470,470,main,McDonald's Canada with Mike Hanford,McDonald's Canada,Mike Hanford,2024-10-31,5.00,5.0,,,,,🍁 Platinum Plate Club,Toront-Dough: Dough Canada: The Great Bite North: A Culinary Tour of the Six,McDonald's Canada with Mike Hanford,McDonald's,Burgers & Hot Dogs,False,5.0,5.0,5.0,5.0,5.0,5.0,5.0,5.0,3.0,3.0,False
DD,,double,The McList,The McList,,2024-11-05,,,no score,,,,,,The McList,,,False,,,,,,,,,,,False
471,471,main,Blue Bottle with Kate Berlant,Blue Bottle,Kate Berlant,2024-11-07,3.17,3.17,,,,,,,Blue Bottle with Kate Berlant,Blue Bottle,"Coffee, Bakery & Sweets",False,3.0,2.0,3.5,2.8333333333333335,3.0,3.0,3.5,3.1666666666666665,3.0,3.0,True
DD,,double,Biggie Feedbag LIV,Biggie Feedbag LIV,,2024-11-12,,,no score,,,,📬,,Biggie Feedbag LIV,,,False,,,,,,,,,,,False
472,472,main,Krusty Burger with Henry Gilbert and Bob Mackey,Krusty Burger,Henry Gilbert and Bob Mackey,2024-11-14,3.25,3.25,,,,,,,Krusty Burger with Henry Gilbert and Bob Mackey,Krusty Burger,Burgers & Hot Dogs,False,3.0,4.0,3.0,3.25,3.0,4.0,3.0,3.25,4.0,4.0,False
DD,,double,Countdown to Our Retirement with Anya Kanevskaya,Countdown to Our Retirement,Anya Kanevskaya,2024-11-19,,,no score,,,,,,Countdown to Our Retirement with Anya Kanevskaya,,,False,,,,,,,,,,,False
473,473,main,Oops! All Segments! 3!,Oops! All Segments!,,2024-11-21,,,no score,,,,🤦‍♂️,"Taylor Davis, Mike Dorfman, Jeff Dutton, David Neher, Gilli Nissim, Carson Pinch, Tansu Philip, Jess Rona, and Libby Watson",Oops! All Segments! 3!,,,False,,,,,,,,,,,False
DD,,double,Mash Off 7: Mashin': Impossible - Fed Reckoning with Eva Anderson and Mike Hanford,Mash Off,Eva Anderson and Mike Hanford,2024-11-26,,,no score,,,,🥔,"🔓 Unlocked for free on November 27, 2025",Mash Off 7: Mashin': Impossible - Fed Reckoning with Eva Anderson and Mike Hanford,,,False,,,,,,,,,,,False
DD,,double,Co-cane with Jackie Gonzalez-Durruthy,Co-cane,Jackie Gonzalez-Durruthy,2024-12-03,,,no score,,,,🎄,,Co-cane with Jackie Gonzalez-Durruthy,,,False,,,,,,,,,,,False
474,474,main,Applebee's with Nicole Byer,Applebee's,Nicole Byer,2024-12-05,3.33,3.33,,,,,,,Applebee's with Nicole Byer,Applebee's,American & Casual Dining,False,3.0,3.0,4.0,3.3333333333333335,3.0,3.0,4.0,3.3333333333333335,3.0,3.0,False
DD,,double,Red One with Paul Rust,Red One,Paul Rust,2024-12-10,,,no score,,,,🎄🍽️🎥,Dinner is the Movie,Red One with Paul Rust,,,False,,,,,,,,,,,False
475,475,main,IHOP Xbox Indiana Jones Menu with Mary Holland,IHOP Xbox Indiana Jones Menu,Mary Holland,2024-12-12,3.33,3.33,,,,,,,IHOP Xbox Indiana Jones Menu with Mary Holland,IHOP,Breakfast & Diners,False,3.5,4.0,2.5,3.3333333333333335,3.5,4.0,2.5,3.3333333333333335,4.0,3.0,False
DD,,double,Gingerbread House,Gingerbread House,,2024-12-17,,,no score,,,,🎄,,Gingerbread House,,,False,,,,,,,,,,,False
476,476,main,Slice House with Evan Susser,Slice House,Evan Susser,2024-12-19,3.83,3.83,,notes,in person,"Los Angeles, CA",🥩🥤,"live from Los Angeles, CA",Slice House with Evan Susser,Slice House,Pizza & Italian,True,,4.0,3.745,3.83,,4.0,3.745,3.83,3.0,3.0,False
DD,,double,Crumbl Cookies with Santa & Mrs. Claus,Crumbl Cookies,Santa & Mrs. Claus,2024-12-24,3.33,3.33,,,,,🔓 🎄,Mookie Blaiklock & Lily Sullivan,Crumbl Cookies with Santa & Mrs. Claus,Crumbl Cookies,"Coffee, Bakery & Sweets",False,,,3.325,3.325,,,3.325,3.325,4.0,4.0,False
DD,,double,"Drop Off 4 with Casey Donahue, Emma Erdbrink, Amelia Marino, and Robert Persinger",Drop Off,"Casey Donahue, Emma Erdbrink, Amelia Marino, and Robert Persinger",2024-12-31,,,no score,,,,🚽,,"Drop Off 4 with Casey Donahue, Emma Erdbrink, Amelia Marino, and Robert Persinger",,,False,,,,,,,,,,,False
DD,,double,Root Beer with Casey Donahue,Root Beer,Casey Donahue,2025-01-07,,,no score,,,,,,Root Beer with Casey Donahue,,,False,,,,,,,,,,,False
477,477,main,Little Caesars 3 with Johnno Wilson,Little Caesars,Johnno Wilson,2025-01-09,4.67,4.67,,,,,Golden Plate Club,,Little Caesars 3 with Johnno Wilson,Little Caesars,Pizza & Italian,False,4.5,5.0,4.5,4.666666666666667,4.5,5.0,4.5,4.666666666666667,3.0,3.0,False
DD,,double,Chain Rescue: Wendy's with Jason Sheridan,Chain Rescue: Wendy's,Jason Sheridan,2025-01-14,,,no score,,,,,,Chain Rescue: Wendy's with Jason Sheridan,,,False,,,,,,,,,,,False
478,478,main,Big Mama's & Papa's Pizzeria with Zach Cherry,Big Mama's & Papa's Pizzeria,Zach Cherry,2025-01-16,3.91,3.91,,,,,,,Big Mama's & Papa's Pizzeria with Zach Cherry,Big Mama's & Papa's Pizzeria,Pizza & Italian,False,3.75,4.0,3.99,3.9133333333333336,3.75,4.0,3.99,3.9133333333333336,3.0,3.0,False
DD,,double,Mount Rushmore Rush More with Evan Susser,Mount Rushmore Rush More,Evan Susser,2025-01-21,,,no score,,,,,,Mount Rushmore Rush More with Evan Susser,,,False,,,,,,,,,,,False
479,479,main,Krispy Kreme x Pop-tarts with Jess McKenna,Krispy Kreme x Pop-tarts,Jess McKenna,2025-01-23,4.00,4.0,,,,,Golden Plate Club,,Krispy Kreme x Pop-tarts with Jess McKenna,Krispy Kreme,"Coffee, Bakery & Sweets",False,4.0,4.0,4.0,4.0,4.0,4.0,4.0,4.0,4.0,4.0,False
DD,,double,Biggie Feedbag LV,Biggie Feedbag LV,,2025-01-28,,,no score,,,,📬,,Biggie Feedbag LV,,,False,,,,,,,,,,,False
480,480,main,Handel's with Aniz Adam Ansari,Handel's,Aniz Adam Ansari,2025-01-30,4.75,4.75,,,,,Golden Plate Club,,Handel's with Aniz Adam Ansari,Handel's,"Coffee, Bakery & Sweets",False,5.0,4.5,4.75,4.75,5.0,4.5,4.75,4.75,5.0,4.0,False
DD,,double,Souvla with Jordan Morris,Souvla,Jordan Morris,2025-02-04,4.00,4.0,,notes,in person,"San Francisco, CA",Golden Plate Club,"live in San Francisco, CA",Souvla with Jordan Morris,Souvla,Mediterranean,True,4.0,4.0,4.0,4.0,4.0,4.0,4.0,4.0,3.0,3.0,False
481,481,main,KFC Bowls with Carmen Christopher,KFC Bowls,Carmen Christopher,2025-02-06,2.67,2.67,,,,,,winning bowl: Nashville Hot Famous Bowl,KFC Bowls with Carmen Christopher,KFC,Chicken,False,3.0,4.0,1.0,2.6666666666666665,3.0,4.0,1.0,2.6666666666666665,3.0,3.0,False
DD,,double,The Flavorite with Fran Gillespie,The Flavorite,Fran Gillespie,2025-02-11,,,no score,,,,,Love Week ❤️,The Flavorite with Fran Gillespie,,,False,,,,,,,,,,,False
482,482,main,Chuck E. Cheese 2 with Griffin Newman,Chuck E. Cheese,Griffin Newman,2025-02-13,0.94,0.94,,,,,Broken Plate Club,Love Week ❤️,Chuck E. Cheese 2 with Griffin Newman,Chuck E. Cheese,Pizza & Italian,False,,0.5,1.0833333333333333,0.9375,,0.5,1.0833333333333333,0.9375,4.0,4.0,False
DD,,double,Zero to Hero with Tim Kalpakis,Zero to Hero,Tim Kalpakis,2025-02-18,,,no score,,,,,,Zero to Hero with Tim Kalpakis,,,False,,,,,,,,,,,False
483,483,main,Chick-fil-A 3 with John Hodgman,Chick-fil-A,John Hodgman,2025-02-20,3.88,3.88,,,,,,,Chick-fil-A 3 with John Hodgman,Chick-fil-A,Chicken,False,4.0,3.9,3.75,3.8833333333333333,4.0,3.9,3.75,3.8833333333333333,3.0,3.0,False
DD,,double,Batman: The Animated Series with Mike Carlson,Batman: The Animated Series,Mike Carlson,2025-02-25,,,no score,,,,👨‍✈️📺,Doughboys Pilot Program,Batman: The Animated Series with Mike Carlson,,,False,,,,,,,,,,,False
484,484,main,Mrs. Fields with Matt Singer,Mrs. Fields,Matt Singer,2025-02-27,3.50,3.5,,,,,,,Mrs. Fields with Matt Singer,Mrs. Fields,"Coffee, Bakery & Sweets",False,3.5,3.5,3.5,3.5,3.5,3.5,3.5,3.5,3.0,3.0,False
DD,,double,Selection Tuesday with Evan Susser,Selection Tuesday,Evan Susser,2025-03-04,,,no score,,,,🏆,Munch Madness 2025: MMX: The Tournament of Tournament of Chompions of Chompions,Selection Tuesday with Evan Susser,,,False,,,,,,,,,,,False
485,485,main,Wendy's vs Jersey Mike's with Lauren Lapkus and Arden Myrin,Wendy's vs Jersey Mike's,Lauren Lapkus and Arden Myrin,2025-03-06,,,no score,,,,🏆,Munch Madness 2025: MMX: The Tournament of Tournament of Chompions of Chompions: Person Region,Wendy's vs Jersey Mike's with Lauren Lapkus and Arden Myrin,,,False,,,,,,,,,,,False
DD,,double,Domino's vs Taco Bell with Marisa Pinson and Jon Glover,Domino's vs Taco Bell,Marisa Pinson and Jon Glover,2025-03-11,,,no score,,,,🏆,Munch Madness 2025: MMX: The Tournament of Tournament of Chompions of Chompions: Spoonman Region,Domino's vs Taco Bell with Marisa Pinson and Jon Glover,,,False,,,,,,,,,,,False
486,486,main,In-N-Out Burger vs Handel's with Jason Mantzoukas and Paul Scheer,In-N-Out Burger vs Handel's,Jason Mantzoukas and Paul Scheer,2025-03-13,,,no score,,,,🏆,Munch Madness 2025: MMX: The Tournament of Tournament of Chompions of Chompions: Baby Bitch Region,In-N-Out Burger vs Handel's with Jason Mantzoukas and Paul Scheer,,,False,,,,,,,,,,,False
DD,,double,Taco Bell vs Chipotle + Sweetfin with Neil Campbell and Paul Rust,Taco Bell vs Chipotle + Sweetfin,Neil Campbell and Paul Rust,2025-03-18,,,no score,,,,🏆,Munch Madness 2025: MMX: The Tournament of Tournament of Chompions of Chompions: Slash Region,Taco Bell vs Chipotle + Sweetfin with Neil Campbell and Paul Rust,,,False,,,,,,,,,,,False
487,487,main,Wendy's vs Taco Bell with Carl Tart and Lamar Woods,Wendy's vs Taco Bell,Carl Tart and Lamar Woods,2025-03-20,,,no score,,,,🏆,Munch Madness 2025: MMX: The Tournament of Tournament of Chompions of Chompions: Semi-Soft Finals,Wendy's vs Taco Bell with Carl Tart and Lamar Woods,,,False,,,,,,,,,,,False
DD,,double,In-N-Out Burger vs Taco Bell with Jen D'Angelo and Gilli Nissim,In-N-Out Burger vs Taco Bell,Jen D'Angelo and Gilli Nissim,2025-03-25,,,no score,,,,🏆,Munch Madness 2025: MMX: The Tournament of Tournament of Chompions of Chompions: Semi-Soft Finals,In-N-Out Burger vs Taco Bell with Jen D'Angelo and Gilli Nissim,,,False,,,,,,,,,,,False
-,,other,Taco Bell vs Taco Bell with Alana Johnston  🔪,Taco Bell vs Taco Bell,Alana Johnston 🔪,2025-03-26,,,no score,,,,🏆,Munch Madness 2025: MMX: The Tournament of Tournament of Chompions of Chompions: Fat Chance Kitchen,Taco Bell vs Taco Bell with Alana Johnston,,,False,,,,,,,,,,,False
488,488,main,Wendy's vs In-N-Out Burger with Jon Gabrus and Betsy Sodaro,Wendy's vs In-N-Out Burger,Jon Gabrus and Betsy Sodaro,2025-03-27,,,no score,episode page,livestream,,🏆,Munch Madness 2025: MMX: The Tournament of Tournament of Chompions of Chompions: Finale,Wendy's vs In-N-Out Burger with Jon Gabrus and Betsy Sodaro,,,True,,,,,,,,,,,False
DD,,double,"We Know Taco Tuesday, but What About the Rest of the Week? with Mary Sohn","We Know Taco Tuesday, but What About the Rest of the Week?",Mary Sohn,2025-04-01,,,no score,,,,,,"We Know Taco Tuesday, but What About the Rest of the Week? with Mary Sohn",,,False,,,,,,,,,,,False
489,489,main,Cafe Gratitude with Bryan Quinby,Cafe Gratitude,Bryan Quinby,2025-04-03,1.33,1.33,,,,,Broken Plate Club,,Cafe Gratitude with Bryan Quinby,Cafe Gratitude,Healthy & Juice,False,1.0,1.5,1.5,1.3333333333333333,1.0,1.5,1.5,1.3333333333333333,3.0,3.0,False
DD,,double,Biggie Feedbag LVI,Biggie Feedbag LVI,,2025-04-08,,,no score,,,,📬,,Biggie Feedbag LVI,,,False,,,,,,,,,,,False
490,490,main,Carl's Jr./Hardee's 4 with Stavros Halkias,Carl's Jr./Hardee's,Stavros Halkias,2025-04-10,3.75,3.75,,,,,,,Carl's Jr./Hardee's 4 with Stavros Halkias,Carl's Jr./Hardee's,Burgers & Hot Dogs,False,3.5,4.0,3.75,3.75,3.5,4.0,3.75,3.75,3.0,3.0,False
DD,,double,Baby Food with Jackie Johnson,Baby Food,Jackie Johnson,2025-04-15,,,no score,,,,,,Baby Food with Jackie Johnson,,,False,,,,,,,,,,,False
491,491,main,Dickey's Barbecue Pit with Jamelle Bouie,Dickey's Barbecue Pit,Jamelle Bouie,2025-04-17,1.67,1.67,,,,,Broken Plate Club,,Dickey's Barbecue Pit with Jamelle Bouie,Dickey's Barbecue Pit,American & Casual Dining,False,1.0,2.0,2.0,1.6666666666666667,1.0,2.0,2.0,1.6666666666666667,3.0,3.0,False
DD,,double,Andor with Shaun Diston,Andor,Shaun Diston,2025-04-22,,,no score,,,,👨‍✈️📺,Doughboys Pilot Program,Andor with Shaun Diston,,,False,,,,,,,,,,,False
492,492,main,Subway 5: Doritos Footlong Nachos with Toni Charline Ramos,Subway,Toni Charline Ramos,2025-04-24,1.33,1.33,,,,,Broken Plate Club,,Subway 5: Doritos Footlong Nachos with Toni Charline Ramos,Subway,Sandwiches & Subs,False,1.0,1.0,2.0,1.3333333333333333,1.0,1.0,2.0,1.3333333333333333,3.0,3.0,False
DD,,double,Orange: What's its best form? with Casey Rosario,Orange: What's its best form?,Casey Rosario,2025-04-29,,,no score,,,,,,Orange: What's its best form? with Casey Rosario,,,False,,,,,,,,,,,False
493,493,main,Wendy's 4 with Brooks Wheelan,Wendy's,Brooks Wheelan,2025-05-01,4.00,4.0,,,,,,,Wendy's 4 with Brooks Wheelan,Wendy's,Burgers & Hot Dogs,False,4.5,4.5,3.0,4.0,4.5,4.5,3.0,4.0,3.0,3.0,False
DD,,double,Mission Impossible I-III with Dan Lippert,Mission Impossible I-III,Dan Lippert,2025-05-06,,,no score,,,,,Maynk 3: Mayssion Impoddoughble,Mission Impossible I-III with Dan Lippert,,,False,,,,,,,,,,,False
494,494,main,Popeyes 6 with Tim Baltz,Popeyes,Tim Baltz,2025-05-08,5.00,5.0,,,,,Platinum Plate Club,Pickle Menu: 3.17 forks,Popeyes 6 with Tim Baltz,Popeyes,Chicken,False,5.0,5.0,5.0,5.0,5.0,5.0,5.0,5.0,3.0,3.0,False
DD,,double,Mission Impossible - Ghost Protocol with Henry Gilbert,Mission Impossible - Ghost Protocol,Henry Gilbert,2025-05-13,,,no score,,,,,Maynk 3: Mayssion Impoddoughble,Mission Impossible - Ghost Protocol with Henry Gilbert,,,False,,,,,,,,,,,False
495,495,main,Panera 3 with Kimia Behpoornia,Panera,Kimia Behpoornia,2025-05-15,3.83,3.83,,,,,,,Panera 3 with Kimia Behpoornia,Panera Bread,Sandwiches & Subs,False,4.0,3.5,4.0,3.8333333333333335,4.0,3.5,4.0,3.8333333333333335,3.0,3.0,False
DD,,double,Mission Impossible - Rogue Nation with Drew McWeeny,Mission Impossible - Rogue Nation,Drew McWeeny,2025-05-20,,,no score,,,,,Maynk 3: Mayssion Impoddoughble,Mission Impossible - Rogue Nation with Drew McWeeny,,,False,,,,,,,,,,,False
496,496,main,Pret a Manger with Charlotte McDonnell and Libby Watson,Pret a Manger,Charlotte McDonnell and Libby Watson,2025-05-22,3.13,3.13,,,,,,,Pret a Manger with Charlotte McDonnell and Libby Watson,Pret a Manger,Sandwiches & Subs,False,3.0,2.5,3.5,3.125,3.0,2.5,3.5,3.125,4.0,4.0,False
DD,,double,Mission Impossible - Fallout with Marisa Pinson,Mission Impossible - Fallout,Marisa Pinson,2025-05-27,,,no score,,,,,Maynk 3: Mayssion Impoddoughble,Mission Impossible - Fallout with Marisa Pinson,,,False,,,,,,,,,,,False
497,497,main,Planet Hollywood with Griffin Newman and David Sims,Planet Hollywood,Griffin Newman and David Sims,2025-05-29,0.75,0.75,,,,,Broken Plate Club,,Planet Hollywood with Griffin Newman and David Sims,Planet Hollywood,American & Casual Dining,False,0.0,1.0,1.0,0.75,0.0,1.0,1.0,0.75,4.0,4.0,False
DD,,double,Mission Impossible - Dead Reckoning with Lily Sullivan,Mission Impossible - Dead Reckoning,Lily Sullivan,2025-06-03,,,no score,,,,,Maynk 3: Mayssion Impoddoughble,Mission Impossible - Dead Reckoning with Lily Sullivan,,,False,,,,,,,,,,,False
498,498,main,Randy's Donuts with Gareth Reynolds,Randy's Donuts,Gareth Reynolds,2025-06-05,4.50,4.5,,,,,Golden Plate Club,,Randy's Donuts with Gareth Reynolds,Randy's Donuts,"Coffee, Bakery & Sweets",False,4.0,4.5,5.0,4.5,4.0,4.5,5.0,4.5,3.0,3.0,False
DD,,double,Mission Impossible - The Final Reckoning,Mission Impossible - The Final Reckoning,,2025-06-10,,,no score,,,,,Maynk 3: Mayssion Impoddoughble,Mission Impossible - The Final Reckoning,,,False,,,,,,,,,,,False
499,499,main,Burger King 7 with Andrea Jin,Burger King,Andrea Jin,2025-06-12,2.50,2.5,,,,,,How to Train Your Dragon menu,Burger King 7 with Andrea Jin,Burger King,Burgers & Hot Dogs,False,3.0,2.0,2.5,2.5,3.0,2.0,2.5,2.5,3.0,3.0,False
DD,,double,Hot Dog Toppings (Part One),Hot Dog Toppings (Part One),,2025-06-17,,,no score,,,,🪜,Tier-a-me-chew,Tier-A-Me-Chew: Hot Dog Toppings (Part One),,,False,,,,,,,,,,,False
500,500,main,Chili's 3 with Eva Anderson,Chili's,Eva Anderson,2025-06-19,4.33,4.33,,,,,Golden Plate Club,,Chili's 3 with Eva Anderson,Chili's,American & Casual Dining,False,4.0,4.5,4.5,4.333333333333333,4.0,4.5,4.5,4.333333333333333,3.0,3.0,False
DD,,double,The Big Fat Comic Book Lunch Special with Alex Firer,The Big Fat Comic Book Lunch Special,Alex Firer,2025-06-24,,,no score,,,,,,The Big Fat Comic Book Lunch Special with Alex Firer,,,False,,,,,,,,,,,False
501,501,main,Panda Express 4 with Matt Kowalick and Holly Prazoff,Panda Express,Matt Kowalick and Holly Prazoff,2025-06-26,5.00,5.0,,,,,Platinum Plate Club,also bonus segment with Alex Firer and Fred C. Stresing,Panda Express 4 with Matt Kowalick and Holly Prazoff,Panda Express,Asian,False,5.0,5.0,5.0,5.0,5.0,5.0,5.0,5.0,4.0,4.0,False
DD,,double,Hot Dog Toppings (Part Two),Hot Dog Toppings (Part Two),,2025-07-01,,,no score,,,,🪜,Tier-a-me-chew,Tier-A-Me-Chew: Hot Dog Toppings (Part Two),,,False,,,,,,,,,,,False
502,502,main,Taco Bell IX with Beck Bennett,Taco Bell IX,Beck Bennett,2025-07-03,4.33,4.33,,,,,Golden Plate Club,Crispy Chicken Menu,Taco Bell IX with Beck Bennett,Taco Bell,Mexican,False,4.5,4.5,4.0,4.333333333333333,4.5,4.5,4.0,4.333333333333333,3.0,3.0,False
DD,,double,&pizza with Jon Gabrus and Griffin Newman,&pizza,Jon Gabrus and Griffin Newman,2025-07-08,4.06,4.06,,notes,in person,"Washington, DC",,"JU-LIVE; live in Washington, DC; also with Stavros Halkias",&pizza with Jon Gabrus and Griffin Newman,&pizza,Pizza & Italian,True,4.5,4.0,3.875,4.0625,4.5,4.0,3.875,4.0625,4.0,4.0,False
503,503,main,Pizza Hut 4 with Neil Campbell and Mitra Jouhari,Pizza Hut,Neil Campbell and Mitra Jouhari,2025-07-10,1.13,1.13,,,,,Broken Plate Club,,Pizza Hut 4 with Neil Campbell and Mitra Jouhari,Pizza Hut,Pizza & Italian,False,1.0,1.0,1.25,1.125,1.0,1.0,1.25,1.125,4.0,4.0,False
DD,,double,Silver Diner with Jon Gabrus and Tami Sagher,Silver Diner,Jon Gabrus and Tami Sagher,2025-07-15,3.13,3.13,,notes,in person,"Washington, DC",,"JU-LIVE; live in Washington, DC",Silver Diner with Jon Gabrus and Tami Sagher,Silver Diner,Breakfast & Diners,True,2.0,4.0,3.25,3.125,2.0,4.0,3.25,3.125,4.0,4.0,False
504,504,main,Little Caesars 4 with Josh Gondelman,Little Caesars,Josh Gondelman,2025-07-17,3.67,3.67,,,,,,Fantastic Four tie-in menu,Little Caesars 4 with Josh Gondelman,Little Caesars,Pizza & Italian,False,3.75,3.75,3.5,3.6666666666666665,3.75,3.75,3.5,3.6666666666666665,3.0,3.0,False
DD,,double,Playa Bowls with Zach Cherry and Jon Gabrus,Playa Bowls,Zach Cherry and Jon Gabrus,2025-07-22,5.00,5.0,,notes,in person,"Newark, NJ",Platinum Plate Club,"JU-LIVE; live in Newark, NJ",Playa Bowls with Zach Cherry and Jon Gabrus,Playa Bowls,Healthy & Juice,True,5.0,5.0,5.0,5.0,5.0,5.0,5.0,5.0,4.0,4.0,False
505,505,main,Papa Johns 3 with Steve Sladkowski,Papa Johns,Steve Sladkowski,2025-07-24,3.42,3.42,,,,,,,Papa Johns 3 with Steve Sladkowski,Papa John's,Pizza & Italian,False,3.5,3.5,3.25,3.4166666666666665,3.5,3.5,3.25,3.4166666666666665,3.0,3.0,False
DD,,double,Legal Sea Foods with Jon Gabrus and John Hodgman,Legal Sea Foods,Jon Gabrus and John Hodgman,2025-07-29,4.38,4.38,,notes,in person,"Boston, MA",Golden Plate Club,"JU-LIVE; live in Boston, MA",Legal Sea Foods with Jon Gabrus and John Hodgman,Legal Sea Foods,Seafood,True,4.0,5.0,4.25,4.375,4.0,5.0,4.25,4.375,4.0,4.0,False
506,506,main,Jeni's Splendid Ice Creams 2 with Stephanie Beatriz and Michael Jonathan Smith,Jeni's Splendid Ice Creams,Stephanie Beatriz and Michael Jonathan Smith,2025-07-31,4.44,4.44,,,,,🤡 Golden Headband Club,Twisted Monthal,Jeni's Splendid Ice Creams 2 with Stephanie Beatriz and Michael Jonathan Smith,Jeni's Splendid Ice Creams,"Coffee, Bakery & Sweets",False,4.5,5.0,4.125,4.4375,4.5,5.0,4.125,4.4375,4.0,4.0,False
DD,,double,Last Meals with Richard de Klerk,Last Meals,Richard de Klerk,2025-08-05,,,no score,,,,🤡,Twisted Monthal,Last Meals with Richard de Klerk,,,False,,,,,,,,,,,False
507,507,main,Salt & Straw 2 with Saylor Curda and Tiana Okoye,Salt & Straw,Saylor Curda and Tiana Okoye,2025-08-07,4.20,4.2,,,,,🤡 Golden Plate Club,Twisted Monthal,Salt & Straw 2 with Saylor Curda and Tiana Okoye,Salt & Straw,"Coffee, Bakery & Sweets",False,4.0,4.0,4.4,4.2,4.0,4.0,4.4,4.2,4.0,4.0,False
DD,,double,Pretzels with Bill Benz,Pretzels,Bill Benz,2025-08-12,,,no score,,,,🤡,Twisted Monthal,Pretzels with Bill Benz,,,False,,,,,,,,,,,False
508,508,main,Pinkberry 2 with Grant Dekernion and Patty Guggenheim,Pinkberry,Grant Dekernion and Patty Guggenheim,2025-08-14,1.50,1.5,,,,,🤡 Broken Plate Club,Twisted Monthal,Pinkberry 2 with Grant Dekernion and Patty Guggenheim,Pinkberry,"Coffee, Bakery & Sweets",False,1.5,2.0,1.25,1.5,1.5,2.0,1.25,1.5,5.0,4.0,False
DD,,double,Jersey Mike's 3 with Jon Daly,Jersey Mike's,Jon Daly,2025-08-19,4.92,4.92,,,,,🤡 Golden Plate Club 🔓,Twisted Monthal,Jersey Mike's 3 with Jon Daly,Jersey Mike's,Sandwiches & Subs,False,5.0,5.0,4.75,4.916666666666667,5.0,5.0,4.75,4.916666666666667,5.0,3.0,False
509,509,main,Cold Stone Creamery 3 with Shaun Diston and Gilli Nissim,Cold Stone Creamery,Shaun Diston and Gilli Nissim,2025-08-21,2.19,2.19,,,,,🤡 Broken Plate Club,Twisted Monthal,Cold Stone Creamery 3 with Shaun Diston and Gilli Nissim,Cold Stone Creamery,"Coffee, Bakery & Sweets",False,3.0,1.5,2.125,2.1875,3.0,1.5,2.125,2.1875,4.0,4.0,False
DD,,double,Mt. Clowntmore with Lisa Gilroy,Mt. Clowntmore,Lisa Gilroy,2025-08-26,,,no score,,,,🤡,Twisted Monthal; BBQ+RICE = 5 forks,Mt. Clowntmore with Lisa Gilroy,,,False,,,,,,,,,,,False
510,510,main,McDonald's Ice Cream with Samoa Joe,McDonald's Ice Cream,Samoa Joe,2025-08-28,4.67,4.67,,,,,🤡 Golden Arches Club,Twisted Monthal,McDonald's Ice Cream with Samoa Joe,McDonald's,"Coffee, Bakery & Sweets",False,4.0,5.0,5.0,4.666666666666667,4.0,5.0,5.0,4.666666666666667,3.0,3.0,False
DD,,double,John Williams Draft with Tim Greiving,John Williams Draft,Tim Greiving,2025-09-02,,,no score,,,,,,John Williams Draft with Tim Greiving,,,False,,,,,,,,,,,False
511,511,main,Philz Coffee with Corin Wells,Philz Coffee,Corin Wells,2025-09-04,2.67,2.67,,,,,,,Philz Coffee with Corin Wells,Philz Coffee,"Coffee, Bakery & Sweets",False,3.5,2.5,2.0,2.6666666666666665,3.5,2.5,2.0,2.6666666666666665,3.0,3.0,False
DD,,double,Friendly's with Ben Hosley,Friendly's,Ben Hosley,2025-09-09,,,no score,,,,🛟,Chain Rescue,Chain Rescue: Friendly's with Ben Hosley,Friendly's,American & Casual Dining,False,,,,,,,,,,,False
512,512,main,Alfred Coffee with Sean Clements and Hayes Davenport,Alfred Coffee,Sean Clements and Hayes Davenport,2025-09-11,2.45,2.45,,,,,,,Alfred Coffee with Sean Clements and Hayes Davenport,Alfred Coffee,"Coffee, Bakery & Sweets",False,2.5,2.0,2.65,2.45,2.5,2.0,2.65,2.45,5.0,4.0,False
DD,,double,Hot Dog Toppings (Part Three),Hot Dog Toppings (Part Three),,2025-09-16,,,no score,,,,🪜,Tier-a-me-chew,Tier-A-Me-Chew: Hot Dog Toppings (Part Three),,,False,,,,,,,,,,,False
513,513,main,Deluca's Italian Deli with Alana Hope Levinson and Dan O'Sullivan,Deluca's Italian Deli,Alana Hope Levinson and Dan O'Sullivan,2025-09-18,2.00,2.0,,,,,,,Deluca's Italian Deli with Alana Hope Levinson and Dan O'Sullivan,Deluca's Italian Deli,Sandwiches & Subs,False,1.5,3.0,1.75,2.0,1.5,3.0,1.75,2.0,4.0,4.0,False
DD,,double,The Snacklog,The Snacklog,,2025-09-23,,,no score,,,,,,The Snacklog,,,False,,,,,,,,,,,False
514,514,main,Plant Power Fast Food with Ashly Burch and Mort Burke,Plant Power Fast Food,Ashly Burch and Mort Burke,2025-09-25,3.00,3.0,,,,,Hand-holding Club,,Plant Power Fast Food with Ashly Burch and Mort Burke,Plant Power Fast Food,Healthy & Juice,False,,,3.0,3.0,,,3.0,3.0,4.0,4.0,False
DD,,double,Biggie Feedbag LVII with Casey Donahue,Biggie Feedbag LVII,Casey Donahue,2025-09-30,,,no score,,,,📬,Statements,Biggie Feedbag LVII with Casey Donahue,,,False,,,,,,,,,,,False
515,515,main,Silverlake Ramen with Betsy Sodaro,Silverlake Ramen,Betsy Sodaro,2025-10-02,4.67,4.67,,,,,🍜🐊 Golden Plate Club,Crock-Dough-Burn-Pho-Est,Silverlake Ramen with Betsy Sodaro,Silverlake Ramen,Asian,False,,4.5,4.75,4.666666666666667,,4.5,4.75,4.666666666666667,3.0,3.0,False
DD,,double,What's the Wettest Food? with Toni Charline Ramos,What's the Wettest Food?,Toni Charline Ramos,2025-10-07,,,no score,,,,🍜🐊,Crock-Dough-Burn-Pho-Est,What's the Wettest Food? with Toni Charline Ramos,,,False,,,,,,,,,,,False
516,516,main,Le Pain Quotidien 2 with Christine Nangle,Le Pain Quotidien,Christine Nangle,2025-10-09,1.83,1.83,,,,,🍜🐊 Broken Plate Club,Crock-Dough-Burn-Pho-Est,Le Pain Quotidien 2 with Christine Nangle,Le Pain Quotidien,"Coffee, Bakery & Sweets",False,2.0,1.5,2.0,1.8333333333333333,2.0,1.5,2.0,1.8333333333333333,3.0,3.0,False
DD,,double,Crawl,Crawl,,2025-10-14,,,no score,,,,🍜🐊🎥,Crock-Dough-Burn-Pho-Est; Dinner is the Movie,Crawl,,,False,,,,,,,,,,,False
517,517,main,Panera 4 with Jason Concepcion,Panera,Jason Concepcion,2025-10-16,4.50,4.5,,,,,🍜🐊 Golden Plate Club,Crock-Dough-Burn-Pho-Est,Panera 4 with Jason Concepcion,Panera Bread,Sandwiches & Subs,False,4.0,5.0,4.5,4.5,4.0,5.0,4.5,4.5,3.0,3.0,False
DD,,double,Chain Rescue: Souplantation with Kelly Nugent,Chain Rescue: Souplantation,Kelly Nugent,2025-10-21,,,no score,,,,🍜🐊🛟,Crock-Dough-Burn-Pho-Est,Chain Rescue: Souplantation with Kelly Nugent,,,False,,,,,,,,,,,False
518,518,main,The Original Soup Kitchen with Stavros Halkias,The Original Soup Kitchen,Stavros Halkias,2025-10-23,2.83,2.83,,,,,🍜🐊,Crock-Dough-Burn-Pho-Est,The Original Soup Kitchen with Stavros Halkias,The Original Soup Kitchen,Other,False,3.0,3.5,2.0,2.8333333333333335,3.0,3.5,2.0,2.8333333333333335,3.0,3.0,False
DD,,double,Oyster Crackers,Oyster Crackers,,2025-10-28,,,no score,,,,🍜🐊,Crock-Dough-Burn-Pho-Est,Oyster Crackers,,,False,,,,,,,,,,,False
519,519,main,Daikokuya with Sandy Honig,Daikokuya,Sandy Honig,2025-10-30,5.00,5.0,,,,,🍜🐊 Platinum Bowl Club,Crock-Dough-Burn-Pho-Est,Daikokuya with Sandy Honig,Daikokuya,Asian,False,5.0,5.0,5.0,5.0,5.0,5.0,5.0,5.0,3.0,3.0,False
DD,,double,Biggie Feedbag LVIII,Biggie Feedbag LVIII,,2025-11-04,,,no score,,,,📬,Statements,Biggie Feedbag LVIII,,,False,,,,,,,,,,,False
520,520,main,Denny's 4 with Jesse Farrar,Denny's,Jesse Farrar,2025-11-06,1.67,1.67,,,,,,Good Fortune menu,Denny's 4 with Jesse Farrar,Denny's,Breakfast & Diners,False,2.5,2.0,0.5,1.6666666666666667,2.5,2.0,0.5,1.6666666666666667,3.0,3.0,False
DD,,double,Johnny Pumpkin Seed with Zach Cherry,Johnny Pumpkin Seed,Zach Cherry,2025-11-11,,,no score,,,,🍒,Zach Cherry Week,Johnny Pumpkin Seed with Zach Cherry,,,False,,,,,,,,,,,False
521,521,main,Jimmy John's 3 with Zach Cherry,Jimmy John's,Zach Cherry,2025-11-13,1.94,1.94,,,,,🍒,Zach Cherry Week; Picklewich menu,Jimmy John's 3 with Zach Cherry,Jimmy John's,Sandwiches & Subs,False,2.0,1.5,2.32,1.9400000000000002,2.0,1.5,2.32,1.9400000000000002,3.0,3.0,False
DD,,double,Mt. Post-Mealmore with Neil Campbell and Fran Gillespie,Mt. Post-Mealmore,Neil Campbell and Fran Gillespie,2025-11-18,,,no score,,,,,,Mt. Post-Mealmore with Neil Campbell and Fran Gillespie,,,False,,,,,,,,,,,False
522,522,main,Costco 3 with Jesse Thorn,Costco,Jesse Thorn,2025-11-20,4.33,4.33,,,,,Golden Plate Club,,Costco 3 with Jesse Thorn,Costco,Other,False,5.0,4.0,4.0,4.333333333333333,5.0,4.0,4.0,4.333333333333333,3.0,3.0,False
DD,,double,The Doughboys Take NYCC,The Doughboys Take NYCC,,2025-11-25,,,no score,,,,,"Meg Casey, Alex Firer, Fred C. Stresing",The Doughboys Take NYCC,,,False,,,,,,,,,,,False
DD,,double,Mt. Holiday-Moviemore with Tony Macht,Mt. Holiday-Moviemore,Tony Macht,2025-12-02,,,no score,,,,,,Mt. Holiday-Moviemore with Tony Macht,,,False,,,,,,,,,,,False
523,523,main,The Toothsome Chocolate Emporium & Savory Feast Kitchen with Mark Rennie,The Toothsome Chocolate Emporium & Savory Feast Kitchen,Mark Rennie,2025-12-04,0.25,0.25,,,,,Broken Plate Club,,The Toothsome Chocolate Emporium & Savory Feast Kitchen with Mark Rennie,The Toothsome Chocolate Emporium & Savory Feast Kitchen,"Coffee, Bakery & Sweets",False,0.25,0.0,0.5,0.25,0.25,0.0,0.5,0.25,3.0,3.0,False
DD,,double,Clownkake with Chad Damiani,Clownkake,Chad Damiani,2025-12-09,,,no score,,,,,,Clownkake with Chad Damiani,,,False,,,,,,,,,,,False
524,524,main,Sizzler 2 with Nicole Byer,Sizzler,Nicole Byer,2025-12-11,4.33,4.33,,,,,Golden Plate Club,,Sizzler 2 with Nicole Byer,Sizzler,American & Casual Dining,False,4.0,4.0,5.0,4.333333333333333,4.0,4.0,5.0,4.333333333333333,3.0,3.0,False
DD,,double,Can Santa Do It? with Tim Kalpakis,Can Santa Do It?,Tim Kalpakis,2025-12-16,,,no score,,,,,,Can Santa Do It? with Tim Kalpakis,,,False,,,,,,,,,,,False
525,525,main,Steak 'n Shake 10 with Evan Susser,Steak 'n Shake,Evan Susser,2025-12-18,3.67,3.67,,,,,🥩🥤,,Steak 'n Shake 10 with Evan Susser,Steak 'n Shake,Burgers & Hot Dogs,False,5.0,1.0,5.0,3.6666666666666665,5.0,1.0,5.0,3.6666666666666665,3.0,3.0,False
DD,,double,Salt & Straw with Comet,Salt & Straw,Comet,2025-12-23,5.00,5.0,,,,,Platinum Plate Club,Salt & Straw 2025 Holiday Series,Salt & Straw with Comet,Salt & Straw,"Coffee, Bakery & Sweets",False,5.0,5.0,5.0,5.0,5.0,5.0,5.0,5.0,3.0,3.0,False
DD,,double,Thursday the 27th Part VIII: Bastin' Makes Manhattan Clam Chowder with Eva Anderson and Mike Hanford,Thursday the 27th Part VIII: Bastin' Makes Manhattan Clam Chowder,Eva Anderson and Mike Hanford,2025-12-30,,,no score,,,,🥔,Mash-off,Thursday the 27th Part VIII: Bastin' Makes Manhattan Clam Chowder with Eva Anderson and Mike Hanford,,,False,,,,,,,,,,,False
DD,,double,"Drop Off 5 with Emma Erdbrink, Amelia Marino, and Robert Persinger",Drop Off,"Emma Erdbrink, Amelia Marino, and Robert Persinger",2026-01-06,,,no score,,,,🚽,,"Drop Off 5 with Emma Erdbrink, Amelia Marino, and Robert Persinger",,,False,,,,,,,,,,,False
526,526,main,Oops! All Segments! 4!,Oops! All Segments!,,2026-01-08,,,no score,,,,🤦‍♂️,,Oops! All Segments! 4!,,,False,,,,,,,,,,,False
DD,,double,The Combinator: Ketchup with Zach Cherry,The Combinator: Ketchup,Zach Cherry,2026-01-13,,,no score,,,,,,The Combinator: Ketchup with Zach Cherry,,,False,,,,,,,,,,,False
527,527,main,La Colombe with Vic Michaelis,La Colombe,Vic Michaelis,2026-01-15,2.33,2.33,,,,,,,La Colombe with Vic Michaelis,La Colombe,"Coffee, Bakery & Sweets",False,3.0,2.0,2.0,2.3333333333333335,3.0,2.0,2.0,2.3333333333333335,3.0,3.0,False
DD,,double,Potato Preparations with Jordan Morris,Potato Preparations,Jordan Morris,2026-01-20,,,no score,,,,🪜🥔,Tier-a-me-chew,Tier-A-Me-Chew: Potato Preparations with Jordan Morris,,,False,,,,,,,,,,,False
528,528,main,KFC 4 with Cullen Crawford,KFC,Cullen Crawford,2026-01-22,4.08,4.08,,,,,Golden Plate Club,,KFC 4 with Cullen Crawford,KFC,Chicken,False,4.0,4.25,4.0,4.083333333333333,4.0,4.25,4.0,4.083333333333333,3.0,3.0,False
DD,,double,Small Cheval with Jon Gabrus,Small Cheval,Jon Gabrus,2026-01-27,4.33,4.33,,notes,in person,"Chicago, IL",Golden Plate Club,"live in Chicago, IL",Small Cheval with Jon Gabrus,Small Cheval,Burgers & Hot Dogs,True,,4.5,4.25,4.333333333333333,,4.5,4.25,4.333333333333333,3.0,3.0,False
529,529,main,Trejo's Tacos with Lamar Woods,Trejo's Tacos,Lamar Woods,2026-01-29,4.25,4.25,,,,,Golden Plate Club,,Trejo's Tacos with Lamar Woods,Trejo's Tacos,Mexican,False,4.0,4.0,4.5,4.25,4.0,4.0,4.5,4.25,4.0,4.0,False
DD,,double,Redhot Ranch with Jon Gabrus,Redhot Ranch,Jon Gabrus,2026-02-03,4.83,4.83,,notes,in person,"Chicago, IL",🔓 Golden Plate Club,"live in Chicago, IL",Redhot Ranch with Jon Gabrus,Redhot Ranch,Burgers & Hot Dogs,True,5.0,5.0,4.5,4.833333333333333,5.0,5.0,4.5,4.833333333333333,3.0,3.0,False
530,530,main,Jack in the Box 3 with Johnny Pemberton,Jack in the Box,Johnny Pemberton,2026-02-05,3.13,3.13,,,,,,,Jack in the Box 3 with Johnny Pemberton,Jack in the Box,Burgers & Hot Dogs,False,4.0,2.5,4.0,3.5,4.0,2.5,4.0,3.5,3.0,3.0,False
DD,,double,Heated Rivalry with Becky Feldman,Heated Rivalry,Becky Feldman,2026-02-10,,,no score,,,,👨‍✈️📺,Love Week ❤️; Doughboys Pilot Program,Heated Rivalry with Becky Feldman,,,False,,,,,,,,,,,False
531,531,main,Edible Arrangements with Marisa Pinson and David Neher,Edible Arrangements,Marisa Pinson and David Neher,2026-02-12,3.38,3.38,,,,,,Love Week ❤️,Edible Arrangements with Marisa Pinson and David Neher,Edible Arrangements,Other,False,4.0,4.0,2.75,3.375,4.0,4.0,2.75,3.375,4.0,4.0,False
DD,,double,Pita Inn with Jon Gabrus,Pita Inn,Jon Gabrus,2026-02-17,3.08,3.08,,notes,in person,"Chicago, IL",,"live in Chicago, IL",Pita Inn with Jon Gabrus,Pita Inn,Mediterranean,True,3.0,3.25,3.0,3.0833333333333335,3.0,3.25,3.0,3.0833333333333335,3.0,3.0,False
532,532,main,Ggiata Delicatessen with Vanessa Chester,Ggiata Delicatessen,Vanessa Chester,2026-02-19,3.40,3.4,,,,,,,Ggiata Delicatessen with Vanessa Chester,Ggiata Delicatessen,Sandwiches & Subs,False,3.0,3.75,3.5,3.4166666666666665,3.0,3.75,3.5,3.4166666666666665,3.0,3.0,False
DD,,double,McDonald's International Menu with Jon Gabrus,McDonald's International Menu,Jon Gabrus,2026-02-24,4.58,4.58,,notes,in person,"Chicago, IL",,"live in Chicago, IL",McDonald's International Menu with Jon Gabrus,McDonald's,Burgers & Hot Dogs,True,5.0,5.0,3.75,4.583333333333333,5.0,5.0,3.75,4.583333333333333,3.0,3.0,False
533,533,main,Houston's with Elena Crevello and Chelsea Davison,Houston's,Elena Crevello and Chelsea Davison,2026-02-26,4.75,4.75,,,,,Golden Plate Club,,Houston's with Elena Crevello and Chelsea Davison,Hillstone,American & Casual Dining,False,5.0,5.0,4.5,4.75,5.0,5.0,4.5,4.75,4.0,4.0,False
DD,,double,Selection Tuesday,Selection Tuesday,,2026-03-03,,,no score,,,,🥵,Munch Madness XI: Reheated Rivalry,Selection Tuesday,,,False,,,,,,,,,,,False
534,534,main,Grimace Region with Nick Corirossi and Armen Weitzman,Grimace Region,Nick Corirossi and Armen Weitzman,2026-03-05,,,no score,,,,🥵,Munch Madness XI: Reheated Rivalry,Grimace Region with Nick Corirossi and Armen Weitzman,,,False,,,,,,,,,,,False
DD,,double,Value Region with Mort Burke,Value Region,Mort Burke,2026-03-10,,,no score,,,,🥵,Munch Madness XI: Reheated Rivalry,Value Region with Mort Burke,,,False,,,,,,,,,,,False
535,535,main,Fit Bird Region with Mary Sohn,Fit Bird Region,Mary Sohn,2026-03-12,,,no score,,,,🥵,Munch Madness XI: Reheated Rivalry,Fit Bird Region with Mary Sohn,,,False,,,,,,,,,,,False
DD,,double,Sweet Treat Region with Libby Watson,Sweet Treat Region,Libby Watson,2026-03-17,,,no score,,,,🥵,Munch Madness XI: Reheated Rivalry,Sweet Treat Region with Libby Watson,,,False,,,,,,,,,,,False
536,536,main,Semi-soft Finals 1 with Jess McKenna and Zach Reino,Semi-soft Finals,Jess McKenna and Zach Reino,2026-03-19,,,no score,,,,🥵,Munch Madness XI: Reheated Rivalry,Semi-soft Finals 1 with Jess McKenna and Zach Reino,,,False,,,,,,,,,,,False
DD,,double,Semi-soft Finals 2 with Tim Kalpakis,Semi-soft Finals,Tim Kalpakis,2026-03-24,,,no score,,,,🥵,Munch Madness XI: Reheated Rivalry,Semi-soft Finals 2 with Tim Kalpakis,,,False,,,,,,,,,,,False
537,537,main,Habit Burger 2 with Bryan Quinby,Habit Burger,Bryan Quinby,2026-03-26,2.75,2.75,,,,,,,Habit Burger 2 with Bryan Quinby,The Habit,Burgers & Hot Dogs,False,2.5,3.25,2.5,2.75,2.5,3.25,2.5,2.75,3.0,3.0,False
DD,,double,Filiberto's with Neil Campbell and Fran Gillespie,Filiberto's,Neil Campbell and Fran Gillespie,2026-03-31,3.25,3.25,,notes,in person,"Phoenix, AZ",,"live in Phoenix, AZ",Filiberto's with Neil Campbell and Fran Gillespie,Filiberto's,Mexican,True,4.0,4.0,2.5,3.25,4.0,4.0,2.5,3.25,4.0,4.0,False
538,538,main,Naturewell with Ben Rodgers,Naturewell,Ben Rodgers,2026-04-02,4.17,4.17,,,,,Golden Plate Club,,Naturewell with Ben Rodgers,Naturewell,Healthy & Juice,False,4.5,4.0,4.0,4.166666666666667,4.5,4.0,4.0,4.166666666666667,3.0,3.0,False
DD,,double,McMenamins with Jordan Morris,McMenamins,Jordan Morris,2026-04-07,3.00,3.0,,notes,in person,"Portland, OR",,"live in Portland, OR",McMenamins with Jordan Morris,McMenamins,American & Casual Dining,True,3.0,3.0,2.5,2.7,3.0,3.0,2.5,2.7,5.0,5.0,False
539,539,main,Publix with Jon Gabrus,Publix,Jon Gabrus,2026-04-09,4.00,4.0,,,,,Golden Plate Club,,Publix with Jon Gabrus,Publix,Other,False,4.0,4.0,4.0,4.0,4.0,4.0,4.0,4.0,5.0,5.0,False
DD,,double,Taco Time Northwest with Jordan Morris,Taco Time Northwest,Jordan Morris,2026-04-14,4.38,4.38,,notes,in person,"Seattle, WA",Golden Plate Club,"live in Seattle, WA; also with Henry Gilbert",Taco Time Northwest with Jordan Morris,Taco Time Northwest,Mexican,True,5.0,4.25,4.125,4.375,5.0,4.25,4.125,4.375,4.0,4.0,False
540,540,main,In-N-Out Burger 4 with Martin Starr,In-N-Out Burger,Martin Starr,2026-04-16,5.00,5.0,,,,,Platinum Plate Club,,In-N-Out Burger 4 with Martin Starr,In-N-Out Burger,Burgers & Hot Dogs,False,5.0,5.0,5.0,5.0,5.0,5.0,5.0,5.0,3.0,3.0,False
DD,,double,Epic Doughniverse,Epic Doughniverse,,2026-04-21,,,no score,,,,,,Epic Doughniverse,,,False,,,,,,,,,,,False
541,541,main,Baskin-Robbins 2 with Emmy Blotnick,Baskin-Robbins,Emmy Blotnick,2026-04-23,2.60,2.6,,,,,,,Baskin-Robbins 2 with Emmy Blotnick,Baskin-Robbins,"Coffee, Bakery & Sweets",False,2.5,3.0,3.125,3.0,2.5,3.0,3.125,3.0,6.0,6.0,False
DD,,double,Runza with Paul Rust,Runza,Paul Rust,2026-04-28,4.00,4.0,,notes,in person,"Omaha, NE",Golden Plate Club,"live in Omaha, NE; Hand-holding Club",Runza with Paul Rust,Runza,Sandwiches & Subs,True,4.0,4.0,4.0,4.0,4.0,4.0,4.0,4.0,3.0,3.0,False
542,542,main,Denny's 5 with Eva Anderson,Denny's,Eva Anderson,2026-04-30,0.50,0.5,,,,,Broken Plate Club,Masters of the Universe menu,Denny's 5 with Eva Anderson,Denny's,Breakfast & Diners,False,1.0,0.0,0.5,0.5,1.0,0.0,0.5,0.5,3.0,3.0,False
DD,,double,The Muppet Movie,The Muppet Movie,,2026-05-05,,,no score,,,,,Maynk 4: Munk,The Muppet Movie,,,False,,,,,,,,,,,False
543,543,main,California Fish Grill with Gil Ozeri,California Fish Grill,Gil Ozeri,2026-05-07,3.00,3.0,,,,,,,California Fish Grill with Gil Ozeri,California Fish Grill,Seafood,False,4.0,4.0,1.0,3.0,4.0,4.0,1.0,3.0,5.0,3.0,False
DD,,double,The Great Muppet Caper with Drew McWeeny,The Great Muppet Caper,Drew McWeeny,2026-05-12,,,no score,,,,,Maynk 4: Munk,The Great Muppet Caper with Drew McWeeny,,,False,,,,,,,,,,,False
544,544,main,Burger King 8 with Joe Wengert,Burger King,Joe Wengert,2026-05-14,3.33,3.33,,,,,,The Mandalorian and Grogu menu,Burger King 8 with Joe Wengert,Burger King,Burgers & Hot Dogs,False,3.5,3.5,3.0,3.3333333333333335,3.5,3.5,3.0,3.3333333333333335,4.0,3.0,False
DD,,double,The Muppets Take Manhattan with Mark Rennie,The Muppets Take Manhattan,Mark Rennie,2026-05-19,,,no score,,,,,Maynk 4: Munk,The Muppets Take Manhattan with Mark Rennie,,,False,,,,,,,,,,,False
545,545,main,Coco Ichibanya with Matt Apodaca and Heather Anne Campbell,Coco Ichibanya,Matt Apodaca and Heather Anne Campbell,2026-05-21,5.00,5.0,,,,,Platinum Plate Club,,Coco Ichibanya with Matt Apodaca and Heather Anne Campbell,Coco Ichibanya,Asian,False,5.0,5.0,5.0,5.0,5.0,5.0,5.0,5.0,6.0,6.0,False
DD,,double,The Muppets From Space Commentary with Marisa Pinson,The Muppets From Space Commentary,Marisa Pinson,2026-05-26,,,no score,,,,,Maynk 4: Munk,The Muppets From Space Commentary,,,False,,,,,,,,,,,False
546,546,main,Movita Juice Bar with Julian Stern,Movita Juice Bar,Julian Stern,2026-05-28,4.20,4.2,,,,,Golden Plate Club,,Movita Juice Bar with Julian Stern,Movita Juice Bar,Healthy & Juice,False,4.0,3.75,4.166666666666667,4.05,4.0,3.75,4.166666666666667,4.05,6.0,5.0,False
DD,,double,The Muppets with Henry Gilbert,The Muppets,Henry Gilbert,2026-06-02,,,no score,,,,,Maynk 4: Junk,The Muppets with Henry Gilbert,,,False,,,,,,,,,,,False
547,547,main,Firehouse Subs 2 with Brandie Posey,Firehouse Subs,Brandie Posey,2026-06-04,2.50,2.5,,,,,,,Firehouse Subs 2 with Brandie Posey,Firehouse Subs,Sandwiches & Subs,False,2.0,3.0,2.5,2.5,2.0,3.0,2.5,2.5,5.0,3.0,False
DD,,double,The Muppet Show with Griffin Newman,The Muppet Show,Griffin Newman,2026-06-09,,,no score,,,,,Maynk 4: Junk,The Muppet Show with Griffin Newman,,,False,,,,,,,,,,,False
548,548,main,Dunkin' 3 with Alyssa Limperis,Dunkin',Alyssa Limperis,2026-06-11,4.67,4.67,,,,,Golden Plate Club,,Dunkin' 3 with Alyssa Limperis,Dunkin',"Coffee, Bakery & Sweets",False,4.0,5.0,5.0,4.666666666666667,4.0,5.0,5.0,4.666666666666667,5.0,3.0,False
DD,,double,Pizza Ranch with Paul Rust,Pizza Ranch,Paul Rust,2026-06-16,1.83,1.83,,notes,in person,"West Des Moines, IA",,"live in West Des Moines, IA",Pizza Ranch with Paul Rust,Pizza Ranch,Pizza & Italian,True,1.0,2.5,2.0,1.8333333333333333,1.0,2.5,2.0,1.8333333333333333,3.0,3.0,False
549,549,main,Outback Steakhouse 4 with Tom Walker,Outback Steakhouse,Tom Walker,2026-06-18,1.85,1.85,,,,,,,Outback Steakhouse 4 with Tom Walker,Outback Steakhouse,American & Casual Dining,False,1.0,2.25,2.0,1.85,1.0,2.25,2.0,1.85,5.0,5.0,False
DD,,double,Pollo Tropical with Jon Gabrus,Pollo Tropical,Jon Gabrus,2026-06-23,3.92,3.92,,notes,in person,"Orlando, FL",,"live in Orlando, FL",Pollo Tropical with Jon Gabrus,Pollo Tropical,Chicken,True,4.0,4.0,3.75,3.9166666666666665,4.0,4.0,3.75,3.9166666666666665,3.0,3.0,False
550,550,main,Buca di Beppo 2 with Chloe Radcliffe,Buca di Beppo,Chloe Radcliffe,2026-06-25,1.42,1.42,,,,,Broken Plate Club,,Buca di Beppo 2 with Chloe Radcliffe,Buca di Beppo,Pizza & Italian,False,0.75,1.5,2.0,1.4166666666666667,0.75,1.5,2.0,1.4166666666666667,3.0,3.0,False
DD,,double,Columbia Restaurant with Jon Gabrus and Samoa Joe,Columbia Restaurant,Jon Gabrus and Samoa Joe,2026-06-30,5.00,5.0,,notes,in person,"Tampa, FL",Platinum Plate Club,"live in Tampa, FL",Columbia Restaurant with Jon Gabrus and Samoa Joe,Columbia Restaurant,Other,True,5.0,5.0,5.0,5.0,5.0,5.0,5.0,5.0,6.0,6.0,False
DD,,double,TK Burgers with Jon Gabrus and Ben Rodgers,TK Burgers,Jon Gabrus and Ben Rodgers,2026-07-07,4.63,4.63,,notes,in person,"Irvine, CA",Golden Plate Club,"live in Irvine, CA",TK Burgers with Jon Gabrus and Ben Rodgers,TK Burgers,Burgers & Hot Dogs,True,4.5,5.0,4.5,4.625,4.5,5.0,4.5,4.625,4.0,4.0,False
551,551,main,Panera 5 with David Wain,Panera,David Wain,2026-07-09,2.58,2.58,,,,,,,Panera 5 with David Wain,Panera Bread,Sandwiches & Subs,False,2.0,3.75,2.0,2.5833333333333335,2.0,3.75,2.0,2.5833333333333335,4.0,3.0,False
DD,,double,La Victoria Taqueria with Betsy Sodaro,La Victoria Taqueria,Betsy Sodaro,2026-07-14,4.08,4.08,,notes,in person,"San Jose, CA",,"live in San Jose, CA",La Victoria Taqueria with Betsy Sodaro,La Victoria Taqueria,Mexican,True,3.75,4.5,4.0,4.083333333333333,3.75,4.5,4.0,4.083333333333333,3.0,3.0,False
552,552,main,"Chimmelier with John Early, Claudia O'Doherty, and Pat Regan",Chimmelier,"John Early, Claudia O'Doherty, and Pat Regan",2026-07-16,3.80,3.8,,,,,,,"Chimmelier with John Early, Claudia O'Doherty, and Pat Regan",Chimmelier,Chicken,False,4.0,4.0,3.6666666666666665,3.8,4.0,4.0,3.6666666666666665,3.8,5.0,5.0,False
DD,,double,Biscuitville with Mike Hanford,Biscuitville,Mike Hanford,2026-07-21,3.50,3.5,,notes,in person,"Cary, NC",,"live in Cary, NC",Biscuitville with Mike Hanford,Biscuitville,Breakfast & Diners,True,4.0,4.0,2.5,3.5,4.0,4.0,2.5,3.5,4.0,3.0,False
553,553,main,Little Caesars 5 with Kimmy Gatewood,Little Caesars,Kimmy Gatewood,2026-07-23,4.17,4.17,,,,,,,Little Caesars 5 with Kimmy Gatewood,Little Caesars,Pizza & Italian,False,4.0,5.0,3.5,4.166666666666667,4.0,5.0,3.5,4.166666666666667,3.0,3.0,False
DD,,double,Bojangles 2 with Mike Hanford,Bojangles,Mike Hanford,2026-07-28,4.67,4.67,,notes,in person,"Charlotte, NC",Golden Plate Club,"live in Charlotte, NC",Bojangles 2 with Mike Hanford,Bojangles,Chicken,True,5.0,4.0,5.0,4.666666666666667,5.0,4.0,5.0,4.666666666666667,3.0,3.0,False
554,554,main,Gus's World Famous Fried Chicken 2 with Sean Clements,Gus's World Famous Fried Chicken,Sean Clements,2026-07-30,5.00,5.0,,,,,Platinum Plate Club,,Gus's World Famous Fried Chicken 2 with Sean Clements,Gus's World Famous Fried Chicken,Chicken,False,5.0,5.0,5.0,5.0,5.0,5.0,5.0,5.0,3.0,3.0,False
DD,,double,Zaxbys with Mike Hanford,Zaxbys,Mike Hanford,2026-08-04,4.17,4.17,,notes,in person,"Atlanta, GA",,"live in Atlanta, GA",Zaxbys with Mike Hanford,Zaxbys,Chicken,True,3.0,4.5,5.0,4.166666666666667,3.0,4.5,5.0,4.166666666666667,4.0,3.0,False
555,555,main,Gino's East with Carmen Christopher,Gino's East,Carmen Christopher,2026-08-06,3.17,3.17,,,,,,,Gino's East with Carmen Christopher,Gino's East,Pizza & Italian,False,4.0,3.5,2.0,3.1666666666666665,4.0,3.5,2.0,3.1666666666666665,3.0,3.0,False
DD,,double,Mellow Mushroom with Mike Hanford,Mellow Mushroom,Mike Hanford,2026-08-11,2.06,2.06,,notes,in person,"Atlanta, GA",,"live in Atlanta, GA",Mellow Mushroom with Mike Hanford,Mellow Mushroom,Pizza & Italian,True,1.5,2.75,2.0,2.0625,1.5,2.75,2.0,2.0625,4.0,4.0,False
556,556,main,Fat Burger 3 & Buffalo's Express with Whitmer Thomas,Fat Burger,Whitmer Thomas,2026-08-13,4.50,4.5,,,,,Golden Plate Club,,Fat Burger 3 & Buffalo's Express with Whitmer Thomas,Fatburger,Burgers & Hot Dogs,False,4.5,4.5,4.5,4.5,4.5,4.5,4.5,4.5,4.0,3.0,False
DD,,double,The Snacklog with Chloe Radcliffe,The Snacklog,Chloe Radcliffe,2026-08-18,,,no score,,,,,,The Snacklog with Chloe Radcliffe,,,False,,,,,,,,,,,False
557,557,main,Domino's 4 with Clare O'Kane,Domino's,Clare O'Kane,2026-08-20,5.00,5.0,,,,,Platinum Plate Club,,Domino's 4 with Clare O'Kane,Domino's,Pizza & Italian,False,5.0,5.0,5.0,5.0,5.0,5.0,5.0,5.0,3.0,3.0,False
DD,,double,White Sauces Part 1: Is It White?,White Sauces Part,,2026-08-25,,,no score,,,,🪜,Tier-a-me-chew,White Sauces Part 1: Is It White?,,,False,,,,,,,,,,,False
558,558,main,Carney's with Jamie Loftus,Carney's,Jamie Loftus,2026-08-27,4.63,4.63,,,,,Golden Plate Club,,Carney's with Jamie Loftus,Carney's,Burgers & Hot Dogs,False,5.0,5.0,4.25,4.625,5.0,5.0,4.25,4.625,4.0,4.0,False
DD,,double,The Wonderful World of Soda 3 with Tim Kalpakis,The Wonderful World of Soda,Tim Kalpakis,2026-09-01,,,no score,,,,,,The Wonderful World of Soda 3 with Tim Kalpakis,,,False,,,,,,,,,,,False
559,559,main,BHC Chicken with Matt Selman,BHC Chicken,Matt Selman,2026-09-03,3.67,3.67,,,,,,,BHC Chicken with Matt Selman,BHC Chicken,Chicken,False,3.5,4.0,3.5,3.6666666666666665,3.5,4.0,3.5,3.6666666666666665,3.0,3.0,False
DD,,double,Jerky Boys with Matt Apodaca,Jerky Boys,Matt Apodaca,2026-09-08,,,no score,,,,,,Jerky Boys with Matt Apodaca,,,False,,,,,,,,,,,False
