slug,phrase,count
7-eleven-with-fran-gillespie-live,wow,3
7-eleven-with-fran-gillespie-live,spoonman,3
7-eleven-with-fran-gillespie-live,snack or wack,4
7-eleven-with-fran-gillespie-live,oh my god,6
7-eleven-with-fran-gillespie-live,jesus christ,3
7-eleven-with-fran-gillespie-live,for god's sake,1
800-degrees-with-betsy-sodaro,wow,30
800-degrees-with-betsy-sodaro,spoonman,1
800-degrees-with-betsy-sodaro,golden plate club,1
800-degrees-with-betsy-sodaro,oh my god,4
800-degrees-with-betsy-sodaro,jesus christ,4
800-degrees-with-betsy-sodaro,spoon nation,1
800-degrees-with-betsy-sodaro,rumblies,1
800-degrees-with-betsy-sodaro,heat seeker,1
800-degrees-with-betsy-sodaro,wally and irma,1
800-degrees-with-betsy-sodaro,spoiler alert,1
85c-bakery-cafe-with-lauren-mcguire,wow,25
85c-bakery-cafe-with-lauren-mcguire,spoonman,1
85c-bakery-cafe-with-lauren-mcguire,platinum plate club,2
85c-bakery-cafe-with-lauren-mcguire,oh my god,2
85c-bakery-cafe-with-lauren-mcguire,jesus christ,1
85c-bakery-cafe-with-lauren-mcguire,wally and irma,1
99-restaurant-with-nicole-byer-dano-live,wow,31
99-restaurant-with-nicole-byer-dano-live,spoonman,4
99-restaurant-with-nicole-byer-dano-live,oh my god,11
99-restaurant-with-nicole-byer-dano-live,jesus christ,6
99-restaurant-with-nicole-byer-dano-live,for god's sake,2
99-restaurant-with-nicole-byer-dano-live,spoon nation,1
99-restaurant-with-nicole-byer-dano-live,heat seeker,1
alamo-drafthouse-with-drew-mcweeny,wow,34
alamo-drafthouse-with-drew-mcweeny,spoonman,4
alamo-drafthouse-with-drew-mcweeny,golden plate club,1
alamo-drafthouse-with-drew-mcweeny,snack or wack,1
alamo-drafthouse-with-drew-mcweeny,oh my god,9
alamo-drafthouse-with-drew-mcweeny,jesus christ,1
alamo-drafthouse-with-drew-mcweeny,birdfuck,4
alamo-drafthouse-with-drew-mcweeny,rumblies,1
alamo-drafthouse-with-drew-mcweeny,wally and irma,1
alfred-coffee-with-sean-clements-and-hayes-davenport,wow,33
alfred-coffee-with-sean-clements-and-hayes-davenport,spoonman,1
alfred-coffee-with-sean-clements-and-hayes-davenport,snack or wack,1
alfred-coffee-with-sean-clements-and-hayes-davenport,oh my god,7
alfred-coffee-with-sean-clements-and-hayes-davenport,for god's sake,1
alfred-coffee-with-sean-clements-and-hayes-davenport,birdfuck,2
alfred-coffee-with-sean-clements-and-hayes-davenport,heat seeker,1
alfred-coffee-with-sean-clements-and-hayes-davenport,spoiler alert,1
alfred-coffee-with-sean-clements-and-hayes-davenport,simulacrum,1
als-beef-with-megan-batoon-amir-blumenfeld-live,wow,39
als-beef-with-megan-batoon-amir-blumenfeld-live,spoonman,1
als-beef-with-megan-batoon-amir-blumenfeld-live,golden plate club,1
als-beef-with-megan-batoon-amir-blumenfeld-live,snack or wack,3
als-beef-with-megan-batoon-amir-blumenfeld-live,oh my god,17
als-beef-with-megan-batoon-amir-blumenfeld-live,jesus christ,3
als-beef-with-megan-batoon-amir-blumenfeld-live,for god's sake,4
als-beef-with-megan-batoon-amir-blumenfeld-live,heat seeker,1
als-beef-with-megan-batoon-amir-blumenfeld-live,hand holding club,2
amc-dine-in-with-kevin-pollak-and-jaime-fox,wow,38
amc-dine-in-with-kevin-pollak-and-jaime-fox,spoonman,1
amc-dine-in-with-kevin-pollak-and-jaime-fox,golden plate club,2
amc-dine-in-with-kevin-pollak-and-jaime-fox,oh my god,10
amc-dine-in-with-kevin-pollak-and-jaime-fox,jesus christ,1
amc-dine-in-with-kevin-pollak-and-jaime-fox,blah blah blah,1
amc-dine-in-with-kevin-pollak-and-jaime-fox,heat seeker,1
ameci-pizza-and-pasta-with-gilli-nissim,wow,37
ameci-pizza-and-pasta-with-gilli-nissim,spoonman,5
ameci-pizza-and-pasta-with-gilli-nissim,munch madness,1
ameci-pizza-and-pasta-with-gilli-nissim,oh my god,13
ameci-pizza-and-pasta-with-gilli-nissim,jesus christ,1
ameci-pizza-and-pasta-with-gilli-nissim,for god's sake,1
ameci-pizza-and-pasta-with-gilli-nissim,wally and irma,1
ameci-pizza-and-pasta-with-gilli-nissim,spoiler alert,1
ample-hills-creamery-with-jason-sheridan,wow,42
ample-hills-creamery-with-jason-sheridan,spoonman,3
ample-hills-creamery-with-jason-sheridan,golden plate club,1
ample-hills-creamery-with-jason-sheridan,oh my god,3
ample-hills-creamery-with-jason-sheridan,jesus christ,4
ample-hills-creamery-with-jason-sheridan,wally and irma,12
applebees-with-nicole-byer,this show sucks,1
applebees-with-nicole-byer,wow,53
applebees-with-nicole-byer,spoonman,2
applebees-with-nicole-byer,platinum plate club,1
applebees-with-nicole-byer,snack or wack,2
applebees-with-nicole-byer,oh my god,21
applebees-with-nicole-byer,jesus christ,2
applebees-with-nicole-byer,for god's sake,1
applebees-with-nicole-byer,hand holding club,1
applebees-with-nicole-byer,ungapatchka,6
arbys-2-with-john-hodgman,wow,36
arbys-2-with-john-hodgman,spoonman,1
arbys-2-with-john-hodgman,golden plate club,1
arbys-2-with-john-hodgman,snack or wack,5
arbys-2-with-john-hodgman,oh my god,7
arbys-2-with-john-hodgman,jesus christ,1
arbys-2-with-john-hodgman,spoon nation,1
arbys-3-with-larry-fong,wow,60
arbys-3-with-larry-fong,spoonman,2
arbys-3-with-larry-fong,golden plate club,2
arbys-3-with-larry-fong,platinum plate club,1
arbys-3-with-larry-fong,oh my god,5
arbys-3-with-larry-fong,jesus christ,1
arbys-3-with-larry-fong,heat seeker,1
arbys-with-vanessa-ramos,wow,11
arbys-with-vanessa-ramos,spoonman,13
arbys-with-vanessa-ramos,golden plate club,1
arbys-with-vanessa-ramos,oh my god,5
arbys-with-vanessa-ramos,jesus christ,1
arbys-with-vanessa-ramos,for god's sake,2
arbys-with-vanessa-ramos,spoon nation,9
auntie-annes-with-mary-lynn-rajskub,wow,70
auntie-annes-with-mary-lynn-rajskub,spoonman,2
auntie-annes-with-mary-lynn-rajskub,golden plate club,2
auntie-annes-with-mary-lynn-rajskub,platinum plate club,2
auntie-annes-with-mary-lynn-rajskub,oh my god,3
auntie-annes-with-mary-lynn-rajskub,heat seeker,1
auntie-annes-with-mary-lynn-rajskub,ungapatchka,2
aw-canada-with-jessica-mckenna-and-zach-reino-live,wow,35
aw-canada-with-jessica-mckenna-and-zach-reino-live,spoonman,3
aw-canada-with-jessica-mckenna-and-zach-reino-live,snack or wack,2
aw-canada-with-jessica-mckenna-and-zach-reino-live,munch madness,1
aw-canada-with-jessica-mckenna-and-zach-reino-live,oh my god,3
aw-canada-with-jessica-mckenna-and-zach-reino-live,jesus christ,5
aw-canada-with-jessica-mckenna-and-zach-reino-live,spoiler alert,1
backyard-bowls-with-erin-keif,wow,46
backyard-bowls-with-erin-keif,spoonman,2
backyard-bowls-with-erin-keif,golden plate club,1
backyard-bowls-with-erin-keif,snack or wack,1
backyard-bowls-with-erin-keif,oh my god,17
backyard-bowls-with-erin-keif,howdy ho,6
backyard-bowls-with-erin-keif,spoon nation,2
backyard-bowls-with-erin-keif,birdfuck,1
backyard-bowls-with-erin-keif,rumblies,1
backyard-bowls-with-erin-keif,heat seeker,1
backyard-bowls-with-erin-keif,wally and irma,1
baja-fresh-with-claudia-odoherty,wow,10
baja-fresh-with-claudia-odoherty,spoonman,4
baja-fresh-with-claudia-odoherty,platinum plate club,1
baja-fresh-with-claudia-odoherty,chompion,1
baja-fresh-with-claudia-odoherty,oh my god,9
baja-fresh-with-claudia-odoherty,jesus christ,2
baja-fresh-with-claudia-odoherty,for god's sake,1
baja-fresh-with-claudia-odoherty,hand holding club,1
baskin-robbins-with-dave-king,wow,10
baskin-robbins-with-dave-king,spoonman,19
baskin-robbins-with-dave-king,golden plate club,1
baskin-robbins-with-dave-king,oh my god,8
baskin-robbins-with-dave-king,for god's sake,2
baskin-robbins-with-dave-king,spoon nation,2
baskin-robbins-with-dave-king,heat seeker,1
bbq-chicken-with-tansu-philip,wow,58
bbq-chicken-with-tansu-philip,spoonman,1
bbq-chicken-with-tansu-philip,golden plate club,3
bbq-chicken-with-tansu-philip,platinum plate club,1
bbq-chicken-with-tansu-philip,oh my god,14
bbq-chicken-with-tansu-philip,birdfuck,4
bbq-chicken-with-tansu-philip,heat seeker,1
ben-jerrys-with-the-sloppy-boys,wow,24
ben-jerrys-with-the-sloppy-boys,spoonman,4
ben-jerrys-with-the-sloppy-boys,golden plate club,1
ben-jerrys-with-the-sloppy-boys,platinum plate club,1
ben-jerrys-with-the-sloppy-boys,oh my god,4
ben-jerrys-with-the-sloppy-boys,for god's sake,1
benihana-with-darcy-carden,wow,19
benihana-with-darcy-carden,spoonman,5
benihana-with-darcy-carden,platinum plate club,2
benihana-with-darcy-carden,oh my god,11
benihana-with-darcy-carden,jesus christ,2
benihana-with-darcy-carden,for god's sake,4
benihana-with-darcy-carden,rumblies,2
benihana-with-darcy-carden,spoiler alert,1
bens-chili-bowl-with-christine-nangle-carl-tart-live,wow,42
bens-chili-bowl-with-christine-nangle-carl-tart-live,golden plate club,1
bens-chili-bowl-with-christine-nangle-carl-tart-live,oh my god,4
bens-chili-bowl-with-christine-nangle-carl-tart-live,jesus christ,4
bens-chili-bowl-with-christine-nangle-carl-tart-live,for god's sake,4
bens-chili-bowl-with-christine-nangle-carl-tart-live,spoon nation,1
bens-chili-bowl-with-christine-nangle-carl-tart-live,heat seeker,3
bens-chili-bowl-with-christine-nangle-carl-tart-live,spoiler alert,1
bertuccis-with-jon-gabrus-and-carl-tart-live,wow,38
bertuccis-with-jon-gabrus-and-carl-tart-live,spoonman,3
bertuccis-with-jon-gabrus-and-carl-tart-live,snack or wack,1
bertuccis-with-jon-gabrus-and-carl-tart-live,oh my god,8
bertuccis-with-jon-gabrus-and-carl-tart-live,jesus christ,3
bertuccis-with-jon-gabrus-and-carl-tart-live,heat seeker,1
bhc-chicken-with-matt-selman,this show sucks,1
bhc-chicken-with-matt-selman,wow,36
bhc-chicken-with-matt-selman,spoonman,3
bhc-chicken-with-matt-selman,oh my god,13
bhc-chicken-with-matt-selman,jesus christ,2
bhc-chicken-with-matt-selman,for god's sake,1
bhc-chicken-with-matt-selman,birdfuck,3
bhc-chicken-with-matt-selman,heat seeker,2
bhc-chicken-with-matt-selman,wally and irma,2
bhc-chicken-with-matt-selman,simulacrum,1
bhc-chicken-with-matt-selman,ungapatchka,2
big-chicken-with-dan-black,wow,36
big-chicken-with-dan-black,spoonman,3
big-chicken-with-dan-black,platinum plate club,1
big-chicken-with-dan-black,oh my god,18
big-chicken-with-dan-black,ungapatchka,12
big-mamas-papas-pizzeria-with-zach-cherry,wow,47
big-mamas-papas-pizzeria-with-zach-cherry,spoonman,4
big-mamas-papas-pizzeria-with-zach-cherry,golden plate club,1
big-mamas-papas-pizzeria-with-zach-cherry,oh my god,7
big-mamas-papas-pizzeria-with-zach-cherry,jesus christ,7
big-mamas-papas-pizzeria-with-zach-cherry,birdfuck,3
big-mamas-papas-pizzeria-with-zach-cherry,heat seeker,1
big-mamas-papas-pizzeria-with-zach-cherry,ungapatchka,1
bjs-with-sean-clements-hayes-davenport,wow,16
bjs-with-sean-clements-hayes-davenport,spoonman,1
bjs-with-sean-clements-hayes-davenport,golden plate club,1
bjs-with-sean-clements-hayes-davenport,snack or wack,3
bjs-with-sean-clements-hayes-davenport,oh my god,11
bjs-with-sean-clements-hayes-davenport,jesus christ,3
bjs-with-sean-clements-hayes-davenport,for god's sake,1
bjs-with-sean-clements-hayes-davenport,spoon nation,1
bjs-with-sean-clements-hayes-davenport,wally and irma,1
bjs-with-sean-clements-hayes-davenport,spoiler alert,1
black-angus-steakhouse-with-tim-heidecker,wow,24
black-angus-steakhouse-with-tim-heidecker,spoonman,3
black-angus-steakhouse-with-tim-heidecker,platinum plate club,1
black-angus-steakhouse-with-tim-heidecker,oh my god,1
black-angus-steakhouse-with-tim-heidecker,jesus christ,2
black-angus-steakhouse-with-tim-heidecker,wally and irma,2
black-angus-steakhouse-with-tim-heidecker,simulacrum,1
blaze-pizza-with-eliza-skinner,wow,65
blaze-pizza-with-eliza-skinner,spoonman,3
blaze-pizza-with-eliza-skinner,oh my god,2
blaze-pizza-with-eliza-skinner,jesus christ,2
blaze-pizza-with-eliza-skinner,spoon nation,1
blaze-pizza-with-eliza-skinner,heat seeker,1
blaze-pizza-with-eliza-skinner,wally and irma,2
blue-bottle-with-kate-berlant,wow,74
blue-bottle-with-kate-berlant,spoonman,3
blue-bottle-with-kate-berlant,oh my god,19
blue-bottle-with-kate-berlant,jesus christ,1
blue-bottle-with-kate-berlant,birdfuck,2
bobs-big-boy-with-dave-ferguson,wow,11
bobs-big-boy-with-dave-ferguson,spoonman,5
bobs-big-boy-with-dave-ferguson,golden plate club,1
bobs-big-boy-with-dave-ferguson,oh my god,7
bobs-big-boy-with-dave-ferguson,jesus christ,4
bobs-big-boy-with-dave-ferguson,howdy ho,1
bobs-big-boy-with-dave-ferguson,spoon nation,2
bobs-big-boy-with-dave-ferguson,rumblies,3
bobs-big-boy-with-dave-ferguson,hand holding club,1
bojangles-with-jesse-farrar-and-mike-hale-live,this show sucks,1
bojangles-with-jesse-farrar-and-mike-hale-live,wow,49
bojangles-with-jesse-farrar-and-mike-hale-live,spoonman,2
bojangles-with-jesse-farrar-and-mike-hale-live,golden plate club,2
bojangles-with-jesse-farrar-and-mike-hale-live,snack or wack,2
bojangles-with-jesse-farrar-and-mike-hale-live,oh my god,2
bojangles-with-jesse-farrar-and-mike-hale-live,jesus christ,4
bojangles-with-jesse-farrar-and-mike-hale-live,heat seeker,1
bonchon-chicken-with-ed-zitron,wow,29
bonchon-chicken-with-ed-zitron,spoonman,7
bonchon-chicken-with-ed-zitron,golden plate club,1
bonchon-chicken-with-ed-zitron,platinum plate club,2
bonchon-chicken-with-ed-zitron,jesus christ,1
bonchon-chicken-with-ed-zitron,spoon nation,2
bonchon-chicken-with-ed-zitron,heat seeker,1
boos-philly-cheesesteaks-with-dont-stop-or-well-die-live,wow,50
boos-philly-cheesesteaks-with-dont-stop-or-well-die-live,spoonman,1
boos-philly-cheesesteaks-with-dont-stop-or-well-die-live,golden plate club,1
boos-philly-cheesesteaks-with-dont-stop-or-well-die-live,snack or wack,3
boos-philly-cheesesteaks-with-dont-stop-or-well-die-live,oh my god,16
boos-philly-cheesesteaks-with-dont-stop-or-well-die-live,jesus christ,2
boos-philly-cheesesteaks-with-dont-stop-or-well-die-live,heat seeker,1
boston-market-2-with-dewayne-perkins,wow,40
boston-market-2-with-dewayne-perkins,spoonman,1
boston-market-2-with-dewayne-perkins,golden plate club,2
boston-market-2-with-dewayne-perkins,platinum plate club,1
boston-market-2-with-dewayne-perkins,jesus christ,1
boston-market-2-with-dewayne-perkins,for god's sake,1
boston-market-2-with-dewayne-perkins,spoon nation,1
boston-market-2-with-dewayne-perkins,hat on a hat,1
boston-market-2-with-dewayne-perkins,ungapatchka,2
boston-market-with-annie-mebane,wow,13
boston-market-with-annie-mebane,spoonman,8
boston-market-with-annie-mebane,oh my god,5
boston-market-with-annie-mebane,jesus christ,2
boston-market-with-annie-mebane,spoon nation,7
boston-market-with-annie-mebane,hand holding club,1
boudin-bakery-with-the-sloppy-boys-live,wow,29
boudin-bakery-with-the-sloppy-boys-live,spoonman,2
boudin-bakery-with-the-sloppy-boys-live,oh my god,1
bowlero-with-allan-mcleod,this show sucks,1
bowlero-with-allan-mcleod,wow,41
bowlero-with-allan-mcleod,spoonman,5
bowlero-with-allan-mcleod,platinum plate club,2
bowlero-with-allan-mcleod,oh my god,11
bowlero-with-allan-mcleod,jesus christ,3
bowlero-with-allan-mcleod,ungapatchka,1
bubba-gump-shrimp-co-with-paul-scheer,wow,9
bubba-gump-shrimp-co-with-paul-scheer,spoonman,5
bubba-gump-shrimp-co-with-paul-scheer,oh my god,5
bubba-gump-shrimp-co-with-paul-scheer,jesus christ,1
bubba-gump-shrimp-co-with-paul-scheer,howdy ho,1
bubba-gump-shrimp-co-with-paul-scheer,spoon nation,1
bubba-gump-shrimp-co-with-paul-scheer,hand holding club,2
buca-di-beppo-2-with-chloe-radcliffe,wow,43
buca-di-beppo-2-with-chloe-radcliffe,spoonman,2
buca-di-beppo-2-with-chloe-radcliffe,munch madness,1
buca-di-beppo-2-with-chloe-radcliffe,oh my god,10
buca-di-beppo-2-with-chloe-radcliffe,jesus christ,1
buca-di-beppo-2-with-chloe-radcliffe,birdfuck,3
buca-di-beppo-2-with-chloe-radcliffe,heat seeker,4
buca-di-beppo-with-drew-mcweeny,wow,12
buca-di-beppo-with-drew-mcweeny,spoonman,6
buca-di-beppo-with-drew-mcweeny,snack or wack,1
buca-di-beppo-with-drew-mcweeny,oh my god,6
buca-di-beppo-with-drew-mcweeny,jesus christ,7
buca-di-beppo-with-drew-mcweeny,spoon nation,1
buca-di-beppo-with-drew-mcweeny,heat seeker,4
buddys-detroit-style-pizza-w-marisa-pinson-live,wow,39
buddys-detroit-style-pizza-w-marisa-pinson-live,spoonman,1
buddys-detroit-style-pizza-w-marisa-pinson-live,golden plate club,1
buddys-detroit-style-pizza-w-marisa-pinson-live,oh my god,7
buddys-detroit-style-pizza-w-marisa-pinson-live,jesus christ,8
buffalo-wild-wings-2-with-leslie-lee-iii,wow,47
buffalo-wild-wings-2-with-leslie-lee-iii,spoonman,3
buffalo-wild-wings-2-with-leslie-lee-iii,platinum plate club,1
buffalo-wild-wings-2-with-leslie-lee-iii,oh my god,3
buffalo-wild-wings-2-with-leslie-lee-iii,jesus christ,2
buffalo-wild-wings-2-with-leslie-lee-iii,for god's sake,3
buffalo-wild-wings-2-with-leslie-lee-iii,heat seeker,1
buffalo-wild-wings-2-with-leslie-lee-iii,wally and irma,1
buffalo-wild-wings-2-with-leslie-lee-iii,simulacrum,1
buffalo-wild-wings-2-with-leslie-lee-iii,ungapatchka,2
buffalo-wild-wings-3-with-johnny-pemberton,wow,38
buffalo-wild-wings-3-with-johnny-pemberton,spoonman,2
buffalo-wild-wings-3-with-johnny-pemberton,golden plate club,3
buffalo-wild-wings-3-with-johnny-pemberton,oh my god,15
buffalo-wild-wings-3-with-johnny-pemberton,jesus christ,4
buffalo-wild-wings-3-with-johnny-pemberton,howdy ho,2
buffalo-wild-wings-3-with-johnny-pemberton,birdfuck,5
buffalo-wild-wings-3-with-johnny-pemberton,heat seeker,3
buffalo-wild-wings-3-with-johnny-pemberton,ungapatchka,2
burger-king-2-with-jordan-morris-live,wow,16
burger-king-2-with-jordan-morris-live,spoonman,4
burger-king-2-with-jordan-morris-live,snack or wack,1
burger-king-2-with-jordan-morris-live,oh my god,1
burger-king-2-with-jordan-morris-live,for god's sake,1
burger-king-2-with-jordan-morris-live,spoon nation,1
burger-king-2-with-jordan-morris-live,spoiler alert,3
burger-king-3-with-haley-mancini,wow,35
burger-king-3-with-haley-mancini,spoonman,1
burger-king-3-with-haley-mancini,golden plate club,1
burger-king-3-with-haley-mancini,oh my god,9
burger-king-3-with-haley-mancini,jesus christ,1
burger-king-3-with-haley-mancini,for god's sake,1
burger-king-3-with-haley-mancini,spoon nation,1
burger-king-3-with-haley-mancini,wally and irma,2
burger-king-4-with-dont-stop-or-well-die,wow,86
burger-king-4-with-dont-stop-or-well-die,golden plate club,4
burger-king-4-with-dont-stop-or-well-die,platinum plate club,1
burger-king-4-with-dont-stop-or-well-die,snack or wack,2
burger-king-4-with-dont-stop-or-well-die,munch madness,1
burger-king-4-with-dont-stop-or-well-die,oh my god,6
burger-king-4-with-dont-stop-or-well-die,wally and irma,1
burger-king-4-with-dont-stop-or-well-die,hand holding club,1
burger-king-4-with-dont-stop-or-well-die,ungapatchka,1
burger-king-5-with-sam-richardson,wow,58
burger-king-5-with-sam-richardson,spoonman,4
burger-king-5-with-sam-richardson,golden plate club,6
burger-king-5-with-sam-richardson,platinum plate club,1
burger-king-5-with-sam-richardson,oh my god,2
burger-king-5-with-sam-richardson,jesus christ,2
burger-king-5-with-sam-richardson,hand holding club,1
burger-king-5-with-sam-richardson,ungapatchka,2
burger-king-6-with-jon-gabrus-adam-pally,wow,18
burger-king-6-with-jon-gabrus-adam-pally,spoonman,2
burger-king-6-with-jon-gabrus-adam-pally,golden plate club,2
burger-king-6-with-jon-gabrus-adam-pally,platinum plate club,2
burger-king-6-with-jon-gabrus-adam-pally,oh my god,7
burger-king-6-with-jon-gabrus-adam-pally,jesus christ,3
burger-king-6-with-jon-gabrus-adam-pally,spoiler alert,1
burger-king-6-with-jon-gabrus-adam-pally,ungapatchka,1
burger-king-7-with-andrea-jin,wow,63
burger-king-7-with-andrea-jin,spoonman,1
burger-king-7-with-andrea-jin,golden plate club,2
burger-king-7-with-andrea-jin,oh my god,11
burger-king-7-with-andrea-jin,jesus christ,2
burger-king-7-with-andrea-jin,birdfuck,3
burger-king-7-with-andrea-jin,ungapatchka,1
burger-king-with-john-roy,wow,8
burger-king-with-john-roy,spoonman,2
burger-king-with-john-roy,snack or wack,2
burger-king-with-john-roy,oh my god,2
burger-king-with-john-roy,for god's sake,1
burger-king-with-john-roy,spoon nation,1
burgerville-with-jordan-morris-and-bill-oakley-live,wow,64
burgerville-with-jordan-morris-and-bill-oakley-live,spoonman,2
burgerville-with-jordan-morris-and-bill-oakley-live,golden plate club,2
burgerville-with-jordan-morris-and-bill-oakley-live,snack or wack,2
burgerville-with-jordan-morris-and-bill-oakley-live,oh my god,2
burgerville-with-jordan-morris-and-bill-oakley-live,jesus christ,2
burgerville-with-jordan-morris-and-bill-oakley-live,for god's sake,1
burgerville-with-jordan-morris-and-bill-oakley-live,hand holding club,1
cafe-gratitude-with-bryan-quinby,wow,38
cafe-gratitude-with-bryan-quinby,spoonman,3
cafe-gratitude-with-bryan-quinby,munch madness,4
cafe-gratitude-with-bryan-quinby,oh my god,5
cafe-gratitude-with-bryan-quinby,jesus christ,2
cafe-gratitude-with-bryan-quinby,birdfuck,1
cafe-gratitude-with-bryan-quinby,heat seeker,1
cafe-gratitude-with-bryan-quinby,wally and irma,2
california-pizza-kitchen-2-with-avital-ash,wow,68
california-pizza-kitchen-2-with-avital-ash,spoonman,3
california-pizza-kitchen-2-with-avital-ash,snack or wack,4
california-pizza-kitchen-2-with-avital-ash,oh my god,5
california-pizza-kitchen-2-with-avital-ash,jesus christ,1
california-pizza-kitchen-2-with-avital-ash,spoon nation,1
california-pizza-kitchen-2-with-avital-ash,birdfuck,1
california-pizza-kitchen-2-with-avital-ash,heat seeker,1
california-pizza-kitchen-2-with-avital-ash,simulacrum,1
california-pizza-kitchen-with-eva-anderson,wow,18
california-pizza-kitchen-with-eva-anderson,spoonman,5
california-pizza-kitchen-with-eva-anderson,golden plate club,1
california-pizza-kitchen-with-eva-anderson,oh my god,11
california-pizza-kitchen-with-eva-anderson,jesus christ,3
california-pizza-kitchen-with-eva-anderson,howdy ho,3
california-pizza-kitchen-with-eva-anderson,spoon nation,8
california-pizza-kitchen-with-eva-anderson,hand holding club,4
carls-jrhardees-2-with-chris-vanartsdalen,wow,21
carls-jrhardees-2-with-chris-vanartsdalen,spoonman,2
carls-jrhardees-2-with-chris-vanartsdalen,golden plate club,3
carls-jrhardees-2-with-chris-vanartsdalen,oh my god,3
carls-jrhardees-2-with-chris-vanartsdalen,jesus christ,1
carls-jrhardees-2-with-chris-vanartsdalen,spoon nation,8
carls-jrhardees-2-with-chris-vanartsdalen,hand holding club,2
carls-jrhardees-3-with-alana-johnston,wow,27
carls-jrhardees-3-with-alana-johnston,spoonman,2
carls-jrhardees-3-with-alana-johnston,golden plate club,5
carls-jrhardees-3-with-alana-johnston,oh my god,25
carls-jrhardees-3-with-alana-johnston,jesus christ,2
carls-jrhardees-3-with-alana-johnston,spoon nation,1
carls-jrhardees-3-with-alana-johnston,rumblies,4
carls-jrhardees-3-with-alana-johnston,heat seeker,3
carls-jrhardees-4-with-stavros-halkias,wow,29
carls-jrhardees-4-with-stavros-halkias,spoonman,1
carls-jrhardees-4-with-stavros-halkias,golden plate club,3
carls-jrhardees-4-with-stavros-halkias,munch madness,2
carls-jrhardees-4-with-stavros-halkias,oh my god,4
carls-jrhardees-4-with-stavros-halkias,birdfuck,2
carls-jrhardees-4-with-stavros-halkias,wally and irma,2
carls-jrhardees-4-with-stavros-halkias,simulacrum,1
carls-jrhardees-4-with-stavros-halkias,ungapatchka,1
carls-jrhardees-with-ben-axelrad,wow,5
carls-jrhardees-with-ben-axelrad,spoonman,8
carls-jrhardees-with-ben-axelrad,golden plate club,7
carls-jrhardees-with-ben-axelrad,platinum plate club,3
carls-jrhardees-with-ben-axelrad,oh my god,1
carneys-with-jamie-loftus,wow,37
carneys-with-jamie-loftus,spoonman,1
carneys-with-jamie-loftus,golden plate club,2
carneys-with-jamie-loftus,oh my god,5
carneys-with-jamie-loftus,jesus christ,2
carneys-with-jamie-loftus,for god's sake,1
carneys-with-jamie-loftus,spoon nation,1
carneys-with-jamie-loftus,birdfuck,2
carneys-with-jamie-loftus,wally and irma,3
carneys-with-jamie-loftus,spoiler alert,1
carrows-with-erin-whitehead,wow,6
carrows-with-erin-whitehead,spoonman,11
carrows-with-erin-whitehead,snack or wack,1
carrows-with-erin-whitehead,oh my god,12
carrows-with-erin-whitehead,jesus christ,1
carrows-with-erin-whitehead,spoon nation,5
cava-with-jamelle-bouie-carl-tart-and-libby-watson-live,wow,72
cava-with-jamelle-bouie-carl-tart-and-libby-watson-live,spoonman,3
cava-with-jamelle-bouie-carl-tart-and-libby-watson-live,oh my god,6
cava-with-jamelle-bouie-carl-tart-and-libby-watson-live,jesus christ,3
cava-with-jamelle-bouie-carl-tart-and-libby-watson-live,for god's sake,2
cava-with-jamelle-bouie-carl-tart-and-libby-watson-live,heat seeker,1
cava-with-jamelle-bouie-carl-tart-and-libby-watson-live,wally and irma,3
charleys-philly-steaks-with-derek-waters,wow,30
charleys-philly-steaks-with-derek-waters,spoonman,2
charleys-philly-steaks-with-derek-waters,platinum plate club,1
charleys-philly-steaks-with-derek-waters,oh my god,4
charleys-philly-steaks-with-derek-waters,jesus christ,2
charleys-philly-steaks-with-derek-waters,spoon nation,1
charleys-philly-steaks-with-derek-waters,hat on a hat,1
cheba-hut-with-jon-gabrus-live,wow,16
cheba-hut-with-jon-gabrus-live,spoonman,1
cheba-hut-with-jon-gabrus-live,golden plate club,2
cheba-hut-with-jon-gabrus-live,snack or wack,1
cheba-hut-with-jon-gabrus-live,oh my god,5
cheba-hut-with-jon-gabrus-live,jesus christ,5
cheba-hut-with-jon-gabrus-live,for god's sake,2
cheba-hut-with-jon-gabrus-live,howdy ho,1
cheba-hut-with-jon-gabrus-live,spoon nation,2
cheba-hut-with-jon-gabrus-live,rumblies,3
cheba-hut-with-jon-gabrus-live,heat seeker,2
cheba-hut-with-jon-gabrus-live,wally and irma,3
cheba-hut-with-jon-gabrus-live,spoiler alert,1
checkers-and-rallys-2-with-tom-scharpling,wow,33
checkers-and-rallys-2-with-tom-scharpling,spoonman,4
checkers-and-rallys-2-with-tom-scharpling,platinum plate club,1
checkers-and-rallys-2-with-tom-scharpling,oh my god,3
checkers-and-rallys-2-with-tom-scharpling,spoon nation,1
checkers-and-rallys-2-with-tom-scharpling,hand holding club,1
checkers-and-rallys-with-neil-punsalan,wow,22
checkers-and-rallys-with-neil-punsalan,spoonman,3
checkers-and-rallys-with-neil-punsalan,golden plate club,5
checkers-and-rallys-with-neil-punsalan,oh my god,9
checkers-and-rallys-with-neil-punsalan,jesus christ,1
checkers-and-rallys-with-neil-punsalan,for god's sake,1
checkers-and-rallys-with-neil-punsalan,spoon nation,1
checkers-and-rallys-with-neil-punsalan,wally and irma,1
chick-fil-a-2-with-john-hodgman,this show sucks,1
chick-fil-a-2-with-john-hodgman,wow,83
chick-fil-a-2-with-john-hodgman,spoonman,8
chick-fil-a-2-with-john-hodgman,golden plate club,5
chick-fil-a-2-with-john-hodgman,oh my god,11
chick-fil-a-2-with-john-hodgman,jesus christ,1
chick-fil-a-2-with-john-hodgman,birdfuck,3
chick-fil-a-2-with-john-hodgman,heat seeker,1
chick-fil-a-2-with-john-hodgman,wally and irma,2
chick-fil-a-3-with-john-hodgman,this show sucks,1
chick-fil-a-3-with-john-hodgman,wow,63
chick-fil-a-3-with-john-hodgman,spoonman,7
chick-fil-a-3-with-john-hodgman,golden plate club,5
chick-fil-a-3-with-john-hodgman,oh my god,5
chick-fil-a-3-with-john-hodgman,spoon nation,1
chick-fil-a-3-with-john-hodgman,birdfuck,2
chick-fil-a-3-with-john-hodgman,heat seeker,1
chick-fil-a-3-with-john-hodgman,wally and irma,1
chick-fil-a-with-betsy-sodaro,wow,6
chick-fil-a-with-betsy-sodaro,spoonman,8
chick-fil-a-with-betsy-sodaro,golden plate club,2
chick-fil-a-with-betsy-sodaro,oh my god,4
chick-fil-a-with-betsy-sodaro,jesus christ,1
chick-fil-a-with-betsy-sodaro,for god's sake,1
chick-fil-a-with-betsy-sodaro,spoon nation,5
chilis-2-with-joey-janela,wow,45
chilis-2-with-joey-janela,spoonman,4
chilis-2-with-joey-janela,golden plate club,1
chilis-2-with-joey-janela,platinum plate club,2
chilis-2-with-joey-janela,oh my god,1
chilis-2-with-joey-janela,jesus christ,2
chilis-2-with-joey-janela,spoon nation,2
chilis-2-with-joey-janela,hand holding club,1
chilis-2-with-joey-janela,ungapatchka,1
chilis-3-with-eva-anderson,wow,65
chilis-3-with-eva-anderson,spoonman,4
chilis-3-with-eva-anderson,golden plate club,2
chilis-3-with-eva-anderson,snack or wack,1
chilis-3-with-eva-anderson,oh my god,14
chilis-3-with-eva-anderson,jesus christ,5
chilis-3-with-eva-anderson,spoon nation,1
chilis-3-with-eva-anderson,birdfuck,3
chilis-3-with-eva-anderson,rumblies,1
chilis-3-with-eva-anderson,wally and irma,1
chilis-3-with-eva-anderson,simulacrum,1
chilis-3-with-eva-anderson,ungapatchka,1
chilis-with-eva-anderson,wow,6
chilis-with-eva-anderson,snack or wack,3
chilis-with-eva-anderson,oh my god,8
chimmelier-with-john-early-claudia-odoherty-and-pat-regan,wow,55
chimmelier-with-john-early-claudia-odoherty-and-pat-regan,spoonman,2
chimmelier-with-john-early-claudia-odoherty-and-pat-regan,golden plate club,1
chimmelier-with-john-early-claudia-odoherty-and-pat-regan,platinum plate club,1
chimmelier-with-john-early-claudia-odoherty-and-pat-regan,snack or wack,1
chimmelier-with-john-early-claudia-odoherty-and-pat-regan,oh my god,25
chimmelier-with-john-early-claudia-odoherty-and-pat-regan,birdfuck,4
chimmelier-with-john-early-claudia-odoherty-and-pat-regan,heat seeker,1
chimmelier-with-john-early-claudia-odoherty-and-pat-regan,hat on a hat,1
chipotle-2-with-chelsea-davison,this show sucks,1
chipotle-2-with-chelsea-davison,wow,14
chipotle-2-with-chelsea-davison,spoonman,2
chipotle-2-with-chelsea-davison,golden plate club,2
chipotle-2-with-chelsea-davison,platinum plate club,2
chipotle-2-with-chelsea-davison,oh my god,3
chipotle-2-with-chelsea-davison,jesus christ,3
chipotle-2-with-chelsea-davison,for god's sake,1
chipotle-2-with-chelsea-davison,spoon nation,1
chipotle-2-with-chelsea-davison,rumblies,1
chipotle-2-with-chelsea-davison,wally and irma,1
chipotle-3-with-alan-aisenberg-and-mike-castle,wow,18
chipotle-3-with-alan-aisenberg-and-mike-castle,spoonman,7
chipotle-3-with-alan-aisenberg-and-mike-castle,oh my god,9
chipotle-3-with-alan-aisenberg-and-mike-castle,jesus christ,1
chipotle-3-with-alan-aisenberg-and-mike-castle,heat seeker,1
chipotle-3-with-alan-aisenberg-and-mike-castle,ungapatchka,5
chipotle-with-mike-hanford,wow,14
chipotle-with-mike-hanford,spoonman,4
chipotle-with-mike-hanford,oh my god,6
chipotle-with-mike-hanford,jesus christ,2
chop-stop-with-tim-baltz,wow,34
chop-stop-with-tim-baltz,spoonman,3
chop-stop-with-tim-baltz,oh my god,4
chop-stop-with-tim-baltz,howdy ho,1
chop-stop-with-tim-baltz,spoiler alert,1
chuck-e-cheese-2-with-griffin-newman,wow,88
chuck-e-cheese-2-with-griffin-newman,spoonman,2
chuck-e-cheese-2-with-griffin-newman,broken plate club,4
chuck-e-cheese-2-with-griffin-newman,munch madness,4
chuck-e-cheese-2-with-griffin-newman,oh my god,8
chuck-e-cheese-2-with-griffin-newman,jesus christ,4
chuck-e-cheese-2-with-griffin-newman,spoon nation,1
chuck-e-cheese-2-with-griffin-newman,birdfuck,1
chuck-e-cheese-2-with-griffin-newman,wally and irma,1
chuck-e-cheese-2-with-griffin-newman,spoiler alert,1
chuck-e-cheese-2-with-griffin-newman,simulacrum,1
chuck-e-cheeses-with-erin-mcgathy,wow,15
chuck-e-cheeses-with-erin-mcgathy,spoonman,3
chuck-e-cheeses-with-erin-mcgathy,oh my god,10
chuck-e-cheeses-with-erin-mcgathy,jesus christ,6
chuck-e-cheeses-with-erin-mcgathy,spoon nation,1
churchs-chicken-with-demi-adejuyigbe,wow,10
churchs-chicken-with-demi-adejuyigbe,spoonman,6
churchs-chicken-with-demi-adejuyigbe,golden plate club,2
churchs-chicken-with-demi-adejuyigbe,oh my god,7
churchs-chicken-with-demi-adejuyigbe,jesus christ,4
churchs-chicken-with-demi-adejuyigbe,spoon nation,2
cinnabon-with-nicole-byer,this show sucks,1
cinnabon-with-nicole-byer,wow,18
cinnabon-with-nicole-byer,spoonman,2
cinnabon-with-nicole-byer,golden plate club,2
cinnabon-with-nicole-byer,snack or wack,1
cinnabon-with-nicole-byer,oh my god,15
cinnabon-with-nicole-byer,jesus christ,2
cinnabon-with-nicole-byer,wally and irma,3
claim-jumper-with-heather-anne-campbell,wow,15
claim-jumper-with-heather-anne-campbell,spoonman,1
claim-jumper-with-heather-anne-campbell,oh my god,6
claim-jumper-with-heather-anne-campbell,jesus christ,3
claim-jumper-with-heather-anne-campbell,for god's sake,1
claim-jumper-with-heather-anne-campbell,howdy ho,1
claim-jumper-with-heather-anne-campbell,spoon nation,1
coca-cola-freestyle-with-chris-gethard,wow,22
coca-cola-freestyle-with-chris-gethard,spoonman,1
coca-cola-freestyle-with-chris-gethard,platinum plate club,1
coca-cola-freestyle-with-chris-gethard,oh my god,1
coca-cola-freestyle-with-chris-gethard,spoon nation,1
coca-cola-freestyle-with-chris-gethard,ungapatchka,1
coco-ichibanya-with-matt-apodaca-and-heather-anne-campbell,wow,44
coco-ichibanya-with-matt-apodaca-and-heather-anne-campbell,spoonman,3
coco-ichibanya-with-matt-apodaca-and-heather-anne-campbell,snack or wack,1
coco-ichibanya-with-matt-apodaca-and-heather-anne-campbell,oh my god,12
coco-ichibanya-with-matt-apodaca-and-heather-anne-campbell,birdfuck,5
coco-ichibanya-with-matt-apodaca-and-heather-anne-campbell,heat seeker,1
coco-ichibanya-with-matt-apodaca-and-heather-anne-campbell,wally and irma,1
coco-ichibanya-with-matt-apodaca-and-heather-anne-campbell,ungapatchka,1
cocos-with-alison-rosen,wow,14
cocos-with-alison-rosen,golden plate club,2
cocos-with-alison-rosen,munch madness,1
cocos-with-alison-rosen,oh my god,2
cocos-with-alison-rosen,for god's sake,1
cocos-with-alison-rosen,wally and irma,2
cold-stone-creamery-3-with-shaun-diston-and-gilli-nissim,wow,55
cold-stone-creamery-3-with-shaun-diston-and-gilli-nissim,spoonman,1
cold-stone-creamery-3-with-shaun-diston-and-gilli-nissim,oh my god,5
cold-stone-creamery-3-with-shaun-diston-and-gilli-nissim,jesus christ,1
cold-stone-creamery-3-with-shaun-diston-and-gilli-nissim,rumblies,1
cold-stone-creamery-3-with-shaun-diston-and-gilli-nissim,wally and irma,1
cold-stone-creamery-3-with-shaun-diston-and-gilli-nissim,spoiler alert,1
cold-stone-creamery-with-kevin-t-porter,wow,11
cold-stone-creamery-with-kevin-t-porter,spoonman,6
cold-stone-creamery-with-kevin-t-porter,golden plate club,1
cold-stone-creamery-with-kevin-t-porter,snack or wack,2
cold-stone-creamery-with-kevin-t-porter,oh my god,4
cold-stone-creamery-with-kevin-t-porter,jesus christ,2
cold-stone-creamery-with-kevin-t-porter,for god's sake,1
cold-stone-creamery-with-kevin-t-porter,spoon nation,2
cold-stone-nintendo-with-heather-anne-campbell-and-matt-apodaca,this show sucks,1
cold-stone-nintendo-with-heather-anne-campbell-and-matt-apodaca,wow,44
cold-stone-nintendo-with-heather-anne-campbell-and-matt-apodaca,spoonman,5
cold-stone-nintendo-with-heather-anne-campbell-and-matt-apodaca,platinum plate club,1
cold-stone-nintendo-with-heather-anne-campbell-and-matt-apodaca,munch madness,1
cold-stone-nintendo-with-heather-anne-campbell-and-matt-apodaca,oh my god,4
cold-stone-nintendo-with-heather-anne-campbell-and-matt-apodaca,jesus christ,3
corner-bakery-with-marques-ray,this show sucks,1
corner-bakery-with-marques-ray,wow,38
corner-bakery-with-marques-ray,spoonman,1
corner-bakery-with-marques-ray,snack or wack,2
corner-bakery-with-marques-ray,oh my god,6
corner-bakery-with-marques-ray,jesus christ,3
corner-bakery-with-marques-ray,howdy ho,1
corner-bakery-with-marques-ray,spoon nation,1
cornish-pasty-with-jon-gabrus-live,wow,33
cornish-pasty-with-jon-gabrus-live,spoonman,2
cornish-pasty-with-jon-gabrus-live,platinum plate club,1
cornish-pasty-with-jon-gabrus-live,oh my god,1
cornish-pasty-with-jon-gabrus-live,jesus christ,6
cornish-pasty-with-jon-gabrus-live,for god's sake,1
cornish-pasty-with-jon-gabrus-live,spoon nation,1
cornish-pasty-with-jon-gabrus-live,rumblies,3
cornish-pasty-with-jon-gabrus-live,wally and irma,4
cornish-pasty-with-jon-gabrus-live,simulacrum,1
cosmic-wings-with-jana-schmieding,wow,29
cosmic-wings-with-jana-schmieding,oh my god,7
cosmic-wings-with-jana-schmieding,jesus christ,4
cosmic-wings-with-jana-schmieding,for god's sake,1
cosmic-wings-with-jana-schmieding,heat seeker,1
cosmic-wings-with-jana-schmieding,wally and irma,1
cosmic-wings-with-jana-schmieding,spoiler alert,1
cosmic-wings-with-jana-schmieding,ungapatchka,1
crown-burgers-w-betsy-sodaro-live,wow,29
crown-burgers-w-betsy-sodaro-live,spoonman,4
crown-burgers-w-betsy-sodaro-live,golden plate club,1
crown-burgers-w-betsy-sodaro-live,snack or wack,1
crown-burgers-w-betsy-sodaro-live,oh my god,10
crown-burgers-w-betsy-sodaro-live,jesus christ,1
crown-burgers-w-betsy-sodaro-live,wally and irma,2
crumbl-cookies-with-mary-jane-gibson-and-mike-glazer,this show sucks,3
crumbl-cookies-with-mary-jane-gibson-and-mike-glazer,wow,63
crumbl-cookies-with-mary-jane-gibson-and-mike-glazer,spoonman,4
crumbl-cookies-with-mary-jane-gibson-and-mike-glazer,golden plate club,6
crumbl-cookies-with-mary-jane-gibson-and-mike-glazer,platinum plate club,1
crumbl-cookies-with-mary-jane-gibson-and-mike-glazer,snack or wack,2
crumbl-cookies-with-mary-jane-gibson-and-mike-glazer,oh my god,6
crumbl-cookies-with-mary-jane-gibson-and-mike-glazer,jesus christ,1
crumbl-cookies-with-mary-jane-gibson-and-mike-glazer,howdy ho,1
crumbl-cookies-with-mary-jane-gibson-and-mike-glazer,ungapatchka,1
culvers-with-carl-tart-live,wow,30
culvers-with-carl-tart-live,spoonman,1
culvers-with-carl-tart-live,oh my god,3
culvers-with-carl-tart-live,jesus christ,1
culvers-with-carl-tart-live,wally and irma,4
dairy-queen-2-with-dont-stop-or-well-die,wow,19
dairy-queen-2-with-dont-stop-or-well-die,spoonman,2
dairy-queen-2-with-dont-stop-or-well-die,golden plate club,1
dairy-queen-2-with-dont-stop-or-well-die,platinum plate club,1
dairy-queen-2-with-dont-stop-or-well-die,oh my god,6
dairy-queen-2-with-dont-stop-or-well-die,jesus christ,1
dairy-queen-2-with-dont-stop-or-well-die,spoon nation,2
dairy-queen-2-with-dont-stop-or-well-die,heat seeker,1
dairy-queen-2-with-dont-stop-or-well-die,spoiler alert,1
dairy-queen-with-christine-nangle-and-matt-selman-live-at-la-podfest-2016,wow,5
dairy-queen-with-christine-nangle-and-matt-selman-live-at-la-podfest-2016,spoonman,2
dairy-queen-with-christine-nangle-and-matt-selman-live-at-la-podfest-2016,snack or wack,2
dairy-queen-with-christine-nangle-and-matt-selman-live-at-la-podfest-2016,oh my god,11
dairy-queen-with-christine-nangle-and-matt-selman-live-at-la-podfest-2016,jesus christ,2
dairy-queen-with-christine-nangle-and-matt-selman-live-at-la-podfest-2016,for god's sake,1
dairy-queen-with-christine-nangle-and-matt-selman-live-at-la-podfest-2016,spoon nation,1
dangelo-with-jon-gabrus-and-carl-tart-live,wow,53
dangelo-with-jon-gabrus-and-carl-tart-live,spoonman,3
dangelo-with-jon-gabrus-and-carl-tart-live,golden plate club,2
dangelo-with-jon-gabrus-and-carl-tart-live,platinum plate club,1
dangelo-with-jon-gabrus-and-carl-tart-live,snack or wack,1
dangelo-with-jon-gabrus-and-carl-tart-live,oh my god,7
dangelo-with-jon-gabrus-and-carl-tart-live,jesus christ,5
dangelo-with-jon-gabrus-and-carl-tart-live,for god's sake,1
dangelo-with-jon-gabrus-and-carl-tart-live,spoiler alert,1
dangelo-with-jon-gabrus-and-carl-tart-live,ungapatchka,1
daphnes-with-jessica-jean-jardine,wow,17
daphnes-with-jessica-jean-jardine,spoonman,2
daphnes-with-jessica-jean-jardine,golden plate club,2
daphnes-with-jessica-jean-jardine,platinum plate club,1
daphnes-with-jessica-jean-jardine,oh my god,11
daphnes-with-jessica-jean-jardine,jesus christ,2
daphnes-with-jessica-jean-jardine,for god's sake,3
daphnes-with-jessica-jean-jardine,spoon nation,1
daphnes-with-jessica-jean-jardine,rumblies,1
daphnes-with-jessica-jean-jardine,heat seeker,2
daphnes-with-jessica-jean-jardine,wally and irma,1
dave-busters-with-allan-mcleod,wow,4
dave-busters-with-allan-mcleod,spoonman,13
dave-busters-with-allan-mcleod,oh my god,4
dave-busters-with-allan-mcleod,jesus christ,8
dave-busters-with-allan-mcleod,for god's sake,2
dave-busters-with-allan-mcleod,spoon nation,2
daves-hot-chicken-with-joe-randazzo,wow,17
daves-hot-chicken-with-joe-randazzo,spoonman,2
daves-hot-chicken-with-joe-randazzo,golden plate club,2
daves-hot-chicken-with-joe-randazzo,oh my god,7
daves-hot-chicken-with-joe-randazzo,jesus christ,4
daves-hot-chicken-with-joe-randazzo,for god's sake,1
daves-hot-chicken-with-joe-randazzo,spoon nation,2
daves-hot-chicken-with-joe-randazzo,rumblies,1
daves-hot-chicken-with-joe-randazzo,heat seeker,2
del-taco-2-with-kevin-bartelt-yusong-liu,wow,30
del-taco-2-with-kevin-bartelt-yusong-liu,golden plate club,1
del-taco-2-with-kevin-bartelt-yusong-liu,platinum plate club,1
del-taco-2-with-kevin-bartelt-yusong-liu,oh my god,12
del-taco-2-with-kevin-bartelt-yusong-liu,jesus christ,2
del-taco-2-with-kevin-bartelt-yusong-liu,for god's sake,1
del-taco-2-with-kevin-bartelt-yusong-liu,heat seeker,3
del-taco-3-with-libby-watson,wow,42
del-taco-3-with-libby-watson,spoonman,5
del-taco-3-with-libby-watson,golden plate club,2
del-taco-3-with-libby-watson,oh my god,6
del-taco-3-with-libby-watson,jesus christ,6
del-taco-3-with-libby-watson,for god's sake,1
del-taco-3-with-libby-watson,spoon nation,3
del-taco-3-with-libby-watson,birdfuck,8
del-taco-3-with-libby-watson,rumblies,5
del-taco-3-with-libby-watson,simulacrum,1
del-taco-4-with-jen-dangelo,wow,65
del-taco-4-with-jen-dangelo,spoonman,2
del-taco-4-with-jen-dangelo,golden plate club,3
del-taco-4-with-jen-dangelo,oh my god,8
del-taco-4-with-jen-dangelo,jesus christ,2
del-taco-4-with-jen-dangelo,birdfuck,3
del-taco-4-with-jen-dangelo,heat seeker,1
del-taco-with-alan-yang,wow,12
del-taco-with-alan-yang,spoonman,9
del-taco-with-alan-yang,snack or wack,1
del-taco-with-alan-yang,oh my god,2
del-taco-with-alan-yang,jesus christ,1
del-taco-with-alan-yang,for god's sake,1
del-taco-with-alan-yang,spoon nation,4
delta-sky-club-with-john-hodgman,wow,34
delta-sky-club-with-john-hodgman,spoonman,2
delta-sky-club-with-john-hodgman,platinum plate club,1
delta-sky-club-with-john-hodgman,snack or wack,6
delta-sky-club-with-john-hodgman,oh my god,4
delta-sky-club-with-john-hodgman,howdy ho,1
delta-sky-club-with-john-hodgman,spoon nation,2
delta-sky-club-with-john-hodgman,spoiler alert,2
dennys-solo-menu-with-matt-mira,wow,24
dennys-solo-menu-with-matt-mira,spoonman,1
dennys-solo-menu-with-matt-mira,golden plate club,4
dennys-solo-menu-with-matt-mira,oh my god,3
dennys-solo-menu-with-matt-mira,spoon nation,2
dennys-solo-menu-with-matt-mira,heat seeker,2
dennys-solo-menu-with-matt-mira,wally and irma,1
dennys-with-farley-elliott,wow,10
dennys-with-farley-elliott,spoonman,14
dennys-with-farley-elliott,golden plate club,2
dennys-with-farley-elliott,snack or wack,5
dennys-with-farley-elliott,oh my god,3
dennys-with-farley-elliott,jesus christ,1
dennys-with-farley-elliott,spoon nation,3
dickeys-barbecue-pit-with-jamelle-bouie,wow,42
dickeys-barbecue-pit-with-jamelle-bouie,spoonman,2
dickeys-barbecue-pit-with-jamelle-bouie,platinum plate club,1
dickeys-barbecue-pit-with-jamelle-bouie,snack or wack,2
dickeys-barbecue-pit-with-jamelle-bouie,munch madness,1
dickeys-barbecue-pit-with-jamelle-bouie,oh my god,11
dickeys-barbecue-pit-with-jamelle-bouie,jesus christ,4
dickeys-barbecue-pit-with-jamelle-bouie,birdfuck,3
dicks-drive-in-with-evan-susser-live,wow,22
dicks-drive-in-with-evan-susser-live,spoonman,6
dicks-drive-in-with-evan-susser-live,golden plate club,2
dicks-drive-in-with-evan-susser-live,oh my god,7
dicks-drive-in-with-evan-susser-live,jesus christ,1
dicks-drive-in-with-evan-susser-live,spoon nation,2
dicks-drive-in-with-evan-susser-live,wally and irma,1
dickys-barbecue-pit-with-jamelle-bouie,wow,60
dickys-barbecue-pit-with-jamelle-bouie,spoonman,4
dickys-barbecue-pit-with-jamelle-bouie,platinum plate club,1
dickys-barbecue-pit-with-jamelle-bouie,snack or wack,2
dickys-barbecue-pit-with-jamelle-bouie,munch madness,2
dickys-barbecue-pit-with-jamelle-bouie,oh my god,13
dickys-barbecue-pit-with-jamelle-bouie,jesus christ,5
dickys-barbecue-pit-with-jamelle-bouie,birdfuck,2
dickys-barbecue-pit-with-jamelle-bouie,heat seeker,1
din-tai-fung-with-farley-elliott,wow,29
din-tai-fung-with-farley-elliott,spoonman,3
din-tai-fung-with-farley-elliott,platinum plate club,4
din-tai-fung-with-farley-elliott,oh my god,2
din-tai-fung-with-farley-elliott,jesus christ,2
din-tai-fung-with-farley-elliott,for god's sake,1
din-tai-fung-with-farley-elliott,howdy ho,2
din-tai-fung-with-farley-elliott,spoon nation,2
din-tai-fung-with-farley-elliott,heat seeker,1
do-rite-donuts-with-carl-tart-live,wow,50
do-rite-donuts-with-carl-tart-live,spoonman,8
do-rite-donuts-with-carl-tart-live,golden plate club,1
do-rite-donuts-with-carl-tart-live,platinum plate club,1
do-rite-donuts-with-carl-tart-live,snack or wack,2
do-rite-donuts-with-carl-tart-live,oh my god,22
do-rite-donuts-with-carl-tart-live,jesus christ,5
do-rite-donuts-with-carl-tart-live,for god's sake,1
do-rite-donuts-with-carl-tart-live,spoon nation,1
do-rite-donuts-with-carl-tart-live,wally and irma,1
dog-haus-with-dani-fernandez,this show sucks,1
dog-haus-with-dani-fernandez,wow,50
dog-haus-with-dani-fernandez,spoonman,4
dog-haus-with-dani-fernandez,golden plate club,1
dog-haus-with-dani-fernandez,platinum plate club,1
dog-haus-with-dani-fernandez,oh my god,1
dog-haus-with-dani-fernandez,jesus christ,2
dog-haus-with-dani-fernandez,howdy ho,1
dog-haus-with-dani-fernandez,spoon nation,1
dog-haus-with-dani-fernandez,heat seeker,1
dog-haus-with-dani-fernandez,spoiler alert,1
dogdoughbarkfest-amc-theatres-with-adam-gertler,wow,42
dogdoughbarkfest-amc-theatres-with-adam-gertler,spoonman,2
dogdoughbarkfest-amc-theatres-with-adam-gertler,golden plate club,3
dogdoughbarkfest-amc-theatres-with-adam-gertler,platinum plate club,1
dogdoughbarkfest-amc-theatres-with-adam-gertler,oh my god,4
dogdoughbarkfest-amc-theatres-with-adam-gertler,for god's sake,1
dogdoughbarkfest-amc-theatres-with-adam-gertler,heat seeker,1
dogdoughbarkfest-amc-theatres-with-adam-gertler,spoiler alert,2
dogdoughbarkfest-costco-2-with-excalibur,wow,30
dogdoughbarkfest-costco-2-with-excalibur,spoonman,5
dogdoughbarkfest-costco-2-with-excalibur,golden plate club,1
dogdoughbarkfest-costco-2-with-excalibur,platinum plate club,1
dogdoughbarkfest-costco-2-with-excalibur,oh my god,3
dogdoughbarkfest-costco-2-with-excalibur,jesus christ,1
dogdoughbarkfest-costco-2-with-excalibur,spoon nation,1
dogdoughbarkfest-costco-2-with-excalibur,spoiler alert,1
dogdoughbarkfest-nathans-famous-with-jon-gabrus-mike-hanford-griffin-newman-live,wow,65
dogdoughbarkfest-nathans-famous-with-jon-gabrus-mike-hanford-griffin-newman-live,golden plate club,4
dogdoughbarkfest-nathans-famous-with-jon-gabrus-mike-hanford-griffin-newman-live,oh my god,3
dogdoughbarkfest-nathans-famous-with-jon-gabrus-mike-hanford-griffin-newman-live,jesus christ,3
dogdoughbarkfest-nathans-famous-with-jon-gabrus-mike-hanford-griffin-newman-live,for god's sake,3
dogdoughbarkfest-nathans-famous-with-jon-gabrus-mike-hanford-griffin-newman-live,heat seeker,2
dogdoughbarkfest-sonic-drive-in-with-matt-apodaca,wow,61
dogdoughbarkfest-sonic-drive-in-with-matt-apodaca,spoonman,3
dogdoughbarkfest-sonic-drive-in-with-matt-apodaca,platinum plate club,2
dogdoughbarkfest-sonic-drive-in-with-matt-apodaca,oh my god,2
dogdoughbarkfest-sonic-drive-in-with-matt-apodaca,jesus christ,1
dogdoughbarkfest-sonic-drive-in-with-matt-apodaca,for god's sake,1
dogdoughbarkfest-sonic-drive-in-with-matt-apodaca,howdy ho,1
dogdoughbarkfest-sonic-drive-in-with-matt-apodaca,spoon nation,1
dogdoughbarkfest-sonic-drive-in-with-matt-apodaca,heat seeker,1
dogdoughbarkfest-sonic-drive-in-with-matt-apodaca,wally and irma,1
dominos-2-jamelle-bouie,wow,45
dominos-2-jamelle-bouie,spoonman,2
dominos-2-jamelle-bouie,golden plate club,2
dominos-2-jamelle-bouie,platinum plate club,1
dominos-2-jamelle-bouie,oh my god,2
dominos-2-jamelle-bouie,jesus christ,2
dominos-2-jamelle-bouie,for god's sake,2
dominos-2-jamelle-bouie,spoon nation,1
dominos-2-jamelle-bouie,heat seeker,1
dominos-3-loaded-tots-with-emily-gonzalez-and-henley-cox,wow,45
dominos-3-loaded-tots-with-emily-gonzalez-and-henley-cox,spoonman,6
dominos-3-loaded-tots-with-emily-gonzalez-and-henley-cox,platinum plate club,3
dominos-3-loaded-tots-with-emily-gonzalez-and-henley-cox,oh my god,2
dominos-3-loaded-tots-with-emily-gonzalez-and-henley-cox,for god's sake,1
dominos-3-loaded-tots-with-emily-gonzalez-and-henley-cox,spoon nation,1
dominos-3-loaded-tots-with-emily-gonzalez-and-henley-cox,ungapatchka,1
dominos-3-with-clare-okane,wow,36
dominos-3-with-clare-okane,spoonman,3
dominos-3-with-clare-okane,platinum plate club,1
dominos-3-with-clare-okane,oh my god,5
dominos-3-with-clare-okane,jesus christ,1
dominos-3-with-clare-okane,birdfuck,1
dominos-3-with-clare-okane,heat seeker,1
dominos-3-with-clare-okane,hat on a hat,2
dominos-3-with-clare-okane,ungapatchka,6
dominos-4-with-clare-okane,wow,36
dominos-4-with-clare-okane,spoonman,3
dominos-4-with-clare-okane,platinum plate club,1
dominos-4-with-clare-okane,oh my god,5
dominos-4-with-clare-okane,jesus christ,1
dominos-4-with-clare-okane,birdfuck,1
dominos-4-with-clare-okane,heat seeker,1
dominos-4-with-clare-okane,hat on a hat,2
dominos-4-with-clare-okane,ungapatchka,6
dominos-with-matt-kowalick,wow,6
dominos-with-matt-kowalick,spoonman,11
dominos-with-matt-kowalick,golden plate club,12
dominos-with-matt-kowalick,platinum plate club,2
dominos-with-matt-kowalick,oh my god,13
dominos-with-matt-kowalick,for god's sake,1
dough-zone-with-mookie-blaiklock-live,this show sucks,1
dough-zone-with-mookie-blaiklock-live,wow,45
dough-zone-with-mookie-blaiklock-live,spoonman,3
dough-zone-with-mookie-blaiklock-live,golden plate club,2
dough-zone-with-mookie-blaiklock-live,platinum plate club,3
dough-zone-with-mookie-blaiklock-live,oh my god,5
dough-zone-with-mookie-blaiklock-live,jesus christ,6
dough-zone-with-mookie-blaiklock-live,spoon nation,1
dough-zone-with-mookie-blaiklock-live,wally and irma,1
doughboys-double-13-summers-poppin-with-betsy-sodaro,wow,13
doughboys-double-13-summers-poppin-with-betsy-sodaro,spoonman,1
doughboys-double-13-summers-poppin-with-betsy-sodaro,oh my god,15
doughboys-double-13-summers-poppin-with-betsy-sodaro,jesus christ,2
doughboys-double-14-unsatisfied-yelpers-with-erin-whitehead,wow,31
doughboys-double-14-unsatisfied-yelpers-with-erin-whitehead,spoonman,1
doughboys-double-14-unsatisfied-yelpers-with-erin-whitehead,snack or wack,1
doughboys-double-14-unsatisfied-yelpers-with-erin-whitehead,oh my god,11
doughboys-double-24-the-first-domino-with-joe-quasarano,this show sucks,2
doughboys-double-24-the-first-domino-with-joe-quasarano,wow,23
doughboys-double-24-the-first-domino-with-joe-quasarano,spoonman,1
doughboys-double-24-the-first-domino-with-joe-quasarano,oh my god,1
doughboys-double-24-the-first-domino-with-joe-quasarano,jesus christ,1
doughboys-double-42-a-very-doughboys-christmas,wow,35
doughboys-double-42-a-very-doughboys-christmas,spoonman,6
doughboys-double-42-a-very-doughboys-christmas,oh my god,8
doughboys-double-42-a-very-doughboys-christmas,jesus christ,1
doughboys-double-42-a-very-doughboys-christmas,spoon nation,1
doughboys-double-42-a-very-doughboys-christmas,rumblies,3
doughboys-double-42-a-very-doughboys-christmas,wally and irma,1
doughboys-double-66-tarot-pizza-with-ariana-lenarsky,wow,19
doughboys-double-66-tarot-pizza-with-ariana-lenarsky,oh my god,13
doughboys-double-66-tarot-pizza-with-ariana-lenarsky,jesus christ,1
doughboys-double-66-tarot-pizza-with-ariana-lenarsky,for god's sake,1
doughboys-double-66-tarot-pizza-with-ariana-lenarsky,spoon nation,1
doughboys-double-66-tarot-pizza-with-ariana-lenarsky,wally and irma,2
doughboys-double-88-soups-up-with-joe-hartzler,wow,10
doughboys-double-88-soups-up-with-joe-hartzler,spoonman,1
doughboys-double-88-soups-up-with-joe-hartzler,oh my god,9
doughboys-double-88-soups-up-with-joe-hartzler,for god's sake,1
doughboys-double-88-soups-up-with-joe-hartzler,wally and irma,1
doughboys-double-dream-mitchy,wow,12
doughboys-double-dream-mitchy,spoonman,1
doughboys-double-dream-mitchy,oh my god,3
doughboys-double-dream-mitchy,jesus christ,6
doughboys-double-dream-mitchy,for god's sake,1
doughboys-double-garfields-thanksgiving-w-paul-rust,wow,16
doughboys-double-garfields-thanksgiving-w-paul-rust,spoonman,1
doughboys-double-garfields-thanksgiving-w-paul-rust,oh my god,2
doughboys-double-garfields-thanksgiving-w-paul-rust,jesus christ,3
doughboys-double-garfields-thanksgiving-w-paul-rust,wally and irma,2
doughlympics-chipotle-v-del-taco-v-taco-bell-with-courtney-davis,wow,26
doughlympics-chipotle-v-del-taco-v-taco-bell-with-courtney-davis,spoonman,7
doughlympics-chipotle-v-del-taco-v-taco-bell-with-courtney-davis,platinum plate club,1
doughlympics-chipotle-v-del-taco-v-taco-bell-with-courtney-davis,chompion,1
doughlympics-chipotle-v-del-taco-v-taco-bell-with-courtney-davis,oh my god,20
doughlympics-chipotle-v-del-taco-v-taco-bell-with-courtney-davis,jesus christ,11
doughlympics-chipotle-v-del-taco-v-taco-bell-with-courtney-davis,for god's sake,1
doughlympics-chipotle-v-del-taco-v-taco-bell-with-courtney-davis,spoon nation,1
doughlympics-dominos-v-papa-johns-v-pizza-hut-with-michael-blaiklock,wow,37
doughlympics-dominos-v-papa-johns-v-pizza-hut-with-michael-blaiklock,spoonman,2
doughlympics-dominos-v-papa-johns-v-pizza-hut-with-michael-blaiklock,oh my god,14
doughlympics-dominos-v-papa-johns-v-pizza-hut-with-michael-blaiklock,jesus christ,8
doughlympics-dominos-v-papa-johns-v-pizza-hut-with-michael-blaiklock,spoon nation,1
doughlympics-dunkin-donuts-v-mcdonalds-v-starbucks-with-sean-oconnor,wow,32
doughlympics-dunkin-donuts-v-mcdonalds-v-starbucks-with-sean-oconnor,spoonman,3
doughlympics-dunkin-donuts-v-mcdonalds-v-starbucks-with-sean-oconnor,oh my god,7
doughlympics-dunkin-donuts-v-mcdonalds-v-starbucks-with-sean-oconnor,jesus christ,3
doughlympics-dunkin-donuts-v-mcdonalds-v-starbucks-with-sean-oconnor,spoon nation,3
dunkin-3-with-alyssa-limperis,wow,67
dunkin-3-with-alyssa-limperis,spoonman,1
dunkin-3-with-alyssa-limperis,golden plate club,2
dunkin-3-with-alyssa-limperis,munch madness,2
dunkin-3-with-alyssa-limperis,oh my god,15
dunkin-3-with-alyssa-limperis,jesus christ,2
dunkin-3-with-alyssa-limperis,birdfuck,3
dunkin-3-with-alyssa-limperis,heat seeker,3
dunkin-3-with-alyssa-limperis,simulacrum,1
dunkin-donuts-with-joe-mande,wow,12
dunkin-donuts-with-joe-mande,spoonman,2
dunkin-donuts-with-joe-mande,golden plate club,2
dunkin-donuts-with-joe-mande,platinum plate club,1
dunkin-donuts-with-joe-mande,oh my god,2
dunkin-donuts-with-joe-mande,jesus christ,4
dunkin-donuts-with-joe-mande,for god's sake,1
dunkin-donuts-with-joe-mande,spoon nation,3
eataly-with-griffin-newman-and-david-sims,wow,39
eataly-with-griffin-newman-and-david-sims,spoonman,6
eataly-with-griffin-newman-and-david-sims,golden plate club,3
eataly-with-griffin-newman-and-david-sims,platinum plate club,3
eataly-with-griffin-newman-and-david-sims,oh my god,7
eataly-with-griffin-newman-and-david-sims,jesus christ,2
eataly-with-griffin-newman-and-david-sims,for god's sake,1
eggslut-with-raiza-licea,this show sucks,1
eggslut-with-raiza-licea,wow,20
eggslut-with-raiza-licea,spoonman,2
eggslut-with-raiza-licea,golden plate club,10
eggslut-with-raiza-licea,snack or wack,1
eggslut-with-raiza-licea,oh my god,16
eggslut-with-raiza-licea,jesus christ,3
eggslut-with-raiza-licea,birdfuck,7
eggslut-with-raiza-licea,ungapatchka,2
einstein-bros-bagels-with-tony-rodriguez,wow,53
einstein-bros-bagels-with-tony-rodriguez,spoonman,2
einstein-bros-bagels-with-tony-rodriguez,golden plate club,3
einstein-bros-bagels-with-tony-rodriguez,oh my god,6
einstein-bros-bagels-with-tony-rodriguez,jesus christ,3
einstein-bros-bagels-with-tony-rodriguez,ungapatchka,1
el-farolito-with-mookie-blaiklock-live,wow,40
el-farolito-with-mookie-blaiklock-live,spoonman,2
el-farolito-with-mookie-blaiklock-live,platinum plate club,3
el-farolito-with-mookie-blaiklock-live,oh my god,2
el-farolito-with-mookie-blaiklock-live,jesus christ,8
el-farolito-with-mookie-blaiklock-live,ungapatchka,1
el-pollo-loco-with-lamar-woods,wow,19
el-pollo-loco-with-lamar-woods,spoonman,4
el-pollo-loco-with-lamar-woods,snack or wack,2
el-pollo-loco-with-lamar-woods,oh my god,4
el-pollo-loco-with-lamar-woods,for god's sake,2
el-pollo-loco-with-lamar-woods,spoon nation,1
el-pollo-loco-with-lamar-woods,rumblies,2
el-pollo-loco-with-lamar-woods,heat seeker,2
el-pollo-loco-with-lamar-woods,spoiler alert,1
el-torito-with-jack-allison,wow,23
el-torito-with-jack-allison,spoonman,2
el-torito-with-jack-allison,golden plate club,2
el-torito-with-jack-allison,platinum plate club,4
el-torito-with-jack-allison,oh my god,5
el-torito-with-jack-allison,jesus christ,3
el-torito-with-jack-allison,spoon nation,3
el-torito-with-jack-allison,heat seeker,2
el-torito-with-jack-allison,spoiler alert,1
episode-200-chilis-too-with-eva-anderson,wow,29
episode-200-chilis-too-with-eva-anderson,spoonman,2
episode-200-chilis-too-with-eva-anderson,golden plate club,4
episode-200-chilis-too-with-eva-anderson,platinum plate club,1
episode-200-chilis-too-with-eva-anderson,snack or wack,1
episode-200-chilis-too-with-eva-anderson,oh my god,7
episode-200-chilis-too-with-eva-anderson,jesus christ,4
episode-200-chilis-too-with-eva-anderson,howdy ho,2
episode-200-chilis-too-with-eva-anderson,wally and irma,1
erewhon-with-dan-lippert-ryan-rosenberg,wow,46
erewhon-with-dan-lippert-ryan-rosenberg,spoonman,4
erewhon-with-dan-lippert-ryan-rosenberg,platinum plate club,1
erewhon-with-dan-lippert-ryan-rosenberg,oh my god,3
erewhon-with-dan-lippert-ryan-rosenberg,jesus christ,1
erewhon-with-dan-lippert-ryan-rosenberg,for god's sake,1
erewhon-with-dan-lippert-ryan-rosenberg,wally and irma,2
erewhon-with-dan-lippert-ryan-rosenberg,spoiler alert,2
espn-zone-with-neil-campbell,wow,13
espn-zone-with-neil-campbell,spoonman,3
espn-zone-with-neil-campbell,oh my god,2
espn-zone-with-neil-campbell,for god's sake,1
espn-zone-with-neil-campbell,howdy ho,1
espn-zone-with-neil-campbell,spoon nation,1
espn-zone-with-neil-campbell,spoiler alert,2
ezells-with-toni-charline-ramos-live,wow,19
ezells-with-toni-charline-ramos-live,spoonman,3
ezells-with-toni-charline-ramos-live,golden plate club,3
ezells-with-toni-charline-ramos-live,snack or wack,4
ezells-with-toni-charline-ramos-live,oh my god,6
ezells-with-toni-charline-ramos-live,jesus christ,8
ezells-with-toni-charline-ramos-live,heat seeker,2
ezells-with-toni-charline-ramos-live,wally and irma,3
ezells-with-toni-charline-ramos-live,spoiler alert,1
farmer-boys-with-nick-rutherford,wow,16
farmer-boys-with-nick-rutherford,spoonman,1
farmer-boys-with-nick-rutherford,golden plate club,2
farmer-boys-with-nick-rutherford,munch madness,1
farmer-boys-with-nick-rutherford,oh my god,6
fat-burger-3-buffalos-express-whitmer-thomas,wow,22
fat-burger-3-buffalos-express-whitmer-thomas,spoonman,1
fat-burger-3-buffalos-express-whitmer-thomas,golden plate club,1
fat-burger-3-buffalos-express-whitmer-thomas,oh my god,8
fat-burger-3-buffalos-express-whitmer-thomas,birdfuck,1
fat-burger-3-buffalos-express-whitmer-thomas,rumblies,1
fat-burger-3-buffalos-express-whitmer-thomas,heat seeker,3
fat-burger-3-buffalos-express-whitmer-thomas,wally and irma,1
fat-sals-with-matt-christman,wow,30
fat-sals-with-matt-christman,spoonman,2
fat-sals-with-matt-christman,golden plate club,1
fat-sals-with-matt-christman,platinum plate club,2
fat-sals-with-matt-christman,oh my god,2
fat-sals-with-matt-christman,jesus christ,1
fat-sals-with-matt-christman,for god's sake,2
fat-sals-with-matt-christman,heat seeker,1
fat-sals-with-matt-christman,spoiler alert,1
fat-sals-with-matt-christman,ungapatchka,1
fatburger-2-with-andrea-jin,this show sucks,1
fatburger-2-with-andrea-jin,wow,31
fatburger-2-with-andrea-jin,spoonman,3
fatburger-2-with-andrea-jin,golden plate club,6
fatburger-2-with-andrea-jin,platinum plate club,1
fatburger-2-with-andrea-jin,oh my god,6
fatburger-2-with-andrea-jin,jesus christ,1
fatburger-2-with-andrea-jin,blah blah blah,1
fatburger-2-with-andrea-jin,wally and irma,2
fatburger-2-with-andrea-jin,ungapatchka,1
fatburger-with-yamara-taylor,wow,15
fatburger-with-yamara-taylor,spoonman,2
fatburger-with-yamara-taylor,golden plate club,1
fatburger-with-yamara-taylor,snack or wack,2
fatburger-with-yamara-taylor,chompion,1
fatburger-with-yamara-taylor,oh my god,12
fatburger-with-yamara-taylor,jesus christ,8
fatburger-with-yamara-taylor,howdy ho,2
fatburger-with-yamara-taylor,spoon nation,1
fazolis-with-mitra-jouhari,wow,23
fazolis-with-mitra-jouhari,spoonman,3
fazolis-with-mitra-jouhari,golden plate club,4
fazolis-with-mitra-jouhari,platinum plate club,1
fazolis-with-mitra-jouhari,snack or wack,2
fazolis-with-mitra-jouhari,oh my god,10
fazolis-with-mitra-jouhari,jesus christ,3
fazolis-with-mitra-jouhari,spoon nation,2
firehouse-subs-2-with-brandie-posey,wow,29
firehouse-subs-2-with-brandie-posey,spoonman,2
firehouse-subs-2-with-brandie-posey,golden plate club,1
firehouse-subs-2-with-brandie-posey,oh my god,6
firehouse-subs-2-with-brandie-posey,jesus christ,6
firehouse-subs-2-with-brandie-posey,birdfuck,3
firehouse-subs-2-with-brandie-posey,heat seeker,2
firehouse-subs-2-with-brandie-posey,wally and irma,1
firehouse-subs-with-mary-sohn,wow,18
firehouse-subs-with-mary-sohn,spoonman,1
firehouse-subs-with-mary-sohn,golden plate club,3
firehouse-subs-with-mary-sohn,snack or wack,3
firehouse-subs-with-mary-sohn,munch madness,1
firehouse-subs-with-mary-sohn,oh my god,5
firehouse-subs-with-mary-sohn,jesus christ,1
five-guys-2-with-andy-daly,wow,42
five-guys-2-with-andy-daly,spoonman,2
five-guys-2-with-andy-daly,golden plate club,1
five-guys-2-with-andy-daly,platinum plate club,2
five-guys-2-with-andy-daly,oh my god,2
five-guys-2-with-andy-daly,jesus christ,3
five-guys-2-with-andy-daly,for god's sake,1
five-guys-2-with-andy-daly,spoon nation,2
five-guys-2-with-andy-daly,heat seeker,1
five-guys-2-with-andy-daly,wally and irma,1
five-guys-2-with-andy-daly,hand holding club,1
five-guys-with-jefferson-dutton,wow,10
five-guys-with-jefferson-dutton,spoonman,4
five-guys-with-jefferson-dutton,oh my god,3
five-guys-with-jefferson-dutton,jesus christ,3
five-guys-with-jefferson-dutton,spoon nation,6
fogo-de-chao-with-candice-king-kayla-ewell,wow,19
fogo-de-chao-with-candice-king-kayla-ewell,spoonman,5
fogo-de-chao-with-candice-king-kayla-ewell,oh my god,9
fogo-de-chao-with-candice-king-kayla-ewell,jesus christ,3
fogo-de-chao-with-candice-king-kayla-ewell,for god's sake,3
fosters-freeze-with-holly-prazoff,wow,28
fosters-freeze-with-holly-prazoff,spoonman,2
fosters-freeze-with-holly-prazoff,golden plate club,2
fosters-freeze-with-holly-prazoff,oh my god,13
fosters-freeze-with-holly-prazoff,jesus christ,3
fosters-freeze-with-holly-prazoff,for god's sake,1
fosters-freeze-with-holly-prazoff,spoon nation,1
fosters-freeze-with-holly-prazoff,rumblies,1
fosters-freeze-with-holly-prazoff,spoiler alert,1
fresh-brothers-with-chris-mckay-samantha-nisenboim,wow,57
fresh-brothers-with-chris-mckay-samantha-nisenboim,spoonman,2
fresh-brothers-with-chris-mckay-samantha-nisenboim,golden plate club,2
fresh-brothers-with-chris-mckay-samantha-nisenboim,platinum plate club,2
fresh-brothers-with-chris-mckay-samantha-nisenboim,broken plate club,4
fresh-brothers-with-chris-mckay-samantha-nisenboim,oh my god,2
fresh-brothers-with-chris-mckay-samantha-nisenboim,jesus christ,1
fresh-brothers-with-chris-mckay-samantha-nisenboim,howdy ho,1
fresh-brothers-with-chris-mckay-samantha-nisenboim,heat seeker,1
fresh-brothers-with-chris-mckay-samantha-nisenboim,ungapatchka,2
fuddruckers-with-ryan-perez,wow,14
fuddruckers-with-ryan-perez,spoonman,7
fuddruckers-with-ryan-perez,golden plate club,1
fuddruckers-with-ryan-perez,oh my god,4
fuddruckers-with-ryan-perez,jesus christ,2
fuddruckers-with-ryan-perez,spoon nation,5
fuddruckers-with-ryan-perez,hand holding club,1
garden-of-eatin-broccoli-with-lindsay-katai-and-kelly-nugent,wow,43
garden-of-eatin-broccoli-with-lindsay-katai-and-kelly-nugent,spoonman,3
garden-of-eatin-broccoli-with-lindsay-katai-and-kelly-nugent,golden plate club,1
garden-of-eatin-broccoli-with-lindsay-katai-and-kelly-nugent,munch madness,1
garden-of-eatin-broccoli-with-lindsay-katai-and-kelly-nugent,oh my god,37
garden-of-eatin-broccoli-with-lindsay-katai-and-kelly-nugent,for god's sake,1
garden-of-eatin-broccoli-with-lindsay-katai-and-kelly-nugent,blah blah blah,1
garden-of-eatin-broccoli-with-lindsay-katai-and-kelly-nugent,birdfuck,3
garden-of-eatin-broccoli-with-lindsay-katai-and-kelly-nugent,wally and irma,1
garden-of-eatin-broccoli-with-lindsay-katai-and-kelly-nugent,hand holding club,1
garden-of-eatin-carrots-with-jon-glover-marisa-pinson,wow,109
garden-of-eatin-carrots-with-jon-glover-marisa-pinson,spoonman,4
garden-of-eatin-carrots-with-jon-glover-marisa-pinson,oh my god,11
garden-of-eatin-carrots-with-jon-glover-marisa-pinson,jesus christ,3
garden-of-eatin-carrots-with-jon-glover-marisa-pinson,blah blah blah,1
garden-of-eatin-carrots-with-jon-glover-marisa-pinson,birdfuck,3
garden-of-eatin-carrots-with-jon-glover-marisa-pinson,wally and irma,2
garden-of-eatin-carrots-with-jon-glover-marisa-pinson,simulacrum,1
garden-of-eatin-endives-with-jess-rona,this show sucks,1
garden-of-eatin-endives-with-jess-rona,wow,59
garden-of-eatin-endives-with-jess-rona,spoonman,1
garden-of-eatin-endives-with-jess-rona,snack or wack,1
garden-of-eatin-endives-with-jess-rona,oh my god,21
garden-of-eatin-endives-with-jess-rona,jesus christ,1
garden-of-eatin-endives-with-jess-rona,birdfuck,1
garden-of-eatin-endives-with-jess-rona,wally and irma,3
garden-of-eatin-endives-with-jess-rona,spoiler alert,1
garden-of-eatin-onions-with-arden-myrin,wow,41
garden-of-eatin-onions-with-arden-myrin,spoonman,2
garden-of-eatin-onions-with-arden-myrin,oh my god,7
garden-of-eatin-onions-with-arden-myrin,for god's sake,1
garden-of-eatin-onions-with-arden-myrin,spoon nation,1
garden-of-eatin-onions-with-arden-myrin,birdfuck,3
garden-of-eatin-sweet-potatoes-with-dani-fernandez,wow,38
garden-of-eatin-sweet-potatoes-with-dani-fernandez,spoonman,3
garden-of-eatin-sweet-potatoes-with-dani-fernandez,golden plate club,1
garden-of-eatin-sweet-potatoes-with-dani-fernandez,snack or wack,1
garden-of-eatin-sweet-potatoes-with-dani-fernandez,oh my god,8
garden-of-eatin-sweet-potatoes-with-dani-fernandez,jesus christ,3
garden-of-eatin-sweet-potatoes-with-dani-fernandez,howdy ho,1
garden-of-eatin-sweet-potatoes-with-dani-fernandez,birdfuck,1
garden-of-eatin-sweet-potatoes-with-dani-fernandez,wally and irma,1
ginos-east-with-carmen-christopher,wow,42
ginos-east-with-carmen-christopher,spoonman,2
ginos-east-with-carmen-christopher,munch madness,4
ginos-east-with-carmen-christopher,oh my god,3
ginos-east-with-carmen-christopher,jesus christ,2
ginos-east-with-carmen-christopher,birdfuck,3
ginos-east-with-carmen-christopher,simulacrum,1
ginos-east-with-carmen-christopher,ungapatchka,1
golden-corral-with-stoney-sharp,this show sucks,1
golden-corral-with-stoney-sharp,wow,29
golden-corral-with-stoney-sharp,spoonman,2
golden-corral-with-stoney-sharp,oh my god,10
golden-corral-with-stoney-sharp,jesus christ,7
golden-corral-with-stoney-sharp,spoon nation,1
golden-corral-with-stoney-sharp,heat seeker,1
golden-corral-with-stoney-sharp,wally and irma,1
golden-corral-with-stoney-sharp,spoiler alert,1
golden-road-brewing-with-jordan-morris,wow,16
golden-road-brewing-with-jordan-morris,spoonman,1
golden-road-brewing-with-jordan-morris,golden plate club,6
golden-road-brewing-with-jordan-morris,platinum plate club,1
golden-road-brewing-with-jordan-morris,oh my god,2
golden-road-brewing-with-jordan-morris,jesus christ,2
golden-road-brewing-with-jordan-morris,for god's sake,1
golden-road-brewing-with-jordan-morris,spoon nation,1
golden-road-brewing-with-jordan-morris,heat seeker,1
golden-road-brewing-with-jordan-morris,spoiler alert,1
good-humor-with-evan-susser,wow,27
good-humor-with-evan-susser,spoonman,6
good-humor-with-evan-susser,golden plate club,3
good-humor-with-evan-susser,platinum plate club,1
good-humor-with-evan-susser,oh my god,5
good-humor-with-evan-susser,jesus christ,1
good-humor-with-evan-susser,for god's sake,1
good-humor-with-evan-susser,spoon nation,3
good-humor-with-evan-susser,rumblies,1
good-humor-with-evan-susser,wally and irma,3
good-times-burgers-with-betsy-sodaro-live,wow,23
good-times-burgers-with-betsy-sodaro-live,spoonman,3
good-times-burgers-with-betsy-sodaro-live,golden plate club,3
good-times-burgers-with-betsy-sodaro-live,platinum plate club,1
good-times-burgers-with-betsy-sodaro-live,oh my god,6
good-times-burgers-with-betsy-sodaro-live,jesus christ,2
good-times-burgers-with-betsy-sodaro-live,spoon nation,1
good-times-burgers-with-betsy-sodaro-live,heat seeker,1
goop-kitchen-with-luke-del-tredici,wow,31
goop-kitchen-with-luke-del-tredici,spoonman,11
goop-kitchen-with-luke-del-tredici,golden plate club,1
goop-kitchen-with-luke-del-tredici,oh my god,6
goop-kitchen-with-luke-del-tredici,jesus christ,1
goop-kitchen-with-luke-del-tredici,birdfuck,1
goop-kitchen-with-luke-del-tredici,heat seeker,1
goop-kitchen-with-luke-del-tredici,simulacrum,1
grays-papaya-with-zach-cherry-mike-hanford-tami-sagher-live,wow,50
grays-papaya-with-zach-cherry-mike-hanford-tami-sagher-live,spoonman,2
grays-papaya-with-zach-cherry-mike-hanford-tami-sagher-live,oh my god,23
grays-papaya-with-zach-cherry-mike-hanford-tami-sagher-live,jesus christ,2
grays-papaya-with-zach-cherry-mike-hanford-tami-sagher-live,wally and irma,2
grays-papaya-with-zach-cherry-mike-hanford-tami-sagher-live,ungapatchka,1
grocery-store-month-albertsons-with-raj-desai,wow,35
grocery-store-month-albertsons-with-raj-desai,spoonman,5
grocery-store-month-albertsons-with-raj-desai,platinum plate club,1
grocery-store-month-albertsons-with-raj-desai,oh my god,2
grocery-store-month-albertsons-with-raj-desai,jesus christ,1
grocery-store-month-albertsons-with-raj-desai,for god's sake,1
grocery-store-month-albertsons-with-raj-desai,blah blah blah,1
grocery-store-month-albertsons-with-raj-desai,spoon nation,1
grocery-store-month-albertsons-with-raj-desai,heat seeker,1
grocery-store-month-albertsons-with-raj-desai,hand holding club,1
grocery-store-month-costco-with-griffin-newman,wow,55
grocery-store-month-costco-with-griffin-newman,spoonman,7
grocery-store-month-costco-with-griffin-newman,golden plate club,2
grocery-store-month-costco-with-griffin-newman,platinum plate club,4
grocery-store-month-costco-with-griffin-newman,oh my god,4
grocery-store-month-costco-with-griffin-newman,spoon nation,1
grocery-store-month-kroger-with-dave-king-and-esther-povitsky,wow,51
grocery-store-month-kroger-with-dave-king-and-esther-povitsky,spoonman,15
grocery-store-month-kroger-with-dave-king-and-esther-povitsky,golden plate club,1
grocery-store-month-kroger-with-dave-king-and-esther-povitsky,platinum plate club,1
grocery-store-month-kroger-with-dave-king-and-esther-povitsky,oh my god,4
grocery-store-month-kroger-with-dave-king-and-esther-povitsky,howdy ho,1
grocery-store-month-kroger-with-dave-king-and-esther-povitsky,spoon nation,1
grocery-store-month-kroger-with-dave-king-and-esther-povitsky,heat seeker,1
grocery-store-month-kroger-with-dave-king-and-esther-povitsky,hand holding club,1
grocery-store-month-trader-joes-with-john-hodgman-and-david-rees,wow,54
grocery-store-month-trader-joes-with-john-hodgman-and-david-rees,spoonman,15
grocery-store-month-trader-joes-with-john-hodgman-and-david-rees,golden plate club,2
grocery-store-month-trader-joes-with-john-hodgman-and-david-rees,platinum plate club,1
grocery-store-month-trader-joes-with-john-hodgman-and-david-rees,munch madness,4
grocery-store-month-trader-joes-with-john-hodgman-and-david-rees,oh my god,3
grocery-store-month-trader-joes-with-john-hodgman-and-david-rees,jesus christ,2
grocery-store-month-trader-joes-with-john-hodgman-and-david-rees,for god's sake,1
grocery-store-month-trader-joes-with-john-hodgman-and-david-rees,heat seeker,2
grocery-store-month-trader-joes-with-john-hodgman-and-david-rees,hand holding club,1
grocery-store-month-whole-foods-with-fran-gillespie,wow,27
grocery-store-month-whole-foods-with-fran-gillespie,spoonman,3
grocery-store-month-whole-foods-with-fran-gillespie,golden plate club,1
grocery-store-month-whole-foods-with-fran-gillespie,platinum plate club,1
grocery-store-month-whole-foods-with-fran-gillespie,oh my god,2
grocery-store-month-whole-foods-with-fran-gillespie,spoon nation,2
guisados-with-lamar-woods,wow,27
guisados-with-lamar-woods,spoonman,2
guisados-with-lamar-woods,platinum plate club,1
guisados-with-lamar-woods,oh my god,6
guisados-with-lamar-woods,jesus christ,1
guisados-with-lamar-woods,rumblies,2
guisados-with-lamar-woods,wally and irma,1
guss-world-famous-fried-chicken-2-with-sean-clements,wow,24
guss-world-famous-fried-chicken-2-with-sean-clements,spoonman,2
guss-world-famous-fried-chicken-2-with-sean-clements,golden plate club,2
guss-world-famous-fried-chicken-2-with-sean-clements,platinum plate club,4
guss-world-famous-fried-chicken-2-with-sean-clements,munch madness,5
guss-world-famous-fried-chicken-2-with-sean-clements,oh my god,4
guss-world-famous-fried-chicken-2-with-sean-clements,birdfuck,3
guss-world-famous-fried-chicken-2-with-sean-clements,heat seeker,3
guss-world-famous-fried-chicken-2-with-sean-clements,wally and irma,2
guss-world-famous-fried-chicken-2-with-sean-clements,simulacrum,2
guss-world-famous-fried-chicken-with-ben-gruber,wow,27
guss-world-famous-fried-chicken-with-ben-gruber,spoonman,2
guss-world-famous-fried-chicken-with-ben-gruber,golden plate club,5
guss-world-famous-fried-chicken-with-ben-gruber,snack or wack,2
guss-world-famous-fried-chicken-with-ben-gruber,oh my god,4
guss-world-famous-fried-chicken-with-ben-gruber,jesus christ,1
guss-world-famous-fried-chicken-with-ben-gruber,rumblies,3
guss-world-famous-fried-chicken-with-ben-gruber,heat seeker,1
guss-world-famous-fried-chicken-with-ben-gruber,hand holding club,1
guy-fieris-flavortown-kitchen-with-eva-anderson,wow,48
guy-fieris-flavortown-kitchen-with-eva-anderson,spoonman,1
guy-fieris-flavortown-kitchen-with-eva-anderson,platinum plate club,1
guy-fieris-flavortown-kitchen-with-eva-anderson,oh my god,4
guy-fieris-flavortown-kitchen-with-eva-anderson,jesus christ,1
guy-fieris-flavortown-kitchen-with-eva-anderson,howdy ho,2
guy-fieris-flavortown-kitchen-with-eva-anderson,ungapatchka,1
guys-american-kitchen-with-christine-nangle-live,wow,17
guys-american-kitchen-with-christine-nangle-live,oh my god,10
guys-american-kitchen-with-christine-nangle-live,jesus christ,1
guys-american-kitchen-with-christine-nangle-live,for god's sake,1
guys-american-kitchen-with-christine-nangle-live,spoon nation,2
handels-with-aniz-adam-ansari,wow,54
handels-with-aniz-adam-ansari,spoonman,4
handels-with-aniz-adam-ansari,golden plate club,2
handels-with-aniz-adam-ansari,platinum plate club,1
handels-with-aniz-adam-ansari,snack or wack,1
handels-with-aniz-adam-ansari,oh my god,2
handels-with-aniz-adam-ansari,wally and irma,3
handels-with-aniz-adam-ansari,simulacrum,1
harolds-chicken-shack-with-jacquis-neal,wow,24
harolds-chicken-shack-with-jacquis-neal,spoonman,1
harolds-chicken-shack-with-jacquis-neal,golden plate club,2
harolds-chicken-shack-with-jacquis-neal,platinum plate club,1
harolds-chicken-shack-with-jacquis-neal,oh my god,5
harolds-chicken-shack-with-jacquis-neal,jesus christ,4
harolds-chicken-shack-with-jacquis-neal,for god's sake,1
harolds-chicken-shack-with-jacquis-neal,spoon nation,2
harolds-chicken-shack-with-jacquis-neal,rumblies,1
harolds-chicken-shack-with-jacquis-neal,heat seeker,1
harolds-chicken-shack-with-jacquis-neal,hand holding club,1
hattie-bs-with-carl-tart-live,wow,26
hattie-bs-with-carl-tart-live,spoonman,3
hattie-bs-with-carl-tart-live,golden plate club,1
hattie-bs-with-carl-tart-live,oh my god,5
hattie-bs-with-carl-tart-live,jesus christ,6
hattie-bs-with-carl-tart-live,rumblies,2
hattie-bs-with-carl-tart-live,heat seeker,1
hillstone-with-david-phillips,wow,11
hillstone-with-david-phillips,spoonman,5
hillstone-with-david-phillips,golden plate club,1
hillstone-with-david-phillips,platinum plate club,3
hillstone-with-david-phillips,oh my god,8
hillstone-with-david-phillips,jesus christ,2
hillstone-with-david-phillips,spoon nation,6
hokkaido-ramen-santouka-with-jeff-kenji-sloniker,wow,2
hokkaido-ramen-santouka-with-jeff-kenji-sloniker,spoonman,5
hokkaido-ramen-santouka-with-jeff-kenji-sloniker,golden plate club,3
hokkaido-ramen-santouka-with-jeff-kenji-sloniker,platinum plate club,1
hokkaido-ramen-santouka-with-jeff-kenji-sloniker,oh my god,10
hokkaido-ramen-santouka-with-jeff-kenji-sloniker,jesus christ,2
hokkaido-ramen-santouka-with-jeff-kenji-sloniker,spoon nation,2
hokkaido-ramen-santouka-with-jeff-kenji-sloniker,hand holding club,2
homestate-with-stephanie-beatriz,wow,31
homestate-with-stephanie-beatriz,spoonman,3
homestate-with-stephanie-beatriz,golden plate club,1
homestate-with-stephanie-beatriz,platinum plate club,2
homestate-with-stephanie-beatriz,oh my god,15
homestate-with-stephanie-beatriz,jesus christ,1
homestate-with-stephanie-beatriz,for god's sake,1
homestate-with-stephanie-beatriz,wally and irma,1
hometown-buffet-with-toni-charline,wow,30
hometown-buffet-with-toni-charline,spoonman,3
hometown-buffet-with-toni-charline,oh my god,7
hometown-buffet-with-toni-charline,jesus christ,2
hometown-buffet-with-toni-charline,for god's sake,3
hometown-buffet-with-toni-charline,howdy ho,2
hometown-buffet-with-toni-charline,spoon nation,2
hometown-buffet-with-toni-charline,wally and irma,1
honeybaked-ham-with-kevin-t-porter,wow,45
honeybaked-ham-with-kevin-t-porter,spoonman,12
honeybaked-ham-with-kevin-t-porter,golden plate club,1
honeybaked-ham-with-kevin-t-porter,platinum plate club,1
honeybaked-ham-with-kevin-t-porter,snack or wack,4
honeybaked-ham-with-kevin-t-porter,oh my god,6
honeybaked-ham-with-kevin-t-porter,jesus christ,1
honeybaked-ham-with-kevin-t-porter,for god's sake,2
honeybee-burger-with-mort-burke,wow,54
honeybee-burger-with-mort-burke,spoonman,6
honeybee-burger-with-mort-burke,golden plate club,6
honeybee-burger-with-mort-burke,platinum plate club,1
honeybee-burger-with-mort-burke,oh my god,1
honeybee-burger-with-mort-burke,jesus christ,2
honeybee-burger-with-mort-burke,for god's sake,1
honeybee-burger-with-mort-burke,rumblies,2
honeybee-burger-with-mort-burke,hat on a hat,3
hooters-with-kulap-vilaysack,wow,7
hooters-with-kulap-vilaysack,spoonman,5
hooters-with-kulap-vilaysack,oh my god,12
hooters-with-kulap-vilaysack,for god's sake,1
hooters-with-kulap-vilaysack,spoon nation,6
hooters-with-kulap-vilaysack,hand holding club,1
hooters-with-kulap-vilaysack,spoiler alert,2
hot-dog-on-a-stick-with-paul-f-tompkins,wow,43
hot-dog-on-a-stick-with-paul-f-tompkins,spoonman,7
hot-dog-on-a-stick-with-paul-f-tompkins,golden plate club,3
hot-dog-on-a-stick-with-paul-f-tompkins,platinum plate club,1
hot-dog-on-a-stick-with-paul-f-tompkins,oh my god,5
hot-dog-on-a-stick-with-paul-f-tompkins,for god's sake,1
hot-dog-on-a-stick-with-paul-f-tompkins,spoon nation,2
hot-dog-on-a-stick-with-paul-f-tompkins,hat on a hat,1
howlin-rays-with-kumail-nanjiani,this show sucks,2
howlin-rays-with-kumail-nanjiani,wow,39
howlin-rays-with-kumail-nanjiani,spoonman,3
howlin-rays-with-kumail-nanjiani,golden plate club,2
howlin-rays-with-kumail-nanjiani,platinum plate club,3
howlin-rays-with-kumail-nanjiani,oh my god,3
howlin-rays-with-kumail-nanjiani,jesus christ,1
howlin-rays-with-kumail-nanjiani,birdfuck,6
howlin-rays-with-kumail-nanjiani,heat seeker,4
howlin-rays-with-kumail-nanjiani,wally and irma,1
hungry-howies-with-joe-kwaczala,wow,37
hungry-howies-with-joe-kwaczala,spoonman,2
hungry-howies-with-joe-kwaczala,platinum plate club,1
hungry-howies-with-joe-kwaczala,oh my god,3
hungry-howies-with-joe-kwaczala,jesus christ,2
hungry-howies-with-joe-kwaczala,blah blah blah,3
hungry-howies-with-joe-kwaczala,heat seeker,1
hungry-howies-with-joe-kwaczala,wally and irma,1
ihob-with-bug-mane,wow,15
ihob-with-bug-mane,spoonman,6
ihob-with-bug-mane,golden plate club,3
ihob-with-bug-mane,oh my god,3
ihob-with-bug-mane,spoon nation,1
ihob-with-bug-mane,hand holding club,1
ihop-2-with-danny-jelinek,wow,21
ihop-2-with-danny-jelinek,spoonman,3
ihop-2-with-danny-jelinek,snack or wack,2
ihop-2-with-danny-jelinek,oh my god,3
ihop-2-with-danny-jelinek,jesus christ,3
ihop-2-with-danny-jelinek,spoon nation,1
ihop-2-with-danny-jelinek,spoiler alert,1
ihop-5-minions-menu-with-shaun-diston,wow,27
ihop-5-minions-menu-with-shaun-diston,spoonman,5
ihop-5-minions-menu-with-shaun-diston,platinum plate club,1
ihop-5-minions-menu-with-shaun-diston,munch madness,3
ihop-5-minions-menu-with-shaun-diston,oh my god,1
ihop-5-minions-menu-with-shaun-diston,jesus christ,1
ihop-5-minions-menu-with-shaun-diston,heat seeker,2
ihop-5-minions-menu-with-shaun-diston,spoiler alert,4
ihop-5-minions-menu-with-shaun-diston,ungapatchka,1
ihop-6-sonic-menu-with-bryan-quinby,wow,35
ihop-6-sonic-menu-with-bryan-quinby,spoonman,4
ihop-6-sonic-menu-with-bryan-quinby,golden plate club,1
ihop-6-sonic-menu-with-bryan-quinby,snack or wack,1
ihop-6-sonic-menu-with-bryan-quinby,oh my god,13
ihop-6-sonic-menu-with-bryan-quinby,birdfuck,5
ihop-6-sonic-menu-with-bryan-quinby,rumblies,2
ihop-6-sonic-menu-with-bryan-quinby,heat seeker,1
ihop-with-alison-agosti,wow,8
ihop-with-alison-agosti,snack or wack,3
ihop-with-alison-agosti,jesus christ,1
ihop-xbox-indiana-jones-menu-with-mary-holland,wow,61
ihop-xbox-indiana-jones-menu-with-mary-holland,spoonman,3
ihop-xbox-indiana-jones-menu-with-mary-holland,snack or wack,3
ihop-xbox-indiana-jones-menu-with-mary-holland,oh my god,17
ihop-xbox-indiana-jones-menu-with-mary-holland,jesus christ,3
ihop-xbox-indiana-jones-menu-with-mary-holland,for god's sake,1
ihop-xbox-indiana-jones-menu-with-mary-holland,spoon nation,2
ihop-xbox-indiana-jones-menu-with-mary-holland,birdfuck,3
ihop-xbox-indiana-jones-menu-with-mary-holland,heat seeker,1
ihop-xbox-indiana-jones-menu-with-mary-holland,ungapatchka,2
ikea-with-dave-thomason,wow,13
ikea-with-dave-thomason,spoonman,6
ikea-with-dave-thomason,oh my god,2
ikea-with-dave-thomason,jesus christ,3
ikea-with-dave-thomason,spoon nation,1
ikea-with-dave-thomason,wally and irma,1
ikes-with-spencer-crittenden-live,wow,26
ikes-with-spencer-crittenden-live,spoonman,5
ikes-with-spencer-crittenden-live,golden plate club,3
ikes-with-spencer-crittenden-live,snack or wack,1
ikes-with-spencer-crittenden-live,oh my god,4
ikes-with-spencer-crittenden-live,jesus christ,6
ikes-with-spencer-crittenden-live,for god's sake,2
ikes-with-spencer-crittenden-live,spoon nation,2
in-n-out-burger-2-with,this show sucks,1
in-n-out-burger-2-with,wow,10
in-n-out-burger-2-with,spoonman,3
in-n-out-burger-2-with,golden plate club,2
in-n-out-burger-2-with,platinum plate club,7
in-n-out-burger-2-with,snack or wack,3
in-n-out-burger-2-with,munch madness,3
in-n-out-burger-2-with,chompion,2
in-n-out-burger-2-with,oh my god,8
in-n-out-burger-2-with,jesus christ,3
in-n-out-burger-2-with,for god's sake,2
in-n-out-burger-2-with,spoon nation,1
in-n-out-burger-2-with,wally and irma,3
in-n-out-burger-2-with,spoiler alert,2
in-n-out-burger-3-with-rob-lowe,wow,55
in-n-out-burger-3-with-rob-lowe,spoonman,5
in-n-out-burger-3-with-rob-lowe,platinum plate club,3
in-n-out-burger-3-with-rob-lowe,oh my god,3
in-n-out-burger-3-with-rob-lowe,jesus christ,1
in-n-out-burger-with-armen-weitzman,wow,13
in-n-out-burger-with-armen-weitzman,spoonman,9
in-n-out-burger-with-armen-weitzman,platinum plate club,2
in-n-out-burger-with-armen-weitzman,oh my god,7
in-n-out-burger-with-armen-weitzman,jesus christ,1
in-n-out-burger-with-armen-weitzman,spoon nation,2
insomnia-cookies-with-mary-sohn,wow,47
insomnia-cookies-with-mary-sohn,spoonman,1
insomnia-cookies-with-mary-sohn,golden plate club,2
insomnia-cookies-with-mary-sohn,platinum plate club,1
insomnia-cookies-with-mary-sohn,oh my god,4
insomnia-cookies-with-mary-sohn,spoon nation,1
irvs-burgers-with-sam-brown,wow,48
irvs-burgers-with-sam-brown,spoonman,4
irvs-burgers-with-sam-brown,golden plate club,2
irvs-burgers-with-sam-brown,oh my god,6
irvs-burgers-with-sam-brown,jesus christ,1
irvs-burgers-with-sam-brown,birdfuck,1
irvs-burgers-with-sam-brown,rumblies,3
irvs-burgers-with-sam-brown,heat seeker,2
islands-with-nick-mundy,wow,4
islands-with-nick-mundy,spoonman,9
islands-with-nick-mundy,snack or wack,2
islands-with-nick-mundy,oh my god,6
islands-with-nick-mundy,jesus christ,4
islands-with-nick-mundy,spoon nation,1
ivars-acres-of-clams-with-mookie-blaiklock-live,wow,29
ivars-acres-of-clams-with-mookie-blaiklock-live,spoonman,3
ivars-acres-of-clams-with-mookie-blaiklock-live,platinum plate club,1
ivars-acres-of-clams-with-mookie-blaiklock-live,oh my god,3
ivars-acres-of-clams-with-mookie-blaiklock-live,jesus christ,3
ivars-acres-of-clams-with-mookie-blaiklock-live,howdy ho,1
ivars-acres-of-clams-with-mookie-blaiklock-live,spoon nation,1
ivars-acres-of-clams-with-mookie-blaiklock-live,heat seeker,1
ivars-acres-of-clams-with-mookie-blaiklock-live,spoiler alert,1
jack-in-the-box-2-with-dont-stop-or-well-die,wow,28
jack-in-the-box-2-with-dont-stop-or-well-die,spoonman,3
jack-in-the-box-2-with-dont-stop-or-well-die,golden plate club,3
jack-in-the-box-2-with-dont-stop-or-well-die,platinum plate club,1
jack-in-the-box-2-with-dont-stop-or-well-die,oh my god,12
jack-in-the-box-2-with-dont-stop-or-well-die,for god's sake,1
jack-in-the-box-2-with-dont-stop-or-well-die,howdy ho,1
jack-in-the-box-2-with-dont-stop-or-well-die,spoon nation,1
jack-in-the-box-2-with-dont-stop-or-well-die,simulacrum,1
jack-in-the-box-with-spencer-crittenden,this show sucks,1
jack-in-the-box-with-spencer-crittenden,wow,9
jack-in-the-box-with-spencer-crittenden,spoonman,5
jack-in-the-box-with-spencer-crittenden,oh my god,5
jack-in-the-box-with-spencer-crittenden,jesus christ,2
jack-in-the-box-with-spencer-crittenden,for god's sake,1
jack-in-the-box-with-spencer-crittenden,spoon nation,2
jamba-juice-with-dylan-gelula,wow,18
jamba-juice-with-dylan-gelula,spoonman,1
jamba-juice-with-dylan-gelula,golden plate club,1
jamba-juice-with-dylan-gelula,snack or wack,4
jamba-juice-with-dylan-gelula,oh my god,4
jamba-juice-with-dylan-gelula,jesus christ,3
jamba-juice-with-dylan-gelula,for god's sake,2
jamba-juice-with-dylan-gelula,howdy ho,1
jamba-juice-with-dylan-gelula,spoon nation,1
jamba-juice-with-dylan-gelula,rumblies,2
jamba-juice-with-dylan-gelula,wally and irma,4
jenis-splendid-ice-creams-2-with-stephanie-beatriz-and-michael-jonathan-smith,wow,34
jenis-splendid-ice-creams-2-with-stephanie-beatriz-and-michael-jonathan-smith,spoonman,4
jenis-splendid-ice-creams-2-with-stephanie-beatriz-and-michael-jonathan-smith,golden plate club,4
jenis-splendid-ice-creams-2-with-stephanie-beatriz-and-michael-jonathan-smith,platinum plate club,1
jenis-splendid-ice-creams-2-with-stephanie-beatriz-and-michael-jonathan-smith,oh my god,14
jenis-splendid-ice-creams-2-with-stephanie-beatriz-and-michael-jonathan-smith,birdfuck,1
jenis-splendid-ice-creams-2-with-stephanie-beatriz-and-michael-jonathan-smith,wally and irma,1
jenis-splendid-ice-creams-with-lilan-bowden,wow,33
jenis-splendid-ice-creams-with-lilan-bowden,spoonman,3
jenis-splendid-ice-creams-with-lilan-bowden,golden plate club,1
jenis-splendid-ice-creams-with-lilan-bowden,platinum plate club,6
jenis-splendid-ice-creams-with-lilan-bowden,oh my god,4
jenis-splendid-ice-creams-with-lilan-bowden,jesus christ,2
jenis-splendid-ice-creams-with-lilan-bowden,for god's sake,1
jenis-splendid-ice-creams-with-lilan-bowden,spoon nation,1
jenis-splendid-ice-creams-with-lilan-bowden,wally and irma,4
jenis-splendid-ice-creams-with-lilan-bowden,ungapatchka,1
jersey-mikes-2-with-jon-daly,wow,50
jersey-mikes-2-with-jon-daly,spoonman,9
jersey-mikes-2-with-jon-daly,golden plate club,6
jersey-mikes-2-with-jon-daly,oh my god,9
jersey-mikes-2-with-jon-daly,jesus christ,1
jersey-mikes-2-with-jon-daly,for god's sake,1
jersey-mikes-2-with-jon-daly,spoon nation,1
jersey-mikes-2-with-jon-daly,heat seeker,1
jersey-mikes-with-drew-tarver,this show sucks,1
jersey-mikes-with-drew-tarver,wow,15
jersey-mikes-with-drew-tarver,spoonman,3
jersey-mikes-with-drew-tarver,golden plate club,1
jersey-mikes-with-drew-tarver,oh my god,3
jersey-mikes-with-drew-tarver,jesus christ,1
jersey-mikes-with-drew-tarver,spoon nation,1
jimmy-johns-2-with-mary-sohn,this show sucks,1
jimmy-johns-2-with-mary-sohn,wow,65
jimmy-johns-2-with-mary-sohn,spoonman,3
jimmy-johns-2-with-mary-sohn,golden plate club,4
jimmy-johns-2-with-mary-sohn,platinum plate club,2
jimmy-johns-2-with-mary-sohn,oh my god,8
jimmy-johns-2-with-mary-sohn,jesus christ,2
jimmy-johns-2-with-mary-sohn,birdfuck,2
jimmy-johns-2-with-mary-sohn,rumblies,2
jimmy-johns-2-with-mary-sohn,heat seeker,2
jimmy-johns-2-with-mary-sohn,wally and irma,2
jimmy-johns-with-lauren-lapkus,wow,13
jimmy-johns-with-lauren-lapkus,spoonman,2
jimmy-johns-with-lauren-lapkus,oh my god,11
jimmy-johns-with-lauren-lapkus,jesus christ,2
jimmy-johns-with-lauren-lapkus,for god's sake,1
jimmy-johns-with-lauren-lapkus,howdy ho,1
jimmy-johns-with-lauren-lapkus,rumblies,1
johnny-rockets-with-esther-povitsky,wow,16
johnny-rockets-with-esther-povitsky,spoonman,7
johnny-rockets-with-esther-povitsky,golden plate club,2
johnny-rockets-with-esther-povitsky,oh my god,10
johnny-rockets-with-esther-povitsky,jesus christ,3
johnny-rockets-with-esther-povitsky,for god's sake,3
johnny-rockets-with-esther-povitsky,spoon nation,1
johnny-rockets-with-esther-povitsky,rumblies,1
jollibee-2-with-john-early-claudia-odoherty,wow,33
jollibee-2-with-john-early-claudia-odoherty,spoonman,5
jollibee-2-with-john-early-claudia-odoherty,golden plate club,3
jollibee-2-with-john-early-claudia-odoherty,platinum plate club,2
jollibee-2-with-john-early-claudia-odoherty,oh my god,16
jollibee-2-with-john-early-claudia-odoherty,spoon nation,1
jollibee-2-with-john-early-claudia-odoherty,birdfuck,14
jollibee-with-jonah-ray,wow,12
jollibee-with-jonah-ray,spoonman,6
jollibee-with-jonah-ray,golden plate club,1
jollibee-with-jonah-ray,oh my god,10
jollibee-with-jonah-ray,jesus christ,2
jollibee-with-jonah-ray,for god's sake,3
jollibee-with-jonah-ray,howdy ho,1
jollibee-with-jonah-ray,spoon nation,6
kazunori-with-joanna-calo,wow,41
kazunori-with-joanna-calo,spoonman,6
kazunori-with-joanna-calo,golden plate club,3
kazunori-with-joanna-calo,platinum plate club,2
kazunori-with-joanna-calo,oh my god,13
kazunori-with-joanna-calo,jesus christ,1
kazunori-with-joanna-calo,heat seeker,2
kellys-roast-beef-with-jon-gabrus-and-carl-tart-live,wow,44
kellys-roast-beef-with-jon-gabrus-and-carl-tart-live,spoonman,2
kellys-roast-beef-with-jon-gabrus-and-carl-tart-live,golden plate club,1
kellys-roast-beef-with-jon-gabrus-and-carl-tart-live,platinum plate club,1
kellys-roast-beef-with-jon-gabrus-and-carl-tart-live,oh my god,2
kellys-roast-beef-with-jon-gabrus-and-carl-tart-live,jesus christ,1
kellys-roast-beef-with-jon-gabrus-and-carl-tart-live,ungapatchka,1
kfc-2-with-lauren-ash-and-christy-oxborrow,wow,54
kfc-2-with-lauren-ash-and-christy-oxborrow,spoonman,4
kfc-2-with-lauren-ash-and-christy-oxborrow,munch madness,2
kfc-2-with-lauren-ash-and-christy-oxborrow,chompion,1
kfc-2-with-lauren-ash-and-christy-oxborrow,oh my god,3
kfc-2-with-lauren-ash-and-christy-oxborrow,for god's sake,1
kfc-2-with-lauren-ash-and-christy-oxborrow,spoon nation,1
kfc-2-with-lauren-ash-and-christy-oxborrow,wally and irma,1
kfc-2-with-lauren-ash-and-christy-oxborrow,hand holding club,1
kfc-2-with-lauren-ash-and-christy-oxborrow,spoiler alert,1
kfc-3-saucy-nuggets-with-john-early-claudia-odoherty,wow,69
kfc-3-saucy-nuggets-with-john-early-claudia-odoherty,spoonman,4
kfc-3-saucy-nuggets-with-john-early-claudia-odoherty,golden plate club,8
kfc-3-saucy-nuggets-with-john-early-claudia-odoherty,snack or wack,2
kfc-3-saucy-nuggets-with-john-early-claudia-odoherty,munch madness,3
kfc-3-saucy-nuggets-with-john-early-claudia-odoherty,oh my god,30
kfc-3-saucy-nuggets-with-john-early-claudia-odoherty,birdfuck,6
kfc-3-saucy-nuggets-with-john-early-claudia-odoherty,simulacrum,2
kfc-beyond-with-mike-sacks,wow,35
kfc-beyond-with-mike-sacks,spoonman,1
kfc-beyond-with-mike-sacks,platinum plate club,1
kfc-beyond-with-mike-sacks,snack or wack,3
kfc-beyond-with-mike-sacks,oh my god,3
kfc-beyond-with-mike-sacks,howdy ho,3
kfc-beyond-with-mike-sacks,simulacrum,2
kfc-bowls-with-carmen-christopher,this show sucks,1
kfc-bowls-with-carmen-christopher,wow,124
kfc-bowls-with-carmen-christopher,spoonman,1
kfc-bowls-with-carmen-christopher,golden plate club,4
kfc-bowls-with-carmen-christopher,platinum plate club,1
kfc-bowls-with-carmen-christopher,oh my god,11
kfc-bowls-with-carmen-christopher,jesus christ,4
kfc-bowls-with-carmen-christopher,blah blah blah,1
kfc-bowls-with-carmen-christopher,birdfuck,2
kfc-bowls-with-carmen-christopher,rumblies,1
kfc-bowls-with-carmen-christopher,heat seeker,1
kfc-bowls-with-carmen-christopher,simulacrum,1
kfc-bowls-with-carmen-christopher,hat on a hat,2
kfc-bowls-with-carmen-christopher,ungapatchka,1
kfc-with-paul-f-tompkins,this show sucks,1
kfc-with-paul-f-tompkins,wow,20
kfc-with-paul-f-tompkins,spoonman,3
kfc-with-paul-f-tompkins,golden plate club,6
kfc-with-paul-f-tompkins,oh my god,4
kfc-with-paul-f-tompkins,jesus christ,2
kfc-with-paul-f-tompkins,howdy ho,1
kfc-with-paul-f-tompkins,spoon nation,1
kopps-frozen-custard-with-marisa-pinson-live,wow,46
kopps-frozen-custard-with-marisa-pinson-live,spoonman,6
kopps-frozen-custard-with-marisa-pinson-live,golden plate club,3
kopps-frozen-custard-with-marisa-pinson-live,munch madness,1
kopps-frozen-custard-with-marisa-pinson-live,oh my god,3
kopps-frozen-custard-with-marisa-pinson-live,jesus christ,3
kopps-frozen-custard-with-marisa-pinson-live,for god's sake,1
kopps-frozen-custard-with-marisa-pinson-live,simulacrum,1
kreation-organic-with-jackie-johnson,wow,78
kreation-organic-with-jackie-johnson,spoonman,2
kreation-organic-with-jackie-johnson,oh my god,9
kreation-organic-with-jackie-johnson,blah blah blah,1
kreation-organic-with-jackie-johnson,spoon nation,3
kreation-organic-with-jackie-johnson,heat seeker,1
kreation-organic-with-jackie-johnson,wally and irma,2
kreation-organic-with-jackie-johnson,hat on a hat,1
kreation-organic-with-jackie-johnson,ungapatchka,1
krispy-kreme-2-with-sam-sanders,wow,47
krispy-kreme-2-with-sam-sanders,spoonman,3
krispy-kreme-2-with-sam-sanders,golden plate club,6
krispy-kreme-2-with-sam-sanders,platinum plate club,1
krispy-kreme-2-with-sam-sanders,oh my god,4
krispy-kreme-2-with-sam-sanders,jesus christ,4
krispy-kreme-2-with-sam-sanders,heat seeker,1
krispy-kreme-2-with-sam-sanders,wally and irma,2
krispy-kreme-2-with-sam-sanders,ungapatchka,1
krispy-kreme-with-matt-besser,wow,6
krispy-kreme-with-matt-besser,spoonman,5
krispy-kreme-with-matt-besser,oh my god,6
krispy-kreme-with-matt-besser,jesus christ,1
krispy-kreme-with-matt-besser,howdy ho,4
krispy-kreme-with-matt-besser,spoon nation,1
krispy-kreme-x-pop-tarts-with-jess-mckenna,wow,63
krispy-kreme-x-pop-tarts-with-jess-mckenna,spoonman,3
krispy-kreme-x-pop-tarts-with-jess-mckenna,golden plate club,4
krispy-kreme-x-pop-tarts-with-jess-mckenna,oh my god,7
krispy-kreme-x-pop-tarts-with-jess-mckenna,jesus christ,1
krispy-kreme-x-pop-tarts-with-jess-mckenna,birdfuck,2
krispy-kreme-x-pop-tarts-with-jess-mckenna,wally and irma,2
krispy-kreme-x-pop-tarts-with-jess-mckenna,simulacrum,1
krispy-kreme-x-pop-tarts-with-jess-mckenna,ungapatchka,1
krusty-burger-with-henry-gilbert-and-bob-mackey,wow,52
krusty-burger-with-henry-gilbert-and-bob-mackey,spoonman,7
krusty-burger-with-henry-gilbert-and-bob-mackey,golden plate club,1
krusty-burger-with-henry-gilbert-and-bob-mackey,oh my god,7
krusty-burger-with-henry-gilbert-and-bob-mackey,jesus christ,2
krusty-burger-with-henry-gilbert-and-bob-mackey,birdfuck,4
krusty-burger-with-henry-gilbert-and-bob-mackey,simulacrum,1
kura-with-jesse-farrar-and-mike-hale,wow,30
kura-with-jesse-farrar-and-mike-hale,spoonman,5
kura-with-jesse-farrar-and-mike-hale,golden plate club,3
kura-with-jesse-farrar-and-mike-hale,platinum plate club,1
kura-with-jesse-farrar-and-mike-hale,snack or wack,3
kura-with-jesse-farrar-and-mike-hale,oh my god,6
kura-with-jesse-farrar-and-mike-hale,jesus christ,2
kura-with-jesse-farrar-and-mike-hale,for god's sake,1
kura-with-jesse-farrar-and-mike-hale,wally and irma,4
le-pain-quotidien-with-johnny-pemberton,wow,31
le-pain-quotidien-with-johnny-pemberton,spoonman,3
le-pain-quotidien-with-johnny-pemberton,golden plate club,2
le-pain-quotidien-with-johnny-pemberton,platinum plate club,1
le-pain-quotidien-with-johnny-pemberton,oh my god,10
le-pain-quotidien-with-johnny-pemberton,jesus christ,2
le-pain-quotidien-with-johnny-pemberton,for god's sake,1
le-pain-quotidien-with-johnny-pemberton,spoon nation,1
le-pain-quotidien-with-johnny-pemberton,rumblies,1
le-pain-quotidien-with-johnny-pemberton,hat on a hat,1
ledo-pizza-with-jamelle-bouie-tami-sagher-live,wow,49
ledo-pizza-with-jamelle-bouie-tami-sagher-live,spoonman,6
ledo-pizza-with-jamelle-bouie-tami-sagher-live,snack or wack,1
ledo-pizza-with-jamelle-bouie-tami-sagher-live,oh my god,3
ledo-pizza-with-jamelle-bouie-tami-sagher-live,jesus christ,4
lees-sandwiches-with-ify-nwadiwe,wow,33
lees-sandwiches-with-ify-nwadiwe,platinum plate club,2
lees-sandwiches-with-ify-nwadiwe,oh my god,4
lees-sandwiches-with-ify-nwadiwe,jesus christ,1
lees-sandwiches-with-ify-nwadiwe,blah blah blah,1
lees-sandwiches-with-ify-nwadiwe,spoon nation,1
lees-sandwiches-with-ify-nwadiwe,wally and irma,2
lemonade-with-jessica-mckenna,wow,32
lemonade-with-jessica-mckenna,spoonman,3
lemonade-with-jessica-mckenna,golden plate club,1
lemonade-with-jessica-mckenna,platinum plate club,1
lemonade-with-jessica-mckenna,oh my god,2
lemonade-with-jessica-mckenna,spoon nation,1
little-caesars-2-with-marisa-pinson-and-david-neher,wow,50
little-caesars-2-with-marisa-pinson-and-david-neher,spoonman,2
little-caesars-2-with-marisa-pinson-and-david-neher,golden plate club,1
little-caesars-2-with-marisa-pinson-and-david-neher,platinum plate club,3
little-caesars-2-with-marisa-pinson-and-david-neher,oh my god,15
little-caesars-2-with-marisa-pinson-and-david-neher,jesus christ,6
little-caesars-2-with-marisa-pinson-and-david-neher,spoon nation,2
little-caesars-2-with-marisa-pinson-and-david-neher,rumblies,1
little-caesars-2-with-marisa-pinson-and-david-neher,simulacrum,7
little-caesars-2-with-marisa-pinson-and-david-neher,ungapatchka,1
little-caesars-3-with-johnno-wilson,wow,52
little-caesars-3-with-johnno-wilson,spoonman,6
little-caesars-3-with-johnno-wilson,golden plate club,3
little-caesars-3-with-johnno-wilson,oh my god,7
little-caesars-3-with-johnno-wilson,jesus christ,1
little-caesars-3-with-johnno-wilson,howdy ho,1
little-caesars-3-with-johnno-wilson,spoon nation,1
little-caesars-3-with-johnno-wilson,heat seeker,3
little-caesars-3-with-johnno-wilson,wally and irma,2
little-caesars-3-with-johnno-wilson,spoiler alert,1
little-caesars-3-with-johnno-wilson,simulacrum,1
little-caesars-4-with-josh-gondelman,wow,26
little-caesars-4-with-josh-gondelman,spoonman,3
little-caesars-4-with-josh-gondelman,golden plate club,1
little-caesars-4-with-josh-gondelman,platinum plate club,1
little-caesars-4-with-josh-gondelman,snack or wack,1
little-caesars-4-with-josh-gondelman,oh my god,3
little-caesars-4-with-josh-gondelman,for god's sake,3
little-caesars-4-with-josh-gondelman,blah blah blah,1
little-caesars-4-with-josh-gondelman,birdfuck,1
little-caesars-4-with-josh-gondelman,rumblies,1
little-caesars-4-with-josh-gondelman,heat seeker,2
little-caesars-4-with-josh-gondelman,ungapatchka,1
little-caesars-5-with-kimmy-gatewood,this show sucks,1
little-caesars-5-with-kimmy-gatewood,wow,36
little-caesars-5-with-kimmy-gatewood,spoonman,2
little-caesars-5-with-kimmy-gatewood,golden plate club,2
little-caesars-5-with-kimmy-gatewood,platinum plate club,1
little-caesars-5-with-kimmy-gatewood,munch madness,4
little-caesars-5-with-kimmy-gatewood,oh my god,14
little-caesars-5-with-kimmy-gatewood,spoon nation,1
little-caesars-5-with-kimmy-gatewood,birdfuck,4
little-caesars-5-with-kimmy-gatewood,rumblies,1
little-caesars-5-with-kimmy-gatewood,heat seeker,2
little-caesars-5-with-kimmy-gatewood,spoiler alert,1
little-caesars-5-with-kimmy-gatewood,ungapatchka,1
little-caesars-with-john-ross-bowie,wow,22
little-caesars-with-john-ross-bowie,spoonman,3
little-caesars-with-john-ross-bowie,golden plate club,2
little-caesars-with-john-ross-bowie,platinum plate club,1
little-caesars-with-john-ross-bowie,munch madness,1
little-caesars-with-john-ross-bowie,oh my god,3
little-caesars-with-john-ross-bowie,spoon nation,2
live-in-austin-torchys-tacos-with-jon-gabrus,wow,10
live-in-austin-torchys-tacos-with-jon-gabrus,spoonman,1
live-in-austin-torchys-tacos-with-jon-gabrus,golden plate club,1
live-in-austin-torchys-tacos-with-jon-gabrus,oh my god,6
live-in-austin-torchys-tacos-with-jon-gabrus,jesus christ,6
live-in-austin-torchys-tacos-with-jon-gabrus,spoon nation,1
ll-hawaiian-barbecue-with-eugene-cordero,wow,14
ll-hawaiian-barbecue-with-eugene-cordero,spoonman,11
ll-hawaiian-barbecue-with-eugene-cordero,oh my god,2
ll-hawaiian-barbecue-with-eugene-cordero,jesus christ,2
ll-hawaiian-barbecue-with-eugene-cordero,spoon nation,15
long-john-silvers-with-mary-holland,wow,6
long-john-silvers-with-mary-holland,oh my god,7
lou-malnatis-with-jon-gabrus-christine-nangle-live,wow,33
lou-malnatis-with-jon-gabrus-christine-nangle-live,spoonman,1
lou-malnatis-with-jon-gabrus-christine-nangle-live,golden plate club,1
lou-malnatis-with-jon-gabrus-christine-nangle-live,snack or wack,1
lou-malnatis-with-jon-gabrus-christine-nangle-live,oh my god,9
lou-malnatis-with-jon-gabrus-christine-nangle-live,jesus christ,6
lou-malnatis-with-jon-gabrus-christine-nangle-live,for god's sake,2
lou-malnatis-with-jon-gabrus-christine-nangle-live,howdy ho,1
lou-malnatis-with-jon-gabrus-christine-nangle-live,spoiler alert,1
love-week-sonic-drive-in-2-with-alana-johnston-norm-sousa-love-week,wow,62
love-week-sonic-drive-in-2-with-alana-johnston-norm-sousa-love-week,spoonman,6
love-week-sonic-drive-in-2-with-alana-johnston-norm-sousa-love-week,golden plate club,1
love-week-sonic-drive-in-2-with-alana-johnston-norm-sousa-love-week,platinum plate club,6
love-week-sonic-drive-in-2-with-alana-johnston-norm-sousa-love-week,oh my god,31
love-week-sonic-drive-in-2-with-alana-johnston-norm-sousa-love-week,jesus christ,5
love-week-sonic-drive-in-2-with-alana-johnston-norm-sousa-love-week,for god's sake,2
mac-to-fight-with-evan-susser-van-robichaux,wow,9
mac-to-fight-with-evan-susser-van-robichaux,spoonman,1
mac-to-fight-with-evan-susser-van-robichaux,munch madness,6
mac-to-fight-with-evan-susser-van-robichaux,chompion,6
mac-to-fight-with-evan-susser-van-robichaux,oh my god,2
mac-to-fight-with-evan-susser-van-robichaux,jesus christ,2
mac-to-fight-with-evan-susser-van-robichaux,for god's sake,1
mac-to-fight-with-evan-susser-van-robichaux,howdy ho,1
mac-to-fight-with-evan-susser-van-robichaux,spoon nation,1
maggianos-little-italy-with-kevin-pollak,wow,24
maggianos-little-italy-with-kevin-pollak,spoonman,1
maggianos-little-italy-with-kevin-pollak,oh my god,3
maggianos-little-italy-with-kevin-pollak,howdy ho,1
maggianos-little-italy-with-kevin-pollak,spoon nation,1
maggianos-little-italy-with-kevin-pollak,wally and irma,1
maggianos-little-italy-with-kevin-pollak,spoiler alert,1
magpies-with-andrea-jin,wow,46
magpies-with-andrea-jin,spoonman,2
magpies-with-andrea-jin,golden plate club,2
magpies-with-andrea-jin,oh my god,11
magpies-with-andrea-jin,jesus christ,3
magpies-with-andrea-jin,spoon nation,1
magpies-with-andrea-jin,birdfuck,1
magpies-with-andrea-jin,rumblies,1
magpies-with-andrea-jin,wally and irma,1
magpies-with-andrea-jin,simulacrum,1
magpies-with-andrea-jin,ungapatchka,1
marcos-pizza-with-jon-daly,wow,26
marcos-pizza-with-jon-daly,spoonman,5
marcos-pizza-with-jon-daly,chompion,1
marcos-pizza-with-jon-daly,oh my god,2
marcos-pizza-with-jon-daly,jesus christ,1
marcos-pizza-with-jon-daly,howdy ho,1
marcos-pizza-with-jon-daly,spoon nation,1
marcos-pizza-with-jon-daly,ungapatchka,1
marie-callenders-with-scott-aukerman,wow,25
marie-callenders-with-scott-aukerman,spoonman,2
marie-callenders-with-scott-aukerman,platinum plate club,1
marie-callenders-with-scott-aukerman,oh my god,4
marie-callenders-with-scott-aukerman,jesus christ,1
marie-callenders-with-scott-aukerman,blah blah blah,1
marie-callenders-with-scott-aukerman,spoon nation,2
mcdonalds-ice-cream-with-samoa-joe,wow,36
mcdonalds-ice-cream-with-samoa-joe,spoonman,2
mcdonalds-ice-cream-with-samoa-joe,golden plate club,1
mcdonalds-ice-cream-with-samoa-joe,platinum plate club,2
mcdonalds-ice-cream-with-samoa-joe,snack or wack,2
mcdonalds-ice-cream-with-samoa-joe,oh my god,4
mcdonalds-ice-cream-with-samoa-joe,jesus christ,1
mcdonalds-ice-cream-with-samoa-joe,for god's sake,1
mcdonalds-ice-cream-with-samoa-joe,blah blah blah,1
mcdonalds-ice-cream-with-samoa-joe,spoon nation,1
mcdonalds-ice-cream-with-samoa-joe,birdfuck,1
mcdonalds-ice-cream-with-samoa-joe,wally and irma,1
mcdonalds-ice-cream-with-samoa-joe,spoiler alert,1
mcdonalds-ice-cream-with-samoa-joe,simulacrum,1
mcdonalds-with-sarah-silverman,this show sucks,1
mcdonalds-with-sarah-silverman,wow,15
mcdonalds-with-sarah-silverman,spoonman,3
mcdonalds-with-sarah-silverman,platinum plate club,4
mcdonalds-with-sarah-silverman,oh my god,7
mcdonalds-with-sarah-silverman,spoon nation,3
mcdonalds-with-sarah-silverman,rumblies,2
mcdonalds-with-sarah-silverman,wally and irma,1
mcplant-with-eric-edelstein,wow,29
mcplant-with-eric-edelstein,spoonman,1
mcplant-with-eric-edelstein,golden plate club,1
mcplant-with-eric-edelstein,platinum plate club,1
mcplant-with-eric-edelstein,oh my god,6
mcplant-with-eric-edelstein,blah blah blah,1
mcplant-with-eric-edelstein,howdy ho,1
mcplant-with-eric-edelstein,spoon nation,1
mcplant-with-eric-edelstein,hand holding club,1
mcplant-with-eric-edelstein,simulacrum,1
medieval-times-with-mary-holland-and-matt-newell,wow,25
medieval-times-with-mary-holland-and-matt-newell,spoonman,2
medieval-times-with-mary-holland-and-matt-newell,golden plate club,1
medieval-times-with-mary-holland-and-matt-newell,platinum plate club,2
medieval-times-with-mary-holland-and-matt-newell,snack or wack,2
medieval-times-with-mary-holland-and-matt-newell,oh my god,12
medieval-times-with-mary-holland-and-matt-newell,spoon nation,2
medieval-times-with-mary-holland-and-matt-newell,heat seeker,1
mels-drive-in-with-jon-gabrus-live,wow,11
mels-drive-in-with-jon-gabrus-live,spoonman,1
mels-drive-in-with-jon-gabrus-live,golden plate club,1
mels-drive-in-with-jon-gabrus-live,snack or wack,1
mels-drive-in-with-jon-gabrus-live,oh my god,2
mels-drive-in-with-jon-gabrus-live,jesus christ,1
mels-drive-in-with-jon-gabrus-live,spoon nation,1
mels-drive-in-with-jon-gabrus-live,spoiler alert,1
menchies-with-jackie-johnson,wow,25
menchies-with-jackie-johnson,spoonman,2
menchies-with-jackie-johnson,golden plate club,3
menchies-with-jackie-johnson,platinum plate club,1
menchies-with-jackie-johnson,oh my god,8
menchies-with-jackie-johnson,spoon nation,1
menchies-with-jackie-johnson,wally and irma,2
menchies-with-jackie-johnson,spoiler alert,1
mendocino-farms-with-avital-ash,wow,59
mendocino-farms-with-avital-ash,spoonman,6
mendocino-farms-with-avital-ash,golden plate club,2
mendocino-farms-with-avital-ash,oh my god,5
mendocino-farms-with-avital-ash,jesus christ,1
mendocino-farms-with-avital-ash,for god's sake,2
mendocino-farms-with-avital-ash,spoon nation,1
mendocino-farms-with-avital-ash,hand holding club,1
milk-bar-with-lisa-gilroy,wow,42
milk-bar-with-lisa-gilroy,spoonman,2
milk-bar-with-lisa-gilroy,platinum plate club,1
milk-bar-with-lisa-gilroy,oh my god,3
milk-bar-with-lisa-gilroy,wally and irma,1
milk-bar-with-lisa-gilroy,spoiler alert,1
mimis-cafe-with-georgia-hardstark,wow,6
mimis-cafe-with-georgia-hardstark,spoonman,5
mimis-cafe-with-georgia-hardstark,snack or wack,4
mimis-cafe-with-georgia-hardstark,oh my god,6
minisode-after-dough-with-joe-episode-1,wow,3
minisode-after-dough-with-joe-episode-1,spoonman,1
minisode-after-dough-with-joe-episode-1,jesus christ,2
minisode-after-dough-with-joe-episode-2,wow,2
minisode-after-dough-with-joe-episode-3,wow,2
minisode-after-dough-with-joe-episode-3,spoonman,1
minisode-after-dough-with-joe-episode-3,oh my god,1
minisode-the-2016-doughlympic-opening-ceremonies-hosted-by-joe-saunders,wow,5
minisode-the-2016-doughlympic-opening-ceremonies-hosted-by-joe-saunders,oh my god,3
minisode-the-2016-doughlympic-opening-ceremonies-hosted-by-joe-saunders,jesus christ,1
mixt-with-ryan-perez,this show sucks,1
mixt-with-ryan-perez,wow,28
mixt-with-ryan-perez,spoonman,2
mixt-with-ryan-perez,golden plate club,1
mixt-with-ryan-perez,platinum plate club,2
mixt-with-ryan-perez,oh my god,7
mixt-with-ryan-perez,for god's sake,1
mixt-with-ryan-perez,blah blah blah,1
mixt-with-ryan-perez,howdy ho,2
mod-pizza-with-cody-ziglar,wow,32
mod-pizza-with-cody-ziglar,spoonman,4
mod-pizza-with-cody-ziglar,golden plate club,3
mod-pizza-with-cody-ziglar,platinum plate club,1
mod-pizza-with-cody-ziglar,oh my god,1
mod-pizza-with-cody-ziglar,jesus christ,2
mod-pizza-with-cody-ziglar,for god's sake,2
mod-pizza-with-cody-ziglar,heat seeker,1
mod-pizza-with-cody-ziglar,hand holding club,1
mod-pizza-with-cody-ziglar,simulacrum,3
montys-good-burger-with-evan-susser,wow,71
montys-good-burger-with-evan-susser,spoonman,2
montys-good-burger-with-evan-susser,platinum plate club,1
montys-good-burger-with-evan-susser,oh my god,4
montys-good-burger-with-evan-susser,jesus christ,2
montys-good-burger-with-evan-susser,spoon nation,1
montys-good-burger-with-evan-susser,heat seeker,1
montys-good-burger-with-evan-susser,wally and irma,2
montys-good-burger-with-evan-susser,simulacrum,3
moobys-with-eva-anderson,wow,63
moobys-with-eva-anderson,spoonman,2
moobys-with-eva-anderson,platinum plate club,1
moobys-with-eva-anderson,oh my god,9
moobys-with-eva-anderson,jesus christ,4
moobys-with-eva-anderson,heat seeker,3
mortons-the-steakhouse-with-tim-kalpakis,wow,16
mortons-the-steakhouse-with-tim-kalpakis,spoonman,5
mortons-the-steakhouse-with-tim-kalpakis,platinum plate club,1
mortons-the-steakhouse-with-tim-kalpakis,oh my god,6
mortons-the-steakhouse-with-tim-kalpakis,jesus christ,2
mortons-the-steakhouse-with-tim-kalpakis,spoon nation,5
mortons-the-steakhouse-with-tim-kalpakis,hand holding club,2
movita-juice-bar-with-julian-stern,wow,38
movita-juice-bar-with-julian-stern,spoonman,3
movita-juice-bar-with-julian-stern,snack or wack,1
movita-juice-bar-with-julian-stern,oh my god,6
movita-juice-bar-with-julian-stern,howdy ho,1
movita-juice-bar-with-julian-stern,birdfuck,2
movita-juice-bar-with-julian-stern,wally and irma,2
mr-charlies-told-me-so-with-jackie-johnson,this show sucks,3
mr-charlies-told-me-so-with-jackie-johnson,wow,86
mr-charlies-told-me-so-with-jackie-johnson,spoonman,3
mr-charlies-told-me-so-with-jackie-johnson,golden plate club,4
mr-charlies-told-me-so-with-jackie-johnson,munch madness,3
mr-charlies-told-me-so-with-jackie-johnson,oh my god,8
mr-charlies-told-me-so-with-jackie-johnson,jesus christ,2
mr-charlies-told-me-so-with-jackie-johnson,blah blah blah,1
mr-charlies-told-me-so-with-jackie-johnson,birdfuck,2
mr-charlies-told-me-so-with-jackie-johnson,wally and irma,3
mr-charlies-told-me-so-with-jackie-johnson,simulacrum,1
mr-pizza-with-jesse-thorn,wow,16
mr-pizza-with-jesse-thorn,spoonman,2
mr-pizza-with-jesse-thorn,oh my god,13
mr-pizza-with-jesse-thorn,jesus christ,2
mr-pizza-with-jesse-thorn,spoon nation,1
mrbeast-burger-with-jason-concepcion,wow,42
mrbeast-burger-with-jason-concepcion,spoonman,2
mrbeast-burger-with-jason-concepcion,platinum plate club,1
mrbeast-burger-with-jason-concepcion,oh my god,4
mrbeast-burger-with-jason-concepcion,for god's sake,2
mrbeast-burger-with-jason-concepcion,blah blah blah,1
mrbeast-burger-with-jason-concepcion,howdy ho,2
mrbeast-burger-with-jason-concepcion,spoon nation,2
mrs-fields-with-matt-singer,wow,36
mrs-fields-with-matt-singer,spoonman,4
mrs-fields-with-matt-singer,golden plate club,1
mrs-fields-with-matt-singer,snack or wack,1
mrs-fields-with-matt-singer,oh my god,3
mrs-fields-with-matt-singer,jesus christ,4
mrs-fields-with-matt-singer,birdfuck,1
mrs-fields-with-matt-singer,hand holding club,1
mrs-fields-with-matt-singer,ungapatchka,2
munch-madness-cava-vs-sweetfin-with-arden-myrin,this show sucks,1
munch-madness-cava-vs-sweetfin-with-arden-myrin,wow,62
munch-madness-cava-vs-sweetfin-with-arden-myrin,spoonman,3
munch-madness-cava-vs-sweetfin-with-arden-myrin,munch madness,7
munch-madness-cava-vs-sweetfin-with-arden-myrin,oh my god,5
munch-madness-cava-vs-sweetfin-with-arden-myrin,jesus christ,1
munch-madness-cava-vs-sweetfin-with-arden-myrin,howdy ho,2
munch-madness-cava-vs-sweetfin-with-arden-myrin,spoon nation,1
munch-madness-cava-vs-sweetfin-with-arden-myrin,spoiler alert,1
munch-madness-cava-vs-sweetfin-with-arden-myrin,ungapatchka,1
munch-madness-cava-vs-sweetgreen-with-adam-pally,wow,49
munch-madness-cava-vs-sweetgreen-with-adam-pally,spoonman,2
munch-madness-cava-vs-sweetgreen-with-adam-pally,golden plate club,2
munch-madness-cava-vs-sweetgreen-with-adam-pally,munch madness,7
munch-madness-cava-vs-sweetgreen-with-adam-pally,chompion,3
munch-madness-cava-vs-sweetgreen-with-adam-pally,oh my god,5
munch-madness-cava-vs-sweetgreen-with-adam-pally,jesus christ,3
munch-madness-cava-vs-sweetgreen-with-adam-pally,for god's sake,1
munch-madness-cava-vs-sweetgreen-with-adam-pally,rumblies,1
munch-madness-cava-vs-sweetgreen-with-adam-pally,heat seeker,1
munch-madness-cava-vs-sweetgreen-with-adam-pally,spoiler alert,1
munch-madness-chipotle-vs-pressed-with-paul-scheer,wow,61
munch-madness-chipotle-vs-pressed-with-paul-scheer,spoonman,1
munch-madness-chipotle-vs-pressed-with-paul-scheer,munch madness,6
munch-madness-chipotle-vs-pressed-with-paul-scheer,oh my god,1
munch-madness-chipotle-vs-pressed-with-paul-scheer,jesus christ,1
munch-madness-chipotle-vs-pressed-with-paul-scheer,blah blah blah,2
munch-madness-chipotle-vs-pressed-with-paul-scheer,spoon nation,1
munch-madness-chipotle-vs-pressed-with-paul-scheer,rumblies,6
munch-madness-chipotle-vs-pressed-with-paul-scheer,heat seeker,1
munch-madness-chipotle-vs-qdoba-with-toni-charline,this show sucks,1
munch-madness-chipotle-vs-qdoba-with-toni-charline,wow,28
munch-madness-chipotle-vs-qdoba-with-toni-charline,spoonman,2
munch-madness-chipotle-vs-qdoba-with-toni-charline,golden plate club,1
munch-madness-chipotle-vs-qdoba-with-toni-charline,platinum plate club,1
munch-madness-chipotle-vs-qdoba-with-toni-charline,snack or wack,1
munch-madness-chipotle-vs-qdoba-with-toni-charline,munch madness,3
munch-madness-chipotle-vs-qdoba-with-toni-charline,oh my god,11
munch-madness-chipotle-vs-qdoba-with-toni-charline,jesus christ,2
munch-madness-chipotle-vs-qdoba-with-toni-charline,for god's sake,4
munch-madness-chipotle-vs-qdoba-with-toni-charline,spoon nation,1
munch-madness-chipotle-vs-qdoba-with-toni-charline,rumblies,2
munch-madness-chomp-out-round-2-with-michael-jonathan-smith,this show sucks,1
munch-madness-chomp-out-round-2-with-michael-jonathan-smith,wow,51
munch-madness-chomp-out-round-2-with-michael-jonathan-smith,spoonman,5
munch-madness-chomp-out-round-2-with-michael-jonathan-smith,munch madness,12
munch-madness-chomp-out-round-2-with-michael-jonathan-smith,oh my god,5
munch-madness-chomp-out-round-2-with-michael-jonathan-smith,jesus christ,2
munch-madness-chomp-out-round-2-with-michael-jonathan-smith,for god's sake,1
munch-madness-chomp-out-round-2-with-michael-jonathan-smith,birdfuck,6
munch-madness-chomp-out-round-2-with-michael-jonathan-smith,rumblies,3
munch-madness-chomp-out-round-2-with-michael-jonathan-smith,wally and irma,1
munch-madness-dominos-vs-pizza-hut-with-claudia-odoherty,this show sucks,1
munch-madness-dominos-vs-pizza-hut-with-claudia-odoherty,wow,24
munch-madness-dominos-vs-pizza-hut-with-claudia-odoherty,munch madness,4
munch-madness-dominos-vs-pizza-hut-with-claudia-odoherty,chompion,1
munch-madness-dominos-vs-pizza-hut-with-claudia-odoherty,oh my god,9
munch-madness-dominos-vs-pizza-hut-with-claudia-odoherty,jesus christ,4
munch-madness-dominos-vs-pizza-hut-with-claudia-odoherty,for god's sake,1
munch-madness-dominos-vs-pizza-hut-with-claudia-odoherty,spoiler alert,2
munch-madness-dominos-vs-pizza-hut-with-claudia-odoherty,hat on a hat,1
munch-madness-finale-arbys-vs-capriottis-vs-jersey-mikes-with-michael-cassady-and-paul-rust-live,wow,59
munch-madness-finale-arbys-vs-capriottis-vs-jersey-mikes-with-michael-cassady-and-paul-rust-live,munch madness,4
munch-madness-finale-arbys-vs-capriottis-vs-jersey-mikes-with-michael-cassady-and-paul-rust-live,chompion,7
munch-madness-finale-arbys-vs-capriottis-vs-jersey-mikes-with-michael-cassady-and-paul-rust-live,oh my god,5
munch-madness-finale-arbys-vs-capriottis-vs-jersey-mikes-with-michael-cassady-and-paul-rust-live,jesus christ,2
munch-madness-finale-arbys-vs-capriottis-vs-jersey-mikes-with-michael-cassady-and-paul-rust-live,spoon nation,1
munch-madness-finale-arbys-vs-capriottis-vs-jersey-mikes-with-michael-cassady-and-paul-rust-live,heat seeker,2
munch-madness-finale-with-mano-agapion-jon-gabrus-and-betsy-sodaro-live,wow,52
munch-madness-finale-with-mano-agapion-jon-gabrus-and-betsy-sodaro-live,spoonman,1
munch-madness-finale-with-mano-agapion-jon-gabrus-and-betsy-sodaro-live,munch madness,7
munch-madness-finale-with-mano-agapion-jon-gabrus-and-betsy-sodaro-live,oh my god,26
munch-madness-finale-with-mano-agapion-jon-gabrus-and-betsy-sodaro-live,jesus christ,1
munch-madness-finale-with-mano-agapion-jon-gabrus-and-betsy-sodaro-live,for god's sake,1
munch-madness-finale-with-mano-agapion-jon-gabrus-and-betsy-sodaro-live,rumblies,1
munch-madness-finals-with-paul-scheer,wow,54
munch-madness-finals-with-paul-scheer,spoonman,9
munch-madness-finals-with-paul-scheer,munch madness,2
munch-madness-finals-with-paul-scheer,oh my god,6
munch-madness-finals-with-paul-scheer,jesus christ,2
munch-madness-finals-with-paul-scheer,for god's sake,1
munch-madness-finals-with-paul-scheer,howdy ho,1
munch-madness-finals-with-paul-scheer,spoon nation,2
munch-madness-finals-with-paul-scheer,wally and irma,4
munch-madness-finals-with-paul-scheer,spoiler alert,2
munch-madness-firehouse-subs-vs-jersey-mikes-with-carl-tart-lamar-woods,wow,42
munch-madness-firehouse-subs-vs-jersey-mikes-with-carl-tart-lamar-woods,spoonman,1
munch-madness-firehouse-subs-vs-jersey-mikes-with-carl-tart-lamar-woods,platinum plate club,1
munch-madness-firehouse-subs-vs-jersey-mikes-with-carl-tart-lamar-woods,munch madness,3
munch-madness-firehouse-subs-vs-jersey-mikes-with-carl-tart-lamar-woods,chompion,1
munch-madness-firehouse-subs-vs-jersey-mikes-with-carl-tart-lamar-woods,oh my god,4
munch-madness-firehouse-subs-vs-jersey-mikes-with-carl-tart-lamar-woods,jesus christ,4
munch-madness-firehouse-subs-vs-jersey-mikes-with-carl-tart-lamar-woods,for god's sake,2
munch-madness-firehouse-subs-vs-jersey-mikes-with-carl-tart-lamar-woods,spoon nation,1
munch-madness-firehouse-subs-vs-jersey-mikes-with-carl-tart-lamar-woods,rumblies,1
munch-madness-firehouse-subs-vs-jersey-mikes-with-carl-tart-lamar-woods,heat seeker,1
munch-madness-firehouse-subs-vs-jersey-mikes-with-carl-tart-lamar-woods,ungapatchka,1
munch-madness-jimmy-johns-vs-jersey-mikes-with-mano-agapion-betsy-sodaro-w-joe-saunders-as-bread-correspondent,wow,78
munch-madness-jimmy-johns-vs-jersey-mikes-with-mano-agapion-betsy-sodaro-w-joe-saunders-as-bread-correspondent,spoonman,2
munch-madness-jimmy-johns-vs-jersey-mikes-with-mano-agapion-betsy-sodaro-w-joe-saunders-as-bread-correspondent,golden plate club,1
munch-madness-jimmy-johns-vs-jersey-mikes-with-mano-agapion-betsy-sodaro-w-joe-saunders-as-bread-correspondent,munch madness,12
munch-madness-jimmy-johns-vs-jersey-mikes-with-mano-agapion-betsy-sodaro-w-joe-saunders-as-bread-correspondent,oh my god,15
munch-madness-jimmy-johns-vs-jersey-mikes-with-mano-agapion-betsy-sodaro-w-joe-saunders-as-bread-correspondent,jesus christ,1
munch-madness-jimmy-johns-vs-jersey-mikes-with-mano-agapion-betsy-sodaro-w-joe-saunders-as-bread-correspondent,for god's sake,1
munch-madness-jimmy-johns-vs-jersey-mikes-with-mano-agapion-betsy-sodaro-w-joe-saunders-as-bread-correspondent,spoon nation,1
munch-madness-jimmy-johns-vs-jersey-mikes-with-mano-agapion-betsy-sodaro-w-joe-saunders-as-bread-correspondent,heat seeker,1
munch-madness-little-caesars-vs-papa-johns-with-john-gemberling,wow,15
munch-madness-little-caesars-vs-papa-johns-with-john-gemberling,spoonman,2
munch-madness-little-caesars-vs-papa-johns-with-john-gemberling,golden plate club,2
munch-madness-little-caesars-vs-papa-johns-with-john-gemberling,munch madness,2
munch-madness-little-caesars-vs-papa-johns-with-john-gemberling,chompion,1
munch-madness-little-caesars-vs-papa-johns-with-john-gemberling,oh my god,1
munch-madness-little-caesars-vs-papa-johns-with-john-gemberling,jesus christ,1
munch-madness-little-caesars-vs-papa-johns-with-john-gemberling,wally and irma,1
munch-madness-mcdonalds-chompionship-with-dont-stop-or-well-die,wow,30
munch-madness-mcdonalds-chompionship-with-dont-stop-or-well-die,spoonman,1
munch-madness-mcdonalds-chompionship-with-dont-stop-or-well-die,munch madness,6
munch-madness-mcdonalds-chompionship-with-dont-stop-or-well-die,chompion,13
munch-madness-mcdonalds-chompionship-with-dont-stop-or-well-die,oh my god,13
munch-madness-mcdonalds-chompionship-with-dont-stop-or-well-die,jesus christ,1
munch-madness-mcdonalds-chompionship-with-dont-stop-or-well-die,spoon nation,2
munch-madness-mcdonalds-chompionship-with-dont-stop-or-well-die,hat on a hat,1
munch-madness-mcdonalds-elite-ate-with-nicole-byer,wow,54
munch-madness-mcdonalds-elite-ate-with-nicole-byer,spoonman,2
munch-madness-mcdonalds-elite-ate-with-nicole-byer,platinum plate club,1
munch-madness-mcdonalds-elite-ate-with-nicole-byer,snack or wack,1
munch-madness-mcdonalds-elite-ate-with-nicole-byer,munch madness,5
munch-madness-mcdonalds-elite-ate-with-nicole-byer,chompion,1
munch-madness-mcdonalds-elite-ate-with-nicole-byer,oh my god,4
munch-madness-mcdonalds-elite-ate-with-nicole-byer,jesus christ,3
munch-madness-mcdonalds-elite-ate-with-nicole-byer,spoon nation,1
munch-madness-mcdonalds-elite-ate-with-nicole-byer,wally and irma,2
munch-madness-mcdonalds-elite-ate-with-nicole-byer,ungapatchka,1
munch-madness-mcdonalds-round-of-32-part-2-with-paul-f-tompkins,wow,54
munch-madness-mcdonalds-round-of-32-part-2-with-paul-f-tompkins,spoonman,5
munch-madness-mcdonalds-round-of-32-part-2-with-paul-f-tompkins,platinum plate club,1
munch-madness-mcdonalds-round-of-32-part-2-with-paul-f-tompkins,munch madness,7
munch-madness-mcdonalds-round-of-32-part-2-with-paul-f-tompkins,oh my god,2
munch-madness-mcdonalds-round-of-32-part-2-with-paul-f-tompkins,jesus christ,1
munch-madness-mcdonalds-round-of-32-part-2-with-paul-f-tompkins,for god's sake,1
munch-madness-mcdonalds-round-of-32-part-2-with-paul-f-tompkins,wally and irma,3
munch-madness-mcdonalds-round-of-32-part-2-with-paul-f-tompkins,ungapatchka,1
munch-madness-mcdonalds-round-of-64-with-jon-gabrus,wow,48
munch-madness-mcdonalds-round-of-64-with-jon-gabrus,spoonman,3
munch-madness-mcdonalds-round-of-64-with-jon-gabrus,platinum plate club,1
munch-madness-mcdonalds-round-of-64-with-jon-gabrus,snack or wack,1
munch-madness-mcdonalds-round-of-64-with-jon-gabrus,munch madness,4
munch-madness-mcdonalds-round-of-64-with-jon-gabrus,oh my god,4
munch-madness-mcdonalds-round-of-64-with-jon-gabrus,jesus christ,1
munch-madness-mcdonalds-round-of-64-with-jon-gabrus,spoon nation,1
munch-madness-mcdonalds-round-of-64-with-jon-gabrus,wally and irma,1
munch-madness-mcdonalds-round-of-64-with-jon-gabrus,spoiler alert,1
munch-madness-mcdonalds-round-of-64-with-jon-gabrus,ungapatchka,1
munch-madness-pie-noon-live-chompionship-with-nicole-byer-jessica-mckenna,wow,73
munch-madness-pie-noon-live-chompionship-with-nicole-byer-jessica-mckenna,spoonman,1
munch-madness-pie-noon-live-chompionship-with-nicole-byer-jessica-mckenna,munch madness,7
munch-madness-pie-noon-live-chompionship-with-nicole-byer-jessica-mckenna,chompion,9
munch-madness-pie-noon-live-chompionship-with-nicole-byer-jessica-mckenna,oh my god,2
munch-madness-pie-noon-live-chompionship-with-nicole-byer-jessica-mckenna,jesus christ,2
munch-madness-pie-noon-live-chompionship-with-nicole-byer-jessica-mckenna,spoon nation,3
munch-madness-pie-noon-round-1-part-1-with-jon-gabrus,wow,32
munch-madness-pie-noon-round-1-part-1-with-jon-gabrus,golden plate club,1
munch-madness-pie-noon-round-1-part-1-with-jon-gabrus,platinum plate club,1
munch-madness-pie-noon-round-1-part-1-with-jon-gabrus,munch madness,9
munch-madness-pie-noon-round-1-part-1-with-jon-gabrus,chompion,1
munch-madness-pie-noon-round-1-part-1-with-jon-gabrus,oh my god,4
munch-madness-pie-noon-round-1-part-1-with-jon-gabrus,jesus christ,4
munch-madness-pie-noon-round-1-part-1-with-jon-gabrus,for god's sake,1
munch-madness-pie-noon-round-1-part-1-with-jon-gabrus,blah blah blah,1
munch-madness-pie-noon-round-1-part-1-with-jon-gabrus,spoon nation,1
munch-madness-pie-noon-round-1-part-1-with-jon-gabrus,ungapatchka,5
munch-madness-pie-noon-semisweet-final-1-with-arden-myrin,wow,40
munch-madness-pie-noon-semisweet-final-1-with-arden-myrin,platinum plate club,1
munch-madness-pie-noon-semisweet-final-1-with-arden-myrin,munch madness,4
munch-madness-pie-noon-semisweet-final-1-with-arden-myrin,chompion,1
munch-madness-pie-noon-semisweet-final-1-with-arden-myrin,oh my god,4
munch-madness-pie-noon-semisweet-final-1-with-arden-myrin,wally and irma,3
munch-madness-pie-noon-semisweet-final-1-with-arden-myrin,ungapatchka,1
munch-madness-pie-noon-semisweet-final-2-with-carl-tart-ahsohn-williams,wow,61
munch-madness-pie-noon-semisweet-final-2-with-carl-tart-ahsohn-williams,spoonman,2
munch-madness-pie-noon-semisweet-final-2-with-carl-tart-ahsohn-williams,platinum plate club,1
munch-madness-pie-noon-semisweet-final-2-with-carl-tart-ahsohn-williams,munch madness,7
munch-madness-pie-noon-semisweet-final-2-with-carl-tart-ahsohn-williams,chompion,2
munch-madness-pie-noon-semisweet-final-2-with-carl-tart-ahsohn-williams,oh my god,3
munch-madness-pie-noon-semisweet-final-2-with-carl-tart-ahsohn-williams,jesus christ,1
munch-madness-pie-noon-semisweet-final-2-with-carl-tart-ahsohn-williams,spoon nation,1
munch-madness-pie-noon-semisweet-final-2-with-carl-tart-ahsohn-williams,rumblies,3
munch-madness-pie-noon-semisweet-final-2-with-carl-tart-ahsohn-williams,wally and irma,1
munch-madness-poquito-mas-vs-qdoba-vs-taco-bell-with-nicole-byer,this show sucks,1
munch-madness-poquito-mas-vs-qdoba-vs-taco-bell-with-nicole-byer,wow,38
munch-madness-poquito-mas-vs-qdoba-vs-taco-bell-with-nicole-byer,spoonman,2
munch-madness-poquito-mas-vs-qdoba-vs-taco-bell-with-nicole-byer,munch madness,6
munch-madness-poquito-mas-vs-qdoba-vs-taco-bell-with-nicole-byer,oh my god,3
munch-madness-poquito-mas-vs-qdoba-vs-taco-bell-with-nicole-byer,jesus christ,7
munch-madness-poquito-mas-vs-qdoba-vs-taco-bell-with-nicole-byer,for god's sake,2
munch-madness-poquito-mas-vs-qdoba-vs-taco-bell-with-nicole-byer,howdy ho,1
munch-madness-poquito-mas-vs-qdoba-vs-taco-bell-with-nicole-byer,spoon nation,2
munch-madness-poquito-mas-vs-qdoba-vs-taco-bell-with-nicole-byer,heat seeker,1
munch-madness-poquito-mas-vs-qdoba-vs-taco-bell-with-nicole-byer,wally and irma,2
munch-madness-poquito-mas-vs-taco-bell-with-mike-hanford,wow,49
munch-madness-poquito-mas-vs-taco-bell-with-mike-hanford,spoonman,3
munch-madness-poquito-mas-vs-taco-bell-with-mike-hanford,golden plate club,1
munch-madness-poquito-mas-vs-taco-bell-with-mike-hanford,platinum plate club,3
munch-madness-poquito-mas-vs-taco-bell-with-mike-hanford,munch madness,4
munch-madness-poquito-mas-vs-taco-bell-with-mike-hanford,oh my god,5
munch-madness-poquito-mas-vs-taco-bell-with-mike-hanford,jesus christ,2
munch-madness-poquito-mas-vs-taco-bell-with-mike-hanford,for god's sake,3
munch-madness-poquito-mas-vs-taco-bell-with-mike-hanford,howdy ho,1
munch-madness-poquito-mas-vs-taco-bell-with-mike-hanford,spoon nation,3
munch-madness-poquito-mas-vs-taco-bell-with-mike-hanford,heat seeker,1
munch-madness-poquito-mas-vs-taco-bell-with-mike-hanford,wally and irma,3
munch-madness-pressed-vs-jamba-with-zach-cherry,wow,45
munch-madness-pressed-vs-jamba-with-zach-cherry,spoonman,3
munch-madness-pressed-vs-jamba-with-zach-cherry,munch madness,6
munch-madness-pressed-vs-jamba-with-zach-cherry,oh my god,4
munch-madness-pressed-vs-jamba-with-zach-cherry,jesus christ,2
munch-madness-pressed-vs-jamba-with-zach-cherry,rumblies,4
munch-madness-pressed-vs-jamba-with-zach-cherry,spoiler alert,1
munch-madness-qdoba-vs-del-taco-with-matt-apodaca,wow,40
munch-madness-qdoba-vs-del-taco-with-matt-apodaca,spoonman,2
munch-madness-qdoba-vs-del-taco-with-matt-apodaca,golden plate club,1
munch-madness-qdoba-vs-del-taco-with-matt-apodaca,platinum plate club,1
munch-madness-qdoba-vs-del-taco-with-matt-apodaca,snack or wack,1
munch-madness-qdoba-vs-del-taco-with-matt-apodaca,munch madness,4
munch-madness-qdoba-vs-del-taco-with-matt-apodaca,chompion,1
munch-madness-qdoba-vs-del-taco-with-matt-apodaca,oh my god,8
munch-madness-qdoba-vs-del-taco-with-matt-apodaca,jesus christ,2
munch-madness-qdoba-vs-del-taco-with-matt-apodaca,for god's sake,4
munch-madness-qdoba-vs-del-taco-with-matt-apodaca,spoon nation,1
munch-madness-qdoba-vs-del-taco-with-matt-apodaca,heat seeker,1
munch-madness-qdoba-vs-del-taco-with-matt-apodaca,wally and irma,1
munch-madness-semifinals-match-1-with-carl-tart,wow,19
munch-madness-semifinals-match-1-with-carl-tart,golden plate club,1
munch-madness-semifinals-match-1-with-carl-tart,munch madness,1
munch-madness-semifinals-match-1-with-carl-tart,oh my god,5
munch-madness-semifinals-match-1-with-carl-tart,jesus christ,2
munch-madness-semifinals-match-1-with-carl-tart,howdy ho,1
munch-madness-semifinals-match-1-with-carl-tart,spoon nation,6
munch-madness-semifinals-match-1-with-carl-tart,heat seeker,2
munch-madness-semifinals-match-1-with-carl-tart,wally and irma,1
munch-madness-semifinals-match-2-with-michael-daniel-cassady,wow,26
munch-madness-semifinals-match-2-with-michael-daniel-cassady,spoonman,1
munch-madness-semifinals-match-2-with-michael-daniel-cassady,golden plate club,1
munch-madness-semifinals-match-2-with-michael-daniel-cassady,snack or wack,1
munch-madness-semifinals-match-2-with-michael-daniel-cassady,munch madness,3
munch-madness-semifinals-match-2-with-michael-daniel-cassady,oh my god,9
munch-madness-semifinals-match-2-with-michael-daniel-cassady,jesus christ,2
munch-madness-semifinals-match-2-with-michael-daniel-cassady,spoon nation,1
munch-madness-semifinals-match-2-with-michael-daniel-cassady,wally and irma,1
munch-madness-subway-vs-7-eleven-with-lauren-lapkus,wow,59
munch-madness-subway-vs-7-eleven-with-lauren-lapkus,spoonman,1
munch-madness-subway-vs-7-eleven-with-lauren-lapkus,munch madness,3
munch-madness-subway-vs-7-eleven-with-lauren-lapkus,oh my god,11
munch-madness-subway-vs-7-eleven-with-lauren-lapkus,jesus christ,3
munch-madness-subway-vs-7-eleven-with-lauren-lapkus,for god's sake,2
munch-madness-subway-vs-7-eleven-with-lauren-lapkus,spoon nation,1
munch-madness-subway-vs-7-eleven-with-lauren-lapkus,hand holding club,1
munch-madness-subway-vs-arbys-with-jen-dangelo-w-deli-boys-as-pickle-correspondents,wow,72
munch-madness-subway-vs-arbys-with-jen-dangelo-w-deli-boys-as-pickle-correspondents,spoonman,2
munch-madness-subway-vs-arbys-with-jen-dangelo-w-deli-boys-as-pickle-correspondents,platinum plate club,1
munch-madness-subway-vs-arbys-with-jen-dangelo-w-deli-boys-as-pickle-correspondents,munch madness,6
munch-madness-subway-vs-arbys-with-jen-dangelo-w-deli-boys-as-pickle-correspondents,chompion,1
munch-madness-subway-vs-arbys-with-jen-dangelo-w-deli-boys-as-pickle-correspondents,oh my god,10
munch-madness-subway-vs-arbys-with-jen-dangelo-w-deli-boys-as-pickle-correspondents,jesus christ,12
munch-madness-sweetfin-vs-chipotle-vs-sweetgreen-with-lauren-lapkus-and-nicole-byer-live,wow,88
munch-madness-sweetfin-vs-chipotle-vs-sweetgreen-with-lauren-lapkus-and-nicole-byer-live,spoonman,2
munch-madness-sweetfin-vs-chipotle-vs-sweetgreen-with-lauren-lapkus-and-nicole-byer-live,munch madness,6
munch-madness-sweetfin-vs-chipotle-vs-sweetgreen-with-lauren-lapkus-and-nicole-byer-live,chompion,4
munch-madness-sweetfin-vs-chipotle-vs-sweetgreen-with-lauren-lapkus-and-nicole-byer-live,oh my god,22
munch-madness-sweetfin-vs-chipotle-vs-sweetgreen-with-lauren-lapkus-and-nicole-byer-live,jesus christ,5
munch-madness-sweetfin-vs-chipotle-vs-sweetgreen-with-lauren-lapkus-and-nicole-byer-live,rumblies,3
munch-madness-sweetfin-vs-chipotle-vs-sweetgreen-with-lauren-lapkus-and-nicole-byer-live,heat seeker,3
munch-madness-sweetfin-vs-chipotle-vs-sweetgreen-with-lauren-lapkus-and-nicole-byer-live,wally and irma,1
munch-madness-taco-bell-round-1-with-carl-tart,wow,99
munch-madness-taco-bell-round-1-with-carl-tart,spoonman,3
munch-madness-taco-bell-round-1-with-carl-tart,platinum plate club,1
munch-madness-taco-bell-round-1-with-carl-tart,munch madness,9
munch-madness-taco-bell-round-1-with-carl-tart,chompion,4
munch-madness-taco-bell-round-1-with-carl-tart,oh my god,5
munch-madness-taco-bell-round-1-with-carl-tart,jesus christ,1
munch-madness-taco-bell-round-1-with-carl-tart,howdy ho,1
munch-madness-taco-bell-round-1-with-carl-tart,spoon nation,1
munch-madness-taco-bell-round-1-with-carl-tart,rumblies,1
munch-madness-taco-bell-round-1-with-carl-tart,simulacrum,1
munch-madness-taco-bell-round-1-with-carl-tart,ungapatchka,4
munch-madness-taco-bell-round-3-with-toni-charline-ramos,this show sucks,1
munch-madness-taco-bell-round-3-with-toni-charline-ramos,wow,63
munch-madness-taco-bell-round-3-with-toni-charline-ramos,spoonman,4
munch-madness-taco-bell-round-3-with-toni-charline-ramos,platinum plate club,2
munch-madness-taco-bell-round-3-with-toni-charline-ramos,munch madness,9
munch-madness-taco-bell-round-3-with-toni-charline-ramos,oh my god,10
munch-madness-taco-bell-round-3-with-toni-charline-ramos,jesus christ,1
munch-madness-taco-bell-round-3-with-toni-charline-ramos,howdy ho,4
munch-madness-taco-bell-round-3-with-toni-charline-ramos,birdfuck,7
munch-madness-taco-bell-round-3-with-toni-charline-ramos,rumblies,4
munch-madness-taco-bell-round-3-with-toni-charline-ramos,heat seeker,2
munch-madness-taco-bell-round-3-with-toni-charline-ramos,wally and irma,2
munch-madness-taco-bell-round-3-with-toni-charline-ramos,ungapatchka,1
munch-madness-x-in-n-out-burger-vs-handels-with-jason-mantzoukas-and-paul-scheer,wow,141
munch-madness-x-in-n-out-burger-vs-handels-with-jason-mantzoukas-and-paul-scheer,spoonman,1
munch-madness-x-in-n-out-burger-vs-handels-with-jason-mantzoukas-and-paul-scheer,platinum plate club,1
munch-madness-x-in-n-out-burger-vs-handels-with-jason-mantzoukas-and-paul-scheer,munch madness,8
munch-madness-x-in-n-out-burger-vs-handels-with-jason-mantzoukas-and-paul-scheer,oh my god,19
munch-madness-x-in-n-out-burger-vs-handels-with-jason-mantzoukas-and-paul-scheer,jesus christ,1
munch-madness-x-in-n-out-burger-vs-handels-with-jason-mantzoukas-and-paul-scheer,birdfuck,1
munch-madness-x-in-n-out-burger-vs-handels-with-jason-mantzoukas-and-paul-scheer,rumblies,3
munch-madness-x-in-n-out-burger-vs-handels-with-jason-mantzoukas-and-paul-scheer,heat seeker,1
munch-madness-x-in-n-out-burger-vs-handels-with-jason-mantzoukas-and-paul-scheer,wally and irma,1
munch-madness-x-in-n-out-burger-vs-handels-with-jason-mantzoukas-and-paul-scheer,spoiler alert,1
munch-madness-x-in-n-out-burger-vs-handels-with-jason-mantzoukas-and-paul-scheer,simulacrum,1
munch-madness-x-taco-bell-vs-wendys-with-carl-tart-and-lamar-woods,wow,62
munch-madness-x-taco-bell-vs-wendys-with-carl-tart-and-lamar-woods,spoonman,2
munch-madness-x-taco-bell-vs-wendys-with-carl-tart-and-lamar-woods,munch madness,11
munch-madness-x-taco-bell-vs-wendys-with-carl-tart-and-lamar-woods,oh my god,21
munch-madness-x-taco-bell-vs-wendys-with-carl-tart-and-lamar-woods,jesus christ,2
munch-madness-x-taco-bell-vs-wendys-with-carl-tart-and-lamar-woods,birdfuck,2
munch-madness-x-taco-bell-vs-wendys-with-carl-tart-and-lamar-woods,heat seeker,1
munch-madness-x-taco-bell-vs-wendys-with-carl-tart-and-lamar-woods,simulacrum,1
munch-madness-x-taco-bell-vs-wendys-with-carl-tart-and-lamar-woods,ungapatchka,1
munch-madness-x-wendys-vs-in-n-out-burger-with-jon-gabrus-and-betsy-sodaro,wow,52
munch-madness-x-wendys-vs-in-n-out-burger-with-jon-gabrus-and-betsy-sodaro,spoonman,1
munch-madness-x-wendys-vs-in-n-out-burger-with-jon-gabrus-and-betsy-sodaro,munch madness,7
munch-madness-x-wendys-vs-in-n-out-burger-with-jon-gabrus-and-betsy-sodaro,oh my god,25
munch-madness-x-wendys-vs-in-n-out-burger-with-jon-gabrus-and-betsy-sodaro,jesus christ,12
munch-madness-x-wendys-vs-in-n-out-burger-with-jon-gabrus-and-betsy-sodaro,for god's sake,1
munch-madness-x-wendys-vs-in-n-out-burger-with-jon-gabrus-and-betsy-sodaro,blah blah blah,1
munch-madness-x-wendys-vs-in-n-out-burger-with-jon-gabrus-and-betsy-sodaro,rumblies,3
munch-madness-x-wendys-vs-in-n-out-burger-with-jon-gabrus-and-betsy-sodaro,heat seeker,1
munch-madness-x-wendys-vs-in-n-out-burger-with-jon-gabrus-and-betsy-sodaro,wally and irma,1
munch-madness-x-wendys-vs-in-n-out-burger-with-jon-gabrus-and-betsy-sodaro,hat on a hat,1
munch-madness-x-wendys-vs-jersey-mikes-with-lauren-lapkus-and-arden-myrin,this show sucks,2
munch-madness-x-wendys-vs-jersey-mikes-with-lauren-lapkus-and-arden-myrin,wow,78
munch-madness-x-wendys-vs-jersey-mikes-with-lauren-lapkus-and-arden-myrin,spoonman,1
munch-madness-x-wendys-vs-jersey-mikes-with-lauren-lapkus-and-arden-myrin,golden plate club,1
munch-madness-x-wendys-vs-jersey-mikes-with-lauren-lapkus-and-arden-myrin,munch madness,17
munch-madness-x-wendys-vs-jersey-mikes-with-lauren-lapkus-and-arden-myrin,oh my god,21
munch-madness-x-wendys-vs-jersey-mikes-with-lauren-lapkus-and-arden-myrin,jesus christ,1
munch-madness-x-wendys-vs-jersey-mikes-with-lauren-lapkus-and-arden-myrin,spoon nation,1
munch-madness-x-wendys-vs-jersey-mikes-with-lauren-lapkus-and-arden-myrin,wally and irma,1
munch-madness-x-wendys-vs-jersey-mikes-with-lauren-lapkus-and-arden-myrin,spoiler alert,3
munch-madness-x-wendys-vs-taco-bell-with-carl-tart-and-lamar-woods,wow,52
munch-madness-x-wendys-vs-taco-bell-with-carl-tart-and-lamar-woods,spoonman,2
munch-madness-x-wendys-vs-taco-bell-with-carl-tart-and-lamar-woods,munch madness,8
munch-madness-x-wendys-vs-taco-bell-with-carl-tart-and-lamar-woods,oh my god,13
munch-madness-x-wendys-vs-taco-bell-with-carl-tart-and-lamar-woods,jesus christ,1
munch-madness-x-wendys-vs-taco-bell-with-carl-tart-and-lamar-woods,birdfuck,3
munch-madness-x-wendys-vs-taco-bell-with-carl-tart-and-lamar-woods,heat seeker,2
munch-madness-x-wendys-vs-taco-bell-with-carl-tart-and-lamar-woods,simulacrum,1
munch-madness-x-wendys-vs-taco-bell-with-carl-tart-and-lamar-woods,ungapatchka,1
native-foods-with-tawny-newsome-alex-kliner,wow,17
native-foods-with-tawny-newsome-alex-kliner,spoonman,1
native-foods-with-tawny-newsome-alex-kliner,platinum plate club,1
native-foods-with-tawny-newsome-alex-kliner,oh my god,3
native-foods-with-tawny-newsome-alex-kliner,spoon nation,3
nick-the-greek-with-becky-feldman,wow,22
nick-the-greek-with-becky-feldman,spoonman,3
nick-the-greek-with-becky-feldman,golden plate club,1
nick-the-greek-with-becky-feldman,oh my god,11
nick-the-greek-with-becky-feldman,jesus christ,1
noahs-new-york-bagels-with-jennie-pierson,wow,31
noahs-new-york-bagels-with-jennie-pierson,spoonman,2
noahs-new-york-bagels-with-jennie-pierson,oh my god,11
noahs-new-york-bagels-with-jennie-pierson,jesus christ,2
noahs-new-york-bagels-with-jennie-pierson,for god's sake,2
noahs-new-york-bagels-with-jennie-pierson,spoon nation,2
noahs-new-york-bagels-with-jennie-pierson,heat seeker,1
nordstroms-bar-verde-with-jordan-morris,wow,30
nordstroms-bar-verde-with-jordan-morris,spoonman,8
nordstroms-bar-verde-with-jordan-morris,oh my god,5
nordstroms-bar-verde-with-jordan-morris,jesus christ,3
nordstroms-bar-verde-with-jordan-morris,birdfuck,2
nordstroms-bar-verde-with-jordan-morris,heat seeker,1
nordstroms-bar-verde-with-jordan-morris,wally and irma,1
nordstroms-bar-verde-with-jordan-morris,spoiler alert,1
nordstroms-bar-verde-with-jordan-morris,simulacrum,1
norms-with-jordan-morris,wow,11
norms-with-jordan-morris,golden plate club,5
norms-with-jordan-morris,jesus christ,2
norms-with-jordan-morris,wally and irma,1
nothing-bundt-cakes-with-becky-feldman,wow,16
nothing-bundt-cakes-with-becky-feldman,spoonman,2
nothing-bundt-cakes-with-becky-feldman,golden plate club,1
nothing-bundt-cakes-with-becky-feldman,platinum plate club,1
nothing-bundt-cakes-with-becky-feldman,oh my god,4
nothing-bundt-cakes-with-becky-feldman,jesus christ,2
nothing-bundt-cakes-with-becky-feldman,spoiler alert,1
nugget-power-hour-with-nicole-byer-jon-gabrus,wow,3
nugget-power-hour-with-nicole-byer-jon-gabrus,spoonman,1
nugget-power-hour-with-nicole-byer-jon-gabrus,snack or wack,1
nugget-power-hour-with-nicole-byer-jon-gabrus,oh my god,6
nugget-power-hour-with-nicole-byer-jon-gabrus,jesus christ,5
nugget-power-hour-with-nicole-byer-jon-gabrus,howdy ho,1
nugget-power-hour-with-nicole-byer-jon-gabrus,spoon nation,1
nugget-power-hour-with-nicole-byer-jon-gabrus,wally and irma,2
oakberry-with-johnny-tv-and-taya-valkyrie,wow,50
oakberry-with-johnny-tv-and-taya-valkyrie,spoonman,10
oakberry-with-johnny-tv-and-taya-valkyrie,golden plate club,1
oakberry-with-johnny-tv-and-taya-valkyrie,munch madness,5
oakberry-with-johnny-tv-and-taya-valkyrie,oh my god,5
oakberry-with-johnny-tv-and-taya-valkyrie,jesus christ,2
oakberry-with-johnny-tv-and-taya-valkyrie,birdfuck,5
oakberry-with-johnny-tv-and-taya-valkyrie,heat seeker,1
octdoughberblessed-canters-deli-with-evan-susser-and-david-phillips,wow,23
octdoughberblessed-canters-deli-with-evan-susser-and-david-phillips,spoonman,4
octdoughberblessed-canters-deli-with-evan-susser-and-david-phillips,oh my god,6
octdoughberblessed-canters-deli-with-evan-susser-and-david-phillips,jesus christ,2
octdoughberblessed-canters-deli-with-evan-susser-and-david-phillips,howdy ho,1
octdoughberblessed-canters-deli-with-evan-susser-and-david-phillips,wally and irma,2
octdoughberblessed-cracker-barrel-with-betsy-sodaro,this show sucks,1
octdoughberblessed-cracker-barrel-with-betsy-sodaro,wow,18
octdoughberblessed-cracker-barrel-with-betsy-sodaro,spoonman,4
octdoughberblessed-cracker-barrel-with-betsy-sodaro,golden plate club,1
octdoughberblessed-cracker-barrel-with-betsy-sodaro,snack or wack,1
octdoughberblessed-cracker-barrel-with-betsy-sodaro,oh my god,39
octdoughberblessed-cracker-barrel-with-betsy-sodaro,jesus christ,5
octdoughberblessed-cracker-barrel-with-betsy-sodaro,spoon nation,1
octdoughberblessed-cracker-barrel-with-betsy-sodaro,heat seeker,1
octdoughberblessed-cracker-barrel-with-betsy-sodaro,wally and irma,1
octdoughberblessed-in-n-out-vs-chick-fil-a-with-scott-aukerman,wow,45
octdoughberblessed-in-n-out-vs-chick-fil-a-with-scott-aukerman,spoonman,5
octdoughberblessed-in-n-out-vs-chick-fil-a-with-scott-aukerman,platinum plate club,2
octdoughberblessed-in-n-out-vs-chick-fil-a-with-scott-aukerman,oh my god,10
octdoughberblessed-in-n-out-vs-chick-fil-a-with-scott-aukerman,jesus christ,1
octdoughberblessed-in-n-out-vs-chick-fil-a-with-scott-aukerman,howdy ho,1
octdoughberblessed-in-n-out-vs-chick-fil-a-with-scott-aukerman,spoon nation,1
octdoughberblessed-loving-hut-with-raj-desai,wow,15
octdoughberblessed-loving-hut-with-raj-desai,spoonman,5
octdoughberblessed-loving-hut-with-raj-desai,golden plate club,1
octdoughberblessed-loving-hut-with-raj-desai,platinum plate club,1
octdoughberblessed-loving-hut-with-raj-desai,oh my god,5
octdoughberblessed-loving-hut-with-raj-desai,for god's sake,1
octdoughberblessed-loving-hut-with-raj-desai,spoon nation,1
olive-garden-2-with-joel-kim-booster,wow,26
olive-garden-2-with-joel-kim-booster,spoonman,1
olive-garden-2-with-joel-kim-booster,golden plate club,1
olive-garden-2-with-joel-kim-booster,oh my god,6
olive-garden-2-with-joel-kim-booster,jesus christ,1
olive-garden-2-with-joel-kim-booster,spoon nation,1
olive-garden-3-with-alison-rosen,wow,54
olive-garden-3-with-alison-rosen,spoonman,2
olive-garden-3-with-alison-rosen,oh my god,4
olive-garden-3-with-alison-rosen,jesus christ,2
olive-garden-3-with-alison-rosen,for god's sake,1
olive-garden-3-with-alison-rosen,spoon nation,2
olive-garden-3-with-alison-rosen,wally and irma,3
oops-all-segments-2,wow,70
oops-all-segments-2,spoonman,5
oops-all-segments-2,snack or wack,1
oops-all-segments-2,oh my god,7
oops-all-segments-2,heat seeker,5
oops-all-segments-3,wow,68
oops-all-segments-3,spoonman,2
oops-all-segments-3,snack or wack,1
oops-all-segments-3,oh my god,22
oops-all-segments-3,jesus christ,2
oops-all-segments-3,for god's sake,1
oops-all-segments-3,spoon nation,1
oops-all-segments-3,birdfuck,1
oops-all-segments-3,heat seeker,4
oops-all-segments-3,wally and irma,1
oops-all-segments-3,spoiler alert,2
oops-all-segments-3,ungapatchka,4
orange-julius-with-scott-aukerman,wow,44
orange-julius-with-scott-aukerman,spoonman,4
orange-julius-with-scott-aukerman,golden plate club,1
orange-julius-with-scott-aukerman,platinum plate club,1
orange-julius-with-scott-aukerman,munch madness,1
orange-julius-with-scott-aukerman,oh my god,6
orange-julius-with-scott-aukerman,jesus christ,1
orange-julius-with-scott-aukerman,spoon nation,1
orange-julius-with-scott-aukerman,rumblies,1
original-tommys-with-jim-woods,wow,11
original-tommys-with-jim-woods,spoonman,1
original-tommys-with-jim-woods,golden plate club,1
original-tommys-with-jim-woods,platinum plate club,1
original-tommys-with-jim-woods,snack or wack,1
original-tommys-with-jim-woods,oh my god,2
original-tommys-with-jim-woods,jesus christ,2
original-tommys-with-jim-woods,spoon nation,2
outback-steakhouse-2-with-leann-bowen,wow,24
outback-steakhouse-2-with-leann-bowen,spoonman,8
outback-steakhouse-2-with-leann-bowen,golden plate club,3
outback-steakhouse-2-with-leann-bowen,oh my god,1
outback-steakhouse-2-with-leann-bowen,howdy ho,1
outback-steakhouse-2-with-leann-bowen,spoon nation,1
outback-steakhouse-2-with-leann-bowen,hand holding club,1
outback-steakhouse-3-with-joe-wengert,wow,21
outback-steakhouse-3-with-joe-wengert,spoonman,1
outback-steakhouse-3-with-joe-wengert,platinum plate club,1
outback-steakhouse-3-with-joe-wengert,munch madness,1
outback-steakhouse-3-with-joe-wengert,jesus christ,1
outback-steakhouse-3-with-joe-wengert,for god's sake,1
outback-steakhouse-3-with-joe-wengert,spoon nation,1
outback-steakhouse-3-with-joe-wengert,heat seeker,1
outback-steakhouse-4-with-tom-walker,wow,48
outback-steakhouse-4-with-tom-walker,spoonman,2
outback-steakhouse-4-with-tom-walker,golden plate club,1
outback-steakhouse-4-with-tom-walker,munch madness,2
outback-steakhouse-4-with-tom-walker,oh my god,9
outback-steakhouse-4-with-tom-walker,jesus christ,3
outback-steakhouse-4-with-tom-walker,for god's sake,1
outback-steakhouse-4-with-tom-walker,spoon nation,2
outback-steakhouse-4-with-tom-walker,birdfuck,5
outback-steakhouse-4-with-tom-walker,wally and irma,1
outback-steakhouse-with-jon-gabrus,wow,10
outback-steakhouse-with-jon-gabrus,oh my god,2
outback-steakhouse-with-jon-gabrus,jesus christ,2
p-f-changs-2-with-kulap-vilaysack,wow,36
p-f-changs-2-with-kulap-vilaysack,spoonman,7
p-f-changs-2-with-kulap-vilaysack,golden plate club,1
p-f-changs-2-with-kulap-vilaysack,platinum plate club,2
p-f-changs-2-with-kulap-vilaysack,snack or wack,1
p-f-changs-2-with-kulap-vilaysack,oh my god,3
p-f-changs-2-with-kulap-vilaysack,jesus christ,5
p-f-changs-2-with-kulap-vilaysack,for god's sake,2
p-f-changs-2-with-kulap-vilaysack,spoon nation,3
p-f-changs-2-with-kulap-vilaysack,wally and irma,1
p-f-changs-2-with-kulap-vilaysack,hand holding club,1
p-f-changs-with-jessica-mckenna-and-zach-reino,wow,19
p-f-changs-with-jessica-mckenna-and-zach-reino,spoonman,4
p-f-changs-with-jessica-mckenna-and-zach-reino,golden plate club,3
p-f-changs-with-jessica-mckenna-and-zach-reino,oh my god,4
p-f-changs-with-jessica-mckenna-and-zach-reino,for god's sake,1
p-f-changs-with-jessica-mckenna-and-zach-reino,spoon nation,2
p-f-changs-with-jessica-mckenna-and-zach-reino,heat seeker,2
p-f-changs-with-jessica-mckenna-and-zach-reino,wally and irma,5
panda-express-2-with-cristela-alonzo,wow,27
panda-express-2-with-cristela-alonzo,spoonman,1
panda-express-2-with-cristela-alonzo,golden plate club,2
panda-express-2-with-cristela-alonzo,oh my god,6
panda-express-2-with-cristela-alonzo,jesus christ,1
panda-express-2-with-cristela-alonzo,for god's sake,2
panda-express-2-with-cristela-alonzo,rumblies,1
panda-express-2-with-cristela-alonzo,wally and irma,4
panda-express-3-with-oscar-montoya,wow,8
panda-express-3-with-oscar-montoya,spoonman,5
panda-express-3-with-oscar-montoya,golden plate club,5
panda-express-3-with-oscar-montoya,platinum plate club,1
panda-express-3-with-oscar-montoya,oh my god,6
panda-express-3-with-oscar-montoya,blah blah blah,1
panda-express-4-with-matt-kowalick-and-holly-prazoff,this show sucks,1
panda-express-4-with-matt-kowalick-and-holly-prazoff,wow,80
panda-express-4-with-matt-kowalick-and-holly-prazoff,spoonman,2
panda-express-4-with-matt-kowalick-and-holly-prazoff,platinum plate club,1
panda-express-4-with-matt-kowalick-and-holly-prazoff,oh my god,40
panda-express-4-with-matt-kowalick-and-holly-prazoff,jesus christ,7
panda-express-4-with-matt-kowalick-and-holly-prazoff,birdfuck,4
panda-express-4-with-matt-kowalick-and-holly-prazoff,wally and irma,2
panda-express-with-tricia-mcalpin,wow,10
panda-express-with-tricia-mcalpin,spoonman,6
panda-express-with-tricia-mcalpin,oh my god,15
panda-express-with-tricia-mcalpin,jesus christ,2
panda-express-with-tricia-mcalpin,spoon nation,7
panera-3-with-kimia-behpoornia,this show sucks,2
panera-3-with-kimia-behpoornia,wow,84
panera-3-with-kimia-behpoornia,spoonman,2
panera-3-with-kimia-behpoornia,golden plate club,1
panera-3-with-kimia-behpoornia,oh my god,19
panera-3-with-kimia-behpoornia,jesus christ,3
panera-3-with-kimia-behpoornia,birdfuck,2
panera-3-with-kimia-behpoornia,heat seeker,3
panera-3-with-kimia-behpoornia,wally and irma,4
panera-3-with-kimia-behpoornia,spoiler alert,1
panera-3-with-kimia-behpoornia,simulacrum,1
panera-5-with-david-wain,wow,50
panera-5-with-david-wain,spoonman,3
panera-5-with-david-wain,golden plate club,2
panera-5-with-david-wain,snack or wack,3
panera-5-with-david-wain,munch madness,4
panera-5-with-david-wain,oh my god,4
panera-5-with-david-wain,jesus christ,2
panera-5-with-david-wain,birdfuck,4
panera-5-with-david-wain,heat seeker,1
panera-5-with-david-wain,wally and irma,2
panera-bread-2-with-monica-ruiz-and-chris-omalley,this show sucks,1
panera-bread-2-with-monica-ruiz-and-chris-omalley,wow,74
panera-bread-2-with-monica-ruiz-and-chris-omalley,spoonman,7
panera-bread-2-with-monica-ruiz-and-chris-omalley,golden plate club,3
panera-bread-2-with-monica-ruiz-and-chris-omalley,platinum plate club,1
panera-bread-2-with-monica-ruiz-and-chris-omalley,oh my god,7
panera-bread-2-with-monica-ruiz-and-chris-omalley,jesus christ,1
panera-bread-2-with-monica-ruiz-and-chris-omalley,spoon nation,1
panera-bread-2-with-monica-ruiz-and-chris-omalley,heat seeker,1
panera-bread-2-with-monica-ruiz-and-chris-omalley,hat on a hat,1
panera-bread-2-with-monica-ruiz-and-chris-omalley,ungapatchka,2
panera-bread-with-bill-oakley,wow,24
panera-bread-with-bill-oakley,spoonman,1
panera-bread-with-bill-oakley,golden plate club,2
panera-bread-with-bill-oakley,oh my god,7
panera-bread-with-bill-oakley,spoon nation,1
panera-bread-with-bill-oakley,rumblies,1
papa-ginos-with-john-hodgman-jean-grae-and-jeff-tweedy,wow,27
papa-ginos-with-john-hodgman-jean-grae-and-jeff-tweedy,oh my god,4
papa-ginos-with-john-hodgman-jean-grae-and-jeff-tweedy,jesus christ,1
papa-ginos-with-john-hodgman-jean-grae-and-jeff-tweedy,for god's sake,3
papa-ginos-with-john-hodgman-jean-grae-and-jeff-tweedy,spoon nation,1
papa-johns-2-with-raiza-licea,wow,40
papa-johns-2-with-raiza-licea,spoonman,3
papa-johns-2-with-raiza-licea,oh my god,9
papa-johns-2-with-raiza-licea,jesus christ,3
papa-johns-2-with-raiza-licea,blah blah blah,1
papa-johns-2-with-raiza-licea,howdy ho,2
papa-johns-2-with-raiza-licea,spoon nation,1
papa-johns-2-with-raiza-licea,heat seeker,1
papa-johns-2-with-raiza-licea,wally and irma,2
papa-johns-2-with-raiza-licea,hand holding club,3
papa-johns-2-with-raiza-licea,ungapatchka,1
papa-johns-3-with-steve-sladkowski,wow,79
papa-johns-3-with-steve-sladkowski,spoonman,3
papa-johns-3-with-steve-sladkowski,golden plate club,2
papa-johns-3-with-steve-sladkowski,munch madness,1
papa-johns-3-with-steve-sladkowski,oh my god,6
papa-johns-3-with-steve-sladkowski,birdfuck,2
papa-johns-3-with-steve-sladkowski,rumblies,1
papa-johns-3-with-steve-sladkowski,heat seeker,1
papa-johns-3-with-steve-sladkowski,wally and irma,1
papa-johns-3-with-steve-sladkowski,ungapatchka,1
papa-johns-with-lamar-woods,wow,19
papa-johns-with-lamar-woods,spoonman,1
papa-johns-with-lamar-woods,platinum plate club,1
papa-johns-with-lamar-woods,snack or wack,2
papa-johns-with-lamar-woods,oh my god,6
papa-johns-with-lamar-woods,jesus christ,3
papa-johns-with-lamar-woods,for god's sake,3
paris-baguette-with-lesley-tsina,wow,54
paris-baguette-with-lesley-tsina,spoonman,6
paris-baguette-with-lesley-tsina,oh my god,3
paris-baguette-with-lesley-tsina,jesus christ,1
paris-baguette-with-lesley-tsina,spoon nation,2
paris-baguette-with-lesley-tsina,wally and irma,2
paris-baguette-with-lesley-tsina,hand holding club,1
peets-coffee-with-chelsea-peretti,this show sucks,1
peets-coffee-with-chelsea-peretti,wow,80
peets-coffee-with-chelsea-peretti,spoonman,2
peets-coffee-with-chelsea-peretti,platinum plate club,1
peets-coffee-with-chelsea-peretti,oh my god,7
peets-coffee-with-chelsea-peretti,jesus christ,2
peets-coffee-with-chelsea-peretti,spoon nation,1
philz-coffee-with-corin-wells,wow,69
philz-coffee-with-corin-wells,spoonman,5
philz-coffee-with-corin-wells,oh my god,11
philz-coffee-with-corin-wells,jesus christ,3
philz-coffee-with-corin-wells,spoon nation,1
philz-coffee-with-corin-wells,birdfuck,3
philz-coffee-with-corin-wells,heat seeker,2
pinkberry-2-with-grant-dekernion-and-patty-guggenheim,this show sucks,1
pinkberry-2-with-grant-dekernion-and-patty-guggenheim,wow,64
pinkberry-2-with-grant-dekernion-and-patty-guggenheim,spoonman,2
pinkberry-2-with-grant-dekernion-and-patty-guggenheim,snack or wack,2
pinkberry-2-with-grant-dekernion-and-patty-guggenheim,oh my god,8
pinkberry-2-with-grant-dekernion-and-patty-guggenheim,jesus christ,5
pinkberry-2-with-grant-dekernion-and-patty-guggenheim,birdfuck,2
pinkberry-2-with-grant-dekernion-and-patty-guggenheim,wally and irma,3
pinkberry-2-with-grant-dekernion-and-patty-guggenheim,simulacrum,1
pinkberry-with-lauren-lapkus,wow,10
pinkberry-with-lauren-lapkus,spoonman,2
pinkberry-with-lauren-lapkus,oh my god,16
pinkberry-with-lauren-lapkus,jesus christ,2
pinkberry-with-lauren-lapkus,spoon nation,1
pinkberry-with-lauren-lapkus,hand holding club,1
pinks-hot-dogs-with-alana-johnston-live,wow,17
pinks-hot-dogs-with-alana-johnston-live,spoonman,4
pinks-hot-dogs-with-alana-johnston-live,golden plate club,1
pinks-hot-dogs-with-alana-johnston-live,snack or wack,1
pinks-hot-dogs-with-alana-johnston-live,oh my god,15
pinks-hot-dogs-with-alana-johnston-live,jesus christ,1
pinks-hot-dogs-with-alana-johnston-live,for god's sake,2
pinks-hot-dogs-with-alana-johnston-live,heat seeker,1
pinks-hot-dogs-with-alana-johnston-live,wally and irma,1
pinks-hot-dogs-with-alana-johnston-live,hand holding club,1
pizza-hut-2-with-jen-dangelo,wow,34
pizza-hut-2-with-jen-dangelo,spoonman,2
pizza-hut-2-with-jen-dangelo,platinum plate club,1
pizza-hut-2-with-jen-dangelo,oh my god,2
pizza-hut-2-with-jen-dangelo,jesus christ,3
pizza-hut-2-with-jen-dangelo,howdy ho,1
pizza-hut-2-with-jen-dangelo,rumblies,1
pizza-hut-2-with-jen-dangelo,wally and irma,1
pizza-hut-3-with-brendan-james,wow,24
pizza-hut-3-with-brendan-james,spoonman,5
pizza-hut-3-with-brendan-james,platinum plate club,1
pizza-hut-3-with-brendan-james,oh my god,2
pizza-hut-3-with-brendan-james,jesus christ,1
pizza-hut-3-with-brendan-james,for god's sake,1
pizza-hut-4-with-neil-campbell-and-mitra-jouhari,wow,63
pizza-hut-4-with-neil-campbell-and-mitra-jouhari,spoonman,1
pizza-hut-4-with-neil-campbell-and-mitra-jouhari,broken plate club,2
pizza-hut-4-with-neil-campbell-and-mitra-jouhari,snack or wack,1
pizza-hut-4-with-neil-campbell-and-mitra-jouhari,munch madness,1
pizza-hut-4-with-neil-campbell-and-mitra-jouhari,oh my god,14
pizza-hut-4-with-neil-campbell-and-mitra-jouhari,jesus christ,2
pizza-hut-4-with-neil-campbell-and-mitra-jouhari,birdfuck,3
pizza-hut-4-with-neil-campbell-and-mitra-jouhari,heat seeker,1
pizza-hut-4-with-neil-campbell-and-mitra-jouhari,hand holding club,1
pizza-hut-4-with-neil-campbell-and-mitra-jouhari,simulacrum,1
pizza-hut-with-neil-campbell,wow,11
pizza-hut-with-neil-campbell,spoonman,9
pizza-hut-with-neil-campbell,snack or wack,2
pizza-hut-with-neil-campbell,oh my god,3
pizza-hut-with-neil-campbell,jesus christ,3
pizza-hut-with-neil-campbell,spoon nation,2
planet-hollywood-with-griffin-newman-and-david-sims,wow,66
planet-hollywood-with-griffin-newman-and-david-sims,spoonman,1
planet-hollywood-with-griffin-newman-and-david-sims,broken plate club,1
planet-hollywood-with-griffin-newman-and-david-sims,oh my god,10
planet-hollywood-with-griffin-newman-and-david-sims,jesus christ,3
planet-hollywood-with-griffin-newman-and-david-sims,birdfuck,1
planet-hollywood-with-griffin-newman-and-david-sims,wally and irma,1
planet-hollywood-with-griffin-newman-and-david-sims,simulacrum,1
poke-bar-with-payman-benz,wow,41
poke-bar-with-payman-benz,spoonman,2
poke-bar-with-payman-benz,snack or wack,3
poke-bar-with-payman-benz,munch madness,5
poke-bar-with-payman-benz,oh my god,6
poke-bar-with-payman-benz,jesus christ,1
poke-bar-with-payman-benz,rumblies,7
pollo-campero-with-jack-allison-and-kate-shapiro,wow,37
pollo-campero-with-jack-allison-and-kate-shapiro,spoonman,7
pollo-campero-with-jack-allison-and-kate-shapiro,golden plate club,2
pollo-campero-with-jack-allison-and-kate-shapiro,platinum plate club,2
pollo-campero-with-jack-allison-and-kate-shapiro,oh my god,5
pollo-campero-with-jack-allison-and-kate-shapiro,blah blah blah,1
pollo-campero-with-jack-allison-and-kate-shapiro,birdfuck,1
pollo-campero-with-jack-allison-and-kate-shapiro,heat seeker,1
popeyes-4-with-van-robichaux,this show sucks,3
popeyes-4-with-van-robichaux,wow,65
popeyes-4-with-van-robichaux,spoonman,5
popeyes-4-with-van-robichaux,golden plate club,1
popeyes-4-with-van-robichaux,platinum plate club,4
popeyes-4-with-van-robichaux,oh my god,5
popeyes-4-with-van-robichaux,jesus christ,2
popeyes-4-with-van-robichaux,for god's sake,1
popeyes-4-with-van-robichaux,spoon nation,1
popeyes-4-with-van-robichaux,wally and irma,2
popeyes-4-with-van-robichaux,hand holding club,1
popeyes-6-with-tim-baltz,wow,69
popeyes-6-with-tim-baltz,spoonman,2
popeyes-6-with-tim-baltz,platinum plate club,2
popeyes-6-with-tim-baltz,oh my god,18
popeyes-6-with-tim-baltz,jesus christ,3
popeyes-6-with-tim-baltz,birdfuck,5
popeyes-6-with-tim-baltz,heat seeker,3
popeyes-6-with-tim-baltz,simulacrum,1
popeyes-louisiana-kitchen-2-with-andrew-ti,wow,21
popeyes-louisiana-kitchen-2-with-andrew-ti,golden plate club,1
popeyes-louisiana-kitchen-2-with-andrew-ti,platinum plate club,1
popeyes-louisiana-kitchen-2-with-andrew-ti,oh my god,7
popeyes-louisiana-kitchen-2-with-andrew-ti,jesus christ,4
popeyes-louisiana-kitchen-2-with-andrew-ti,for god's sake,2
popeyes-louisiana-kitchen-2-with-andrew-ti,spoon nation,1
popeyes-louisiana-kitchen-2-with-andrew-ti,rumblies,1
popeyes-louisiana-kitchen-2-with-andrew-ti,heat seeker,1
popeyes-louisiana-kitchen-3-with-phil-rosenthal,wow,60
popeyes-louisiana-kitchen-3-with-phil-rosenthal,spoonman,3
popeyes-louisiana-kitchen-3-with-phil-rosenthal,golden plate club,1
popeyes-louisiana-kitchen-3-with-phil-rosenthal,platinum plate club,5
popeyes-louisiana-kitchen-3-with-phil-rosenthal,oh my god,6
popeyes-louisiana-kitchen-3-with-phil-rosenthal,howdy ho,2
popeyes-louisiana-kitchen-3-with-phil-rosenthal,spoon nation,1
popeyes-louisiana-kitchen-3-with-phil-rosenthal,wally and irma,1
popeyes-louisiana-kitchen-3-with-phil-rosenthal,hat on a hat,1
popeyes-louisiana-kitchen-3-with-phil-rosenthal,ungapatchka,11
popeyes-louisiana-kitchen-with-lesley-arfin,wow,6
popeyes-louisiana-kitchen-with-lesley-arfin,spoonman,6
popeyes-louisiana-kitchen-with-lesley-arfin,oh my god,9
popeyes-louisiana-kitchen-with-lesley-arfin,jesus christ,1
popeyes-louisiana-kitchen-with-lesley-arfin,blah blah blah,1
popeyes-louisiana-kitchen-with-lesley-arfin,spoon nation,1
popeyes-louisiana-kitchen-with-lesley-arfin,rumblies,5
popeyes-louisiana-kitchen-with-lesley-arfin,heat seeker,1
popeyes-louisiana-kitchen-with-lesley-arfin,spoiler alert,3
popeyes-wings-with-david-brown-jon-mackey,wow,66
popeyes-wings-with-david-brown-jon-mackey,spoonman,8
popeyes-wings-with-david-brown-jon-mackey,golden plate club,3
popeyes-wings-with-david-brown-jon-mackey,platinum plate club,1
popeyes-wings-with-david-brown-jon-mackey,munch madness,1
popeyes-wings-with-david-brown-jon-mackey,oh my god,9
popeyes-wings-with-david-brown-jon-mackey,jesus christ,2
popeyes-wings-with-david-brown-jon-mackey,birdfuck,1
popeyes-wings-with-david-brown-jon-mackey,wally and irma,1
popeyes-wings-with-david-brown-jon-mackey,ungapatchka,2
poquito-mas-with-dan-goor,wow,39
poquito-mas-with-dan-goor,spoonman,2
poquito-mas-with-dan-goor,golden plate club,4
poquito-mas-with-dan-goor,platinum plate club,1
poquito-mas-with-dan-goor,oh my god,10
poquito-mas-with-dan-goor,jesus christ,5
poquito-mas-with-dan-goor,for god's sake,1
poquito-mas-with-dan-goor,spoon nation,2
poquito-mas-with-dan-goor,rumblies,3
poquito-mas-with-dan-goor,heat seeker,2
poquito-mas-with-dan-goor,hand holding club,1
portillos-with-jon-gabrus-christine-nangle-live,wow,20
portillos-with-jon-gabrus-christine-nangle-live,spoonman,6
portillos-with-jon-gabrus-christine-nangle-live,golden plate club,1
portillos-with-jon-gabrus-christine-nangle-live,snack or wack,1
portillos-with-jon-gabrus-christine-nangle-live,oh my god,6
portillos-with-jon-gabrus-christine-nangle-live,jesus christ,5
portillos-with-jon-gabrus-christine-nangle-live,for god's sake,1
portillos-with-jon-gabrus-christine-nangle-live,blah blah blah,1
portillos-with-jon-gabrus-christine-nangle-live,spoon nation,1
portillos-with-jon-gabrus-christine-nangle-live,heat seeker,2
potbelly-sandwich-shop-with-colt-cabana,wow,71
potbelly-sandwich-shop-with-colt-cabana,spoonman,2
potbelly-sandwich-shop-with-colt-cabana,golden plate club,6
potbelly-sandwich-shop-with-colt-cabana,platinum plate club,1
potbelly-sandwich-shop-with-colt-cabana,oh my god,1
potbelly-sandwich-shop-with-colt-cabana,for god's sake,2
potbelly-sandwich-shop-with-colt-cabana,spoon nation,1
potbelly-sandwich-shop-with-colt-cabana,heat seeker,1
potbelly-sandwich-shop-with-colt-cabana,wally and irma,1
potbelly-sandwich-shop-with-colt-cabana,hand holding club,1
potbelly-sandwich-shop-with-colt-cabana,ungapatchka,3
pressed-with-arden-myrin,wow,37
pressed-with-arden-myrin,spoonman,3
pressed-with-arden-myrin,golden plate club,6
pressed-with-arden-myrin,platinum plate club,2
pressed-with-arden-myrin,snack or wack,1
pressed-with-arden-myrin,munch madness,1
pressed-with-arden-myrin,oh my god,8
pressed-with-arden-myrin,jesus christ,3
pressed-with-arden-myrin,for god's sake,1
pressed-with-arden-myrin,spoon nation,1
pret-a-manger-with-charlotte-mcdonnell-and-libby-watson,wow,73
pret-a-manger-with-charlotte-mcdonnell-and-libby-watson,spoonman,7
pret-a-manger-with-charlotte-mcdonnell-and-libby-watson,golden plate club,1
pret-a-manger-with-charlotte-mcdonnell-and-libby-watson,oh my god,11
pret-a-manger-with-charlotte-mcdonnell-and-libby-watson,jesus christ,2
pret-a-manger-with-charlotte-mcdonnell-and-libby-watson,birdfuck,2
pret-a-manger-with-charlotte-mcdonnell-and-libby-watson,heat seeker,1
qdoba-with-jamelle-bouie,wow,41
qdoba-with-jamelle-bouie,spoonman,1
qdoba-with-jamelle-bouie,golden plate club,2
qdoba-with-jamelle-bouie,platinum plate club,1
qdoba-with-jamelle-bouie,snack or wack,1
qdoba-with-jamelle-bouie,oh my god,3
qdoba-with-jamelle-bouie,jesus christ,1
qdoba-with-jamelle-bouie,spoon nation,1
qdoba-with-jamelle-bouie,heat seeker,1
qdoba-with-jamelle-bouie,wally and irma,2
quiznos-with-haley-joel-osment,wow,17
quiznos-with-haley-joel-osment,golden plate club,2
quiznos-with-haley-joel-osment,snack or wack,4
quiznos-with-haley-joel-osment,oh my god,3
qwench-juice-bar-with-eliza-skinner,wow,35
qwench-juice-bar-with-eliza-skinner,spoonman,4
qwench-juice-bar-with-eliza-skinner,golden plate club,1
qwench-juice-bar-with-eliza-skinner,platinum plate club,1
qwench-juice-bar-with-eliza-skinner,oh my god,2
qwench-juice-bar-with-eliza-skinner,jesus christ,3
qwench-juice-bar-with-eliza-skinner,birdfuck,1
qwench-juice-bar-with-eliza-skinner,wally and irma,1
qwench-juice-bar-with-eliza-skinner,hand holding club,1
raising-canes-chicken-fingers-2-with-john-early,this show sucks,1
raising-canes-chicken-fingers-2-with-john-early,wow,39
raising-canes-chicken-fingers-2-with-john-early,spoonman,1
raising-canes-chicken-fingers-2-with-john-early,golden plate club,6
raising-canes-chicken-fingers-2-with-john-early,platinum plate club,1
raising-canes-chicken-fingers-2-with-john-early,munch madness,1
raising-canes-chicken-fingers-2-with-john-early,oh my god,9
raising-canes-chicken-fingers-2-with-john-early,jesus christ,5
raising-canes-chicken-fingers-2-with-john-early,for god's sake,1
raising-canes-chicken-fingers-2-with-john-early,spoon nation,1
raising-canes-chicken-fingers-2-with-john-early,heat seeker,2
raising-canes-chicken-fingers-2-with-john-early,wally and irma,1
raising-canes-chicken-fingers-with-matt-selman,wow,35
raising-canes-chicken-fingers-with-matt-selman,spoonman,2
raising-canes-chicken-fingers-with-matt-selman,golden plate club,2
raising-canes-chicken-fingers-with-matt-selman,platinum plate club,1
raising-canes-chicken-fingers-with-matt-selman,munch madness,2
raising-canes-chicken-fingers-with-matt-selman,oh my god,9
raising-canes-chicken-fingers-with-matt-selman,jesus christ,2
raising-canes-chicken-fingers-with-matt-selman,for god's sake,1
raising-canes-chicken-fingers-with-matt-selman,heat seeker,1
randys-donuts-with-gareth-reynolds,wow,50
randys-donuts-with-gareth-reynolds,spoonman,2
randys-donuts-with-gareth-reynolds,golden plate club,5
randys-donuts-with-gareth-reynolds,oh my god,13
randys-donuts-with-gareth-reynolds,jesus christ,5
randys-donuts-with-gareth-reynolds,spoon nation,1
randys-donuts-with-gareth-reynolds,birdfuck,1
randys-donuts-with-gareth-reynolds,heat seeker,1
randys-donuts-with-gareth-reynolds,wally and irma,6
randys-donuts-with-gareth-reynolds,simulacrum,1
randys-donuts-with-gareth-reynolds,hat on a hat,1
randys-donuts-with-gareth-reynolds,ungapatchka,1
red-robin-with-darcy-carden,wow,13
red-robin-with-darcy-carden,spoonman,8
red-robin-with-darcy-carden,snack or wack,2
red-robin-with-darcy-carden,oh my god,7
red-robin-with-darcy-carden,jesus christ,3
red-robin-with-darcy-carden,for god's sake,1
red-robin-with-darcy-carden,spoon nation,5
red-robin-with-darcy-carden,rumblies,1
red-robin-with-darcy-carden,wally and irma,1
regina-pizzeria-with-john-hodgman-nicole-byer-live,wow,61
regina-pizzeria-with-john-hodgman-nicole-byer-live,spoonman,1
regina-pizzeria-with-john-hodgman-nicole-byer-live,platinum plate club,2
regina-pizzeria-with-john-hodgman-nicole-byer-live,snack or wack,1
regina-pizzeria-with-john-hodgman-nicole-byer-live,oh my god,6
regina-pizzeria-with-john-hodgman-nicole-byer-live,jesus christ,4
regina-pizzeria-with-john-hodgman-nicole-byer-live,spoon nation,3
ricks-drive-in-out-with-ashley-ray,wow,51
ricks-drive-in-out-with-ashley-ray,spoonman,2
ricks-drive-in-out-with-ashley-ray,golden plate club,3
ricks-drive-in-out-with-ashley-ray,platinum plate club,1
ricks-drive-in-out-with-ashley-ray,oh my god,9
ricks-drive-in-out-with-ashley-ray,jesus christ,2
ricks-drive-in-out-with-ashley-ray,for god's sake,2
ricks-drive-in-out-with-ashley-ray,howdy ho,1
ricks-drive-in-out-with-ashley-ray,birdfuck,4
ricks-drive-in-out-with-ashley-ray,wally and irma,1
ritas-italian-ice-with-carl-tart-christine-nangle-live,wow,46
ritas-italian-ice-with-carl-tart-christine-nangle-live,spoonman,1
ritas-italian-ice-with-carl-tart-christine-nangle-live,snack or wack,2
ritas-italian-ice-with-carl-tart-christine-nangle-live,oh my god,5
ritas-italian-ice-with-carl-tart-christine-nangle-live,jesus christ,6
ritas-italian-ice-with-carl-tart-christine-nangle-live,spoon nation,1
ritas-italian-ice-with-carl-tart-christine-nangle-live,heat seeker,1
robeks-with-ben-rodgers,wow,14
robeks-with-ben-rodgers,spoonman,1
robeks-with-ben-rodgers,platinum plate club,1
robeks-with-ben-rodgers,oh my god,7
robeks-with-ben-rodgers,jesus christ,2
robeks-with-ben-rodgers,heat seeker,2
robeks-with-ben-rodgers,hat on a hat,1
rockaroundtheclockdoughberfest-7-eleven-2-with-jason-woliner,wow,36
rockaroundtheclockdoughberfest-7-eleven-2-with-jason-woliner,spoonman,1
rockaroundtheclockdoughberfest-7-eleven-2-with-jason-woliner,golden plate club,1
rockaroundtheclockdoughberfest-7-eleven-2-with-jason-woliner,platinum plate club,1
rockaroundtheclockdoughberfest-7-eleven-2-with-jason-woliner,oh my god,2
rockaroundtheclockdoughberfest-7-eleven-2-with-jason-woliner,for god's sake,2
rockaroundtheclockdoughberfest-7-eleven-2-with-jason-woliner,spoon nation,1
rockaroundtheclockdoughberfest-7-eleven-2-with-jason-woliner,wally and irma,2
rockaroundtheclockdoughberfest-ampm-with-sierra-katow,wow,68
rockaroundtheclockdoughberfest-ampm-with-sierra-katow,spoonman,3
rockaroundtheclockdoughberfest-ampm-with-sierra-katow,oh my god,2
rockaroundtheclockdoughberfest-ampm-with-sierra-katow,jesus christ,2
rockaroundtheclockdoughberfest-ampm-with-sierra-katow,heat seeker,1
rockaroundtheclockdoughberfest-ampm-with-sierra-katow,wally and irma,2
rockaroundtheclockdoughberfest-dennys-3-with-shaun-diston,wow,61
rockaroundtheclockdoughberfest-dennys-3-with-shaun-diston,spoonman,3
rockaroundtheclockdoughberfest-dennys-3-with-shaun-diston,platinum plate club,1
rockaroundtheclockdoughberfest-dennys-3-with-shaun-diston,oh my god,2
rockaroundtheclockdoughberfest-dennys-3-with-shaun-diston,jesus christ,1
rockaroundtheclockdoughberfest-dennys-3-with-shaun-diston,for god's sake,1
rockaroundtheclockdoughberfest-dennys-3-with-shaun-diston,hand holding club,1
rockaroundtheclockdoughberfest-dunkin-2-with-mookie-blaiklock,wow,77
rockaroundtheclockdoughberfest-dunkin-2-with-mookie-blaiklock,spoonman,3
rockaroundtheclockdoughberfest-dunkin-2-with-mookie-blaiklock,golden plate club,3
rockaroundtheclockdoughberfest-dunkin-2-with-mookie-blaiklock,platinum plate club,1
rockaroundtheclockdoughberfest-dunkin-2-with-mookie-blaiklock,oh my god,6
rockaroundtheclockdoughberfest-dunkin-2-with-mookie-blaiklock,for god's sake,1
rockaroundtheclockdoughberfest-dunkin-2-with-mookie-blaiklock,heat seeker,1
rockaroundtheclockdoughberfest-dunkin-2-with-mookie-blaiklock,hat on a hat,6
rockaroundtheclockdoughberfest-ihop-4-with-dan-ahdoot,wow,40
rockaroundtheclockdoughberfest-ihop-4-with-dan-ahdoot,spoonman,3
rockaroundtheclockdoughberfest-ihop-4-with-dan-ahdoot,oh my god,2
rockaroundtheclockdoughberfest-ihop-4-with-dan-ahdoot,for god's sake,1
rockaroundtheclockdoughberfest-ihop-4-with-dan-ahdoot,spoon nation,1
rockaroundtheclockdoughberfest-ihop-4-with-dan-ahdoot,heat seeker,1
rockdoughberfest-cabo-wabo-cantina-with-julie-brister,wow,15
rockdoughberfest-cabo-wabo-cantina-with-julie-brister,spoonman,9
rockdoughberfest-cabo-wabo-cantina-with-julie-brister,golden plate club,5
rockdoughberfest-cabo-wabo-cantina-with-julie-brister,oh my god,3
rockdoughberfest-cabo-wabo-cantina-with-julie-brister,spoon nation,5
rockdoughberfest-hard-rock-cafe-with-scott-gairdner,wow,7
rockdoughberfest-hard-rock-cafe-with-scott-gairdner,spoonman,3
rockdoughberfest-hard-rock-cafe-with-scott-gairdner,oh my god,3
rockdoughberfest-hard-rock-cafe-with-scott-gairdner,for god's sake,1
rockdoughberfest-hard-rock-cafe-with-scott-gairdner,spoon nation,6
rockdoughberfest-margaritaville-with-mike-carlson,wow,9
rockdoughberfest-margaritaville-with-mike-carlson,spoonman,4
rockdoughberfest-margaritaville-with-mike-carlson,oh my god,7
rockdoughberfest-margaritaville-with-mike-carlson,jesus christ,3
rockdoughberfest-margaritaville-with-mike-carlson,for god's sake,1
rockdoughberfest-margaritaville-with-mike-carlson,blah blah blah,2
rockdoughberfest-margaritaville-with-mike-carlson,howdy ho,3
rockdoughberfest-margaritaville-with-mike-carlson,spoon nation,8
rockdoughberfest-margaritaville-with-mike-carlson,spoiler alert,1
rockdoughberfest-rock-brews-with-zoe-jarman,wow,6
rockdoughberfest-rock-brews-with-zoe-jarman,spoonman,3
rockdoughberfest-rock-brews-with-zoe-jarman,oh my god,8
rockdoughberfest-rock-brews-with-zoe-jarman,jesus christ,1
rockdoughberfest-rock-brews-with-zoe-jarman,for god's sake,1
rockdoughberfest-rock-brews-with-zoe-jarman,spoon nation,1
rockdoughberfest-rock-brews-with-zoe-jarman,hand holding club,1
rocklobsterfest-red-lobster-1-with-jessica-mckenna,wow,3
rocklobsterfest-red-lobster-1-with-jessica-mckenna,spoonman,18
rocklobsterfest-red-lobster-1-with-jessica-mckenna,munch madness,2
rocklobsterfest-red-lobster-1-with-jessica-mckenna,oh my god,6
rocklobsterfest-red-lobster-1-with-jessica-mckenna,jesus christ,3
rocklobsterfest-red-lobster-1-with-jessica-mckenna,for god's sake,2
rocklobsterfest-red-lobster-1-with-jessica-mckenna,spoon nation,4
rocklobsterfest-red-lobster-1-with-jessica-mckenna,hand holding club,1
rocklobsterfest-red-lobster-1-with-jessica-mckenna,hat on a hat,1
rocklobsterfest-red-lobster-2-with-ross-kimball,wow,11
rocklobsterfest-red-lobster-2-with-ross-kimball,spoonman,7
rocklobsterfest-red-lobster-2-with-ross-kimball,oh my god,9
rocklobsterfest-red-lobster-2-with-ross-kimball,jesus christ,2
rocklobsterfest-red-lobster-2-with-ross-kimball,spoon nation,1
rocklobsterfest-red-lobster-2-with-ross-kimball,rumblies,2
rocklobsterfest-red-lobster-3-with-nicole-byer,wow,5
rocklobsterfest-red-lobster-3-with-nicole-byer,spoonman,4
rocklobsterfest-red-lobster-3-with-nicole-byer,golden plate club,1
rocklobsterfest-red-lobster-3-with-nicole-byer,oh my god,7
rocklobsterfest-red-lobster-3-with-nicole-byer,jesus christ,4
rocklobsterfest-red-lobster-3-with-nicole-byer,howdy ho,1
rocklobsterfest-red-lobster-3-with-nicole-byer,spoon nation,1
rocklobsterfest-red-lobster-3-with-nicole-byer,rumblies,2
rocklobsterfest-red-lobster-3-with-nicole-byer,wally and irma,1
rocklobsterfest-red-lobster-3-with-nicole-byer,spoiler alert,1
rocklobsterfest-red-lobster-4-with-sean-clements-hayes-davenport,wow,9
rocklobsterfest-red-lobster-4-with-sean-clements-hayes-davenport,spoonman,1
rocklobsterfest-red-lobster-4-with-sean-clements-hayes-davenport,golden plate club,1
rocklobsterfest-red-lobster-4-with-sean-clements-hayes-davenport,oh my god,6
rocklobsterfest-red-lobster-4-with-sean-clements-hayes-davenport,howdy ho,7
rocklobsterfest-red-lobster-4-with-sean-clements-hayes-davenport,spoon nation,1
rogueboys-rogue-one-with-drew-mcweeny,wow,3
rogueboys-rogue-one-with-drew-mcweeny,spoonman,2
rogueboys-rogue-one-with-drew-mcweeny,oh my god,1
roscoes-house-of-chicken-and-waffles-with-carl-tart,wow,23
roscoes-house-of-chicken-and-waffles-with-carl-tart,spoonman,2
roscoes-house-of-chicken-and-waffles-with-carl-tart,platinum plate club,1
roscoes-house-of-chicken-and-waffles-with-carl-tart,oh my god,3
roscoes-house-of-chicken-and-waffles-with-carl-tart,jesus christ,3
roscoes-house-of-chicken-and-waffles-with-carl-tart,for god's sake,1
roscoes-house-of-chicken-and-waffles-with-carl-tart,spoon nation,1
roscoes-house-of-chicken-and-waffles-with-carl-tart,wally and irma,1
rubios-with-mary-holland-live,wow,24
rubios-with-mary-holland-live,spoonman,4
rubios-with-mary-holland-live,golden plate club,1
rubios-with-mary-holland-live,oh my god,11
rubios-with-mary-holland-live,jesus christ,3
rubios-with-mary-holland-live,for god's sake,1
rubios-with-mary-holland-live,spoon nation,1
rubios-with-mary-holland-live,heat seeker,2
ruths-chris-steak-house-with-andrew-secunda,wow,5
ruths-chris-steak-house-with-andrew-secunda,spoonman,1
ruths-chris-steak-house-with-andrew-secunda,golden plate club,4
ruths-chris-steak-house-with-andrew-secunda,oh my god,5
ruths-chris-steak-house-with-andrew-secunda,jesus christ,1
ruths-chris-steak-house-with-andrew-secunda,for god's sake,1
salt-straw-2-with-saylor-curda-and-tiana-okoye,wow,62
salt-straw-2-with-saylor-curda-and-tiana-okoye,spoonman,2
salt-straw-2-with-saylor-curda-and-tiana-okoye,golden plate club,4
salt-straw-2-with-saylor-curda-and-tiana-okoye,snack or wack,2
salt-straw-2-with-saylor-curda-and-tiana-okoye,oh my god,18
salt-straw-2-with-saylor-curda-and-tiana-okoye,jesus christ,5
salt-straw-2-with-saylor-curda-and-tiana-okoye,spoon nation,1
salt-straw-2-with-saylor-curda-and-tiana-okoye,birdfuck,2
salt-straw-2-with-saylor-curda-and-tiana-okoye,heat seeker,1
salt-straw-2-with-saylor-curda-and-tiana-okoye,wally and irma,1
salt-straw-2-with-saylor-curda-and-tiana-okoye,simulacrum,1
salt-straw-2-with-saylor-curda-and-tiana-okoye,hat on a hat,1
salt-straw-2-with-saylor-curda-and-tiana-okoye,ungapatchka,1
salt-straw-with-neil-campbell-andy-samberg,wow,33
salt-straw-with-neil-campbell-andy-samberg,spoonman,2
salt-straw-with-neil-campbell-andy-samberg,golden plate club,1
salt-straw-with-neil-campbell-andy-samberg,platinum plate club,1
salt-straw-with-neil-campbell-andy-samberg,oh my god,14
salt-straw-with-neil-campbell-andy-samberg,spoon nation,1
salt-straw-with-neil-campbell-andy-samberg,spoiler alert,1
sbarro-with-griffin-newman,wow,88
sbarro-with-griffin-newman,spoonman,6
sbarro-with-griffin-newman,golden plate club,1
sbarro-with-griffin-newman,munch madness,1
sbarro-with-griffin-newman,oh my god,5
sbarro-with-griffin-newman,jesus christ,1
sbarro-with-griffin-newman,birdfuck,2
sbarro-with-griffin-newman,rumblies,4
sbarro-with-griffin-newman,heat seeker,2
sbarro-with-griffin-newman,hat on a hat,2
sbarro-with-griffin-newman,ungapatchka,3
sees-candies-with-john-hodgman,wow,48
sees-candies-with-john-hodgman,spoonman,5
sees-candies-with-john-hodgman,chompion,1
sees-candies-with-john-hodgman,oh my god,9
sees-candies-with-john-hodgman,spoon nation,1
sees-candies-with-john-hodgman,birdfuck,6
sees-candies-with-john-hodgman,hand holding club,1
shake-shack-2-with-libby-watson,wow,41
shake-shack-2-with-libby-watson,spoonman,5
shake-shack-2-with-libby-watson,golden plate club,2
shake-shack-2-with-libby-watson,platinum plate club,1
shake-shack-2-with-libby-watson,oh my god,12
shake-shack-2-with-libby-watson,blah blah blah,1
shake-shack-2-with-libby-watson,spoon nation,2
shake-shack-2-with-libby-watson,wally and irma,3
shake-shack-2-with-libby-watson,simulacrum,1
shake-shack-2-with-libby-watson,ungapatchka,3
shake-shack-with-jason-concepcion,wow,18
shake-shack-with-jason-concepcion,spoonman,2
shake-shack-with-jason-concepcion,golden plate club,1
shake-shack-with-jason-concepcion,platinum plate club,1
shake-shack-with-jason-concepcion,oh my god,2
shake-shack-with-jason-concepcion,jesus christ,2
shake-shack-with-jason-concepcion,spoon nation,1
shake-shack-with-jason-concepcion,hand holding club,1
shakeys-pizza-with-kyle-mooney,wow,13
shakeys-pizza-with-kyle-mooney,spoonman,2
shakeys-pizza-with-kyle-mooney,oh my god,12
shakeys-pizza-with-kyle-mooney,jesus christ,1
shakeys-pizza-with-kyle-mooney,spoon nation,1
shakeys-pizza-with-kyle-mooney,heat seeker,1
shakeys-pizza-with-kyle-mooney,wally and irma,1
shakeys-pizza-with-kyle-mooney,hand holding club,1
shaq-week-shaquilles-with-josh-weiner,wow,16
shaq-week-shaquilles-with-josh-weiner,spoonman,2
shaq-week-shaquilles-with-josh-weiner,oh my god,4
shaq-week-shaquilles-with-josh-weiner,jesus christ,1
shaq-week-shaquilles-with-josh-weiner,for god's sake,5
shaq-week-shaquilles-with-josh-weiner,blah blah blah,2
shaq-week-shaquilles-with-josh-weiner,spoon nation,3
shaq-week-shaquilles-with-josh-weiner,spoiler alert,1
sharkys-with-erin-mcgathy,wow,10
sharkys-with-erin-mcgathy,spoonman,2
sharkys-with-erin-mcgathy,oh my god,3
sharkys-with-erin-mcgathy,jesus christ,2
sharkys-with-erin-mcgathy,heat seeker,1
sharkys-with-erin-mcgathy,hand holding club,1
shipley-do-nuts-with-jon-gabrus-live,wow,20
shipley-do-nuts-with-jon-gabrus-live,spoonman,1
shipley-do-nuts-with-jon-gabrus-live,golden plate club,8
shipley-do-nuts-with-jon-gabrus-live,oh my god,8
shipley-do-nuts-with-jon-gabrus-live,jesus christ,7
shipley-do-nuts-with-jon-gabrus-live,for god's sake,1
shipley-do-nuts-with-jon-gabrus-live,howdy ho,2
shipley-do-nuts-with-jon-gabrus-live,spoon nation,1
shipley-do-nuts-with-jon-gabrus-live,rumblies,1
shipley-do-nuts-with-jon-gabrus-live,heat seeker,1
shipley-do-nuts-with-jon-gabrus-live,wally and irma,2
shipley-do-nuts-with-jon-gabrus-live,hand holding club,1
shockdoughbooerdeath-lucifers-pizza,wow,29
shockdoughbooerdeath-lucifers-pizza,spoonman,3
shockdoughbooerdeath-lucifers-pizza,golden plate club,1
shockdoughbooerdeath-lucifers-pizza,platinum plate club,1
shockdoughbooerdeath-lucifers-pizza,oh my god,10
shockdoughbooerdeath-lucifers-pizza,jesus christ,5
shockdoughbooerdeath-lucifers-pizza,howdy ho,2
shockdoughbooerdeath-lucifers-pizza,spoon nation,1
shockdoughbooerdeath-lucifers-pizza,heat seeker,2
shockdoughbooerdeath-voodoo-doughnut-with-oscar-montoya,wow,35
shockdoughbooerdeath-voodoo-doughnut-with-oscar-montoya,golden plate club,1
shockdoughbooerdeath-voodoo-doughnut-with-oscar-montoya,platinum plate club,3
shockdoughbooerdeath-voodoo-doughnut-with-oscar-montoya,oh my god,27
shockdoughbooerdeath-voodoo-doughnut-with-oscar-montoya,blah blah blah,1
shockdoughbooerdeath-zankou-chicken-with-jason-mantzoukas,wow,54
shockdoughbooerdeath-zankou-chicken-with-jason-mantzoukas,golden plate club,1
shockdoughbooerdeath-zankou-chicken-with-jason-mantzoukas,platinum plate club,3
shockdoughbooerdeath-zankou-chicken-with-jason-mantzoukas,oh my god,14
shockdoughbooerdeath-zankou-chicken-with-jason-mantzoukas,jesus christ,3
shockdoughbooerdeath-zankou-chicken-with-jason-mantzoukas,howdy ho,3
shockdoughbooerdeath-zankou-chicken-with-jason-mantzoukas,spoon nation,1
shockdoughbooerdeath-zankou-chicken-with-jason-mantzoukas,birdfuck,3
shockdoughbooerdeath-zankou-chicken-with-jason-mantzoukas,hand holding club,1
sidecar-doughnuts-with-david-wain,wow,48
sidecar-doughnuts-with-david-wain,spoonman,3
sidecar-doughnuts-with-david-wain,golden plate club,1
sidecar-doughnuts-with-david-wain,platinum plate club,1
sidecar-doughnuts-with-david-wain,oh my god,4
sidecar-doughnuts-with-david-wain,jesus christ,1
sidecar-doughnuts-with-david-wain,spoon nation,1
sidecar-doughnuts-with-david-wain,wally and irma,2
silverlake-ramen-with-sierra-katow,wow,44
silverlake-ramen-with-sierra-katow,spoonman,6
silverlake-ramen-with-sierra-katow,golden plate club,2
silverlake-ramen-with-sierra-katow,oh my god,4
silverlake-ramen-with-sierra-katow,jesus christ,3
silverlake-ramen-with-sierra-katow,birdfuck,1
silverlake-ramen-with-sierra-katow,rumblies,1
silverlake-ramen-with-sierra-katow,heat seeker,1
silverlake-ramen-with-sierra-katow,wally and irma,2
silverlake-ramen-with-sierra-katow,hand holding club,1
silverlake-ramen-with-sierra-katow,hat on a hat,1
sizzle-pie-with-bill-oakley-live,this show sucks,2
sizzle-pie-with-bill-oakley-live,wow,23
sizzle-pie-with-bill-oakley-live,spoonman,2
sizzle-pie-with-bill-oakley-live,golden plate club,1
sizzle-pie-with-bill-oakley-live,oh my god,7
sizzle-pie-with-bill-oakley-live,jesus christ,1
sizzle-pie-with-bill-oakley-live,for god's sake,1
sizzle-pie-with-bill-oakley-live,spoon nation,2
sizzle-pie-with-bill-oakley-live,heat seeker,2
sizzle-pie-with-bill-oakley-live,hand holding club,1
sizzler-with-marisa-pinson,wow,15
sizzler-with-marisa-pinson,spoonman,1
sizzler-with-marisa-pinson,golden plate club,1
sizzler-with-marisa-pinson,snack or wack,2
sizzler-with-marisa-pinson,oh my god,10
sizzler-with-marisa-pinson,for god's sake,1
sizzler-with-marisa-pinson,spoon nation,1
sizzler-with-marisa-pinson,spoiler alert,2
smashburger-with-carlos-santos,wow,41
smashburger-with-carlos-santos,spoonman,4
smashburger-with-carlos-santos,golden plate club,1
smashburger-with-carlos-santos,platinum plate club,2
smashburger-with-carlos-santos,snack or wack,1
smashburger-with-carlos-santos,oh my god,8
smashburger-with-carlos-santos,jesus christ,1
smashburger-with-carlos-santos,heat seeker,2
smashburger-with-carlos-santos,wally and irma,1
smashburger-with-carlos-santos,simulacrum,1
smokes-poutinerie-with-alana-johnston-live,wow,23
smokes-poutinerie-with-alana-johnston-live,spoonman,3
smokes-poutinerie-with-alana-johnston-live,golden plate club,2
smokes-poutinerie-with-alana-johnston-live,snack or wack,1
smokes-poutinerie-with-alana-johnston-live,oh my god,16
smokes-poutinerie-with-alana-johnston-live,jesus christ,1
smokes-poutinerie-with-alana-johnston-live,for god's sake,2
smokes-poutinerie-with-alana-johnston-live,spoon nation,1
smokes-poutinerie-with-alana-johnston-live,rumblies,2
smokes-poutinerie-with-alana-johnston-live,heat seeker,1
smokes-poutinerie-with-alana-johnston-live,wally and irma,1
sombrero-with-neil-campbell-and-fran-gillespie-live,wow,47
sombrero-with-neil-campbell-and-fran-gillespie-live,spoonman,5
sombrero-with-neil-campbell-and-fran-gillespie-live,golden plate club,1
sombrero-with-neil-campbell-and-fran-gillespie-live,oh my god,23
sombrero-with-neil-campbell-and-fran-gillespie-live,jesus christ,5
souplantationsweet-tomatoes-with-kelly-nugent-and-lindsay-katai,wow,24
souplantationsweet-tomatoes-with-kelly-nugent-and-lindsay-katai,golden plate club,4
souplantationsweet-tomatoes-with-kelly-nugent-and-lindsay-katai,oh my god,21
souplantationsweet-tomatoes-with-kelly-nugent-and-lindsay-katai,blah blah blah,2
souplantationsweet-tomatoes-with-kelly-nugent-and-lindsay-katai,howdy ho,1
spitz-with-john-hodgman,wow,55
spitz-with-john-hodgman,spoonman,3
spitz-with-john-hodgman,golden plate club,1
spitz-with-john-hodgman,platinum plate club,1
spitz-with-john-hodgman,snack or wack,1
spitz-with-john-hodgman,munch madness,2
spitz-with-john-hodgman,oh my god,7
spitz-with-john-hodgman,jesus christ,1
spitz-with-john-hodgman,spoon nation,1
spitz-with-john-hodgman,wally and irma,3
spitz-with-john-hodgman,hand holding club,1
starbucks-reserve-with-jessica-chaffin,wow,14
starbucks-reserve-with-jessica-chaffin,spoonman,4
starbucks-reserve-with-jessica-chaffin,oh my god,8
starbucks-reserve-with-jessica-chaffin,jesus christ,3
starbucks-reserve-with-jessica-chaffin,spoon nation,1
starbucks-reserve-with-jessica-chaffin,wally and irma,1
starbucks-with-joe-saunders,wow,8
starbucks-with-joe-saunders,spoonman,6
starbucks-with-joe-saunders,snack or wack,4
starbucks-with-joe-saunders,oh my god,6
starbucks-with-joe-saunders,jesus christ,1
starbucks-with-joe-saunders,howdy ho,1
starbucks-with-joe-saunders,spoon nation,6
steak-n-shake-2-with-evan-susser,wow,11
steak-n-shake-2-with-evan-susser,spoonman,13
steak-n-shake-2-with-evan-susser,platinum plate club,4
steak-n-shake-2-with-evan-susser,snack or wack,6
steak-n-shake-2-with-evan-susser,oh my god,3
steak-n-shake-2-with-evan-susser,jesus christ,6
steak-n-shake-2-with-evan-susser,for god's sake,2
steak-n-shake-2-with-evan-susser,howdy ho,1
steak-n-shake-2-with-evan-susser,spoon nation,5
steak-n-shake-2-with-evan-susser,hand holding club,3
steak-n-shake-3-with-evan-susser,wow,9
steak-n-shake-3-with-evan-susser,spoonman,3
steak-n-shake-3-with-evan-susser,platinum plate club,2
steak-n-shake-3-with-evan-susser,munch madness,4
steak-n-shake-3-with-evan-susser,oh my god,10
steak-n-shake-3-with-evan-susser,jesus christ,3
steak-n-shake-3-with-evan-susser,for god's sake,4
steak-n-shake-3-with-evan-susser,spoon nation,1
steak-n-shake-3-with-evan-susser,wally and irma,1
steak-n-shake-4-with-evan-susser,wow,31
steak-n-shake-4-with-evan-susser,spoonman,1
steak-n-shake-4-with-evan-susser,golden plate club,5
steak-n-shake-4-with-evan-susser,snack or wack,1
steak-n-shake-4-with-evan-susser,oh my god,4
steak-n-shake-4-with-evan-susser,jesus christ,2
steak-n-shake-4-with-evan-susser,for god's sake,1
steak-n-shake-4-with-evan-susser,spoon nation,4
steak-n-shake-4-with-evan-susser,hand holding club,2
steak-n-shake-5-with-evan-susser,wow,61
steak-n-shake-5-with-evan-susser,spoonman,1
steak-n-shake-5-with-evan-susser,munch madness,2
steak-n-shake-5-with-evan-susser,chompion,2
steak-n-shake-5-with-evan-susser,oh my god,1
steak-n-shake-5-with-evan-susser,jesus christ,9
steak-n-shake-5-with-evan-susser,for god's sake,1
steak-n-shake-5-with-evan-susser,spoon nation,1
steak-n-shake-6-montys-good-burger-with-evan-susser,wow,75
steak-n-shake-6-montys-good-burger-with-evan-susser,spoonman,6
steak-n-shake-6-montys-good-burger-with-evan-susser,platinum plate club,2
steak-n-shake-6-montys-good-burger-with-evan-susser,oh my god,4
steak-n-shake-6-montys-good-burger-with-evan-susser,jesus christ,1
steak-n-shake-6-montys-good-burger-with-evan-susser,spoon nation,1
steak-n-shake-6-montys-good-burger-with-evan-susser,heat seeker,1
steak-n-shake-6-montys-good-burger-with-evan-susser,simulacrum,3
steak-n-shake-7-shake-shack-3-with-evan-susser,wow,35
steak-n-shake-7-shake-shack-3-with-evan-susser,spoonman,3
steak-n-shake-7-shake-shack-3-with-evan-susser,golden plate club,3
steak-n-shake-7-shake-shack-3-with-evan-susser,platinum plate club,1
steak-n-shake-7-shake-shack-3-with-evan-susser,munch madness,3
steak-n-shake-7-shake-shack-3-with-evan-susser,oh my god,5
steak-n-shake-7-shake-shack-3-with-evan-susser,jesus christ,7
steak-n-shake-7-shake-shack-3-with-evan-susser,spoon nation,3
steak-n-shake-7-shake-shack-3-with-evan-susser,heat seeker,1
steak-n-shake-7-shake-shack-3-with-evan-susser,wally and irma,2
steak-n-shake-8-the-musso-frank-grill-with-evan-susser,this show sucks,2
steak-n-shake-8-the-musso-frank-grill-with-evan-susser,wow,46
steak-n-shake-8-the-musso-frank-grill-with-evan-susser,spoonman,1
steak-n-shake-8-the-musso-frank-grill-with-evan-susser,oh my god,10
steak-n-shake-8-the-musso-frank-grill-with-evan-susser,jesus christ,6
steak-n-shake-8-the-musso-frank-grill-with-evan-susser,for god's sake,1
steak-n-shake-8-the-musso-frank-grill-with-evan-susser,blah blah blah,1
steak-n-shake-8-the-musso-frank-grill-with-evan-susser,howdy ho,1
steak-n-shake-8-the-musso-frank-grill-with-evan-susser,spoon nation,1
steak-n-shake-8-the-musso-frank-grill-with-evan-susser,ungapatchka,2
steak-n-shake-9-slice-house-with-evan-susser-live,wow,100
steak-n-shake-9-slice-house-with-evan-susser-live,spoonman,18
steak-n-shake-9-slice-house-with-evan-susser-live,golden plate club,2
steak-n-shake-9-slice-house-with-evan-susser-live,snack or wack,3
steak-n-shake-9-slice-house-with-evan-susser-live,munch madness,2
steak-n-shake-9-slice-house-with-evan-susser-live,oh my god,8
steak-n-shake-9-slice-house-with-evan-susser-live,jesus christ,4
steak-n-shake-9-slice-house-with-evan-susser-live,birdfuck,2
steak-n-shake-9-slice-house-with-evan-susser-live,wally and irma,1
steak-n-shake-with-evan-susser,wow,15
steak-n-shake-with-evan-susser,spoonman,12
steak-n-shake-with-evan-susser,golden plate club,4
steak-n-shake-with-evan-susser,platinum plate club,2
steak-n-shake-with-evan-susser,oh my god,4
steak-n-shake-with-evan-susser,jesus christ,1
steak-n-shake-with-evan-susser,howdy ho,4
steak-n-shake-with-evan-susser,spoon nation,5
subway-2-with-rj-fried,wow,34
subway-2-with-rj-fried,spoonman,1
subway-2-with-rj-fried,platinum plate club,1
subway-2-with-rj-fried,snack or wack,3
subway-2-with-rj-fried,oh my god,1
subway-2-with-rj-fried,jesus christ,3
subway-2-with-rj-fried,for god's sake,1
subway-2-with-rj-fried,rumblies,1
subway-2-with-rj-fried,heat seeker,1
subway-3-with-sean-clements-hayes-davenport,wow,42
subway-3-with-sean-clements-hayes-davenport,spoonman,5
subway-3-with-sean-clements-hayes-davenport,golden plate club,1
subway-3-with-sean-clements-hayes-davenport,platinum plate club,3
subway-3-with-sean-clements-hayes-davenport,oh my god,3
subway-3-with-sean-clements-hayes-davenport,jesus christ,1
subway-3-with-sean-clements-hayes-davenport,spoon nation,1
subway-3-with-sean-clements-hayes-davenport,heat seeker,1
subway-4-with-andre-hyland,this show sucks,2
subway-4-with-andre-hyland,wow,25
subway-4-with-andre-hyland,spoonman,2
subway-4-with-andre-hyland,munch madness,2
subway-4-with-andre-hyland,chompion,1
subway-4-with-andre-hyland,oh my god,7
subway-4-with-andre-hyland,birdfuck,2
subway-4-with-andre-hyland,rumblies,2
subway-4-with-andre-hyland,wally and irma,1
subway-4-with-andre-hyland,spoiler alert,2
subway-5-doritos-footlong-nachos-with-toni-charline-ramos,this show sucks,2
subway-5-doritos-footlong-nachos-with-toni-charline-ramos,wow,82
subway-5-doritos-footlong-nachos-with-toni-charline-ramos,spoonman,1
subway-5-doritos-footlong-nachos-with-toni-charline-ramos,broken plate club,1
subway-5-doritos-footlong-nachos-with-toni-charline-ramos,snack or wack,1
subway-5-doritos-footlong-nachos-with-toni-charline-ramos,oh my god,22
subway-5-doritos-footlong-nachos-with-toni-charline-ramos,jesus christ,6
subway-5-doritos-footlong-nachos-with-toni-charline-ramos,birdfuck,10
subway-5-doritos-footlong-nachos-with-toni-charline-ramos,heat seeker,2
subway-5-doritos-footlong-nachos-with-toni-charline-ramos,wally and irma,1
subway-5-doritos-footlong-nachos-with-toni-charline-ramos,spoiler alert,2
subway-breakfast-with-lily-sullivan,wow,49
subway-breakfast-with-lily-sullivan,spoonman,1
subway-breakfast-with-lily-sullivan,platinum plate club,2
subway-breakfast-with-lily-sullivan,oh my god,11
subway-breakfast-with-lily-sullivan,jesus christ,3
subway-breakfast-with-lily-sullivan,spoiler alert,1
subway-with-fran-gillespie,wow,12
subway-with-fran-gillespie,spoonman,6
subway-with-fran-gillespie,oh my god,24
subway-with-fran-gillespie,jesus christ,3
subway-with-fran-gillespie,for god's sake,1
subway-with-fran-gillespie,spoon nation,3
sugarfish-with-jason-mantzoukas,wow,23
sugarfish-with-jason-mantzoukas,spoonman,3
sugarfish-with-jason-mantzoukas,golden plate club,3
sugarfish-with-jason-mantzoukas,platinum plate club,1
sugarfish-with-jason-mantzoukas,oh my god,6
sugarfish-with-jason-mantzoukas,jesus christ,1
sugarfish-with-jason-mantzoukas,for god's sake,1
sugarfish-with-jason-mantzoukas,blah blah blah,1
sugarfish-with-jason-mantzoukas,spoon nation,1
sugarfish-with-jason-mantzoukas,hand holding club,4
super-duper-burgers-with-eliza-skinner-jordan-morris-live,this show sucks,1
super-duper-burgers-with-eliza-skinner-jordan-morris-live,wow,32
super-duper-burgers-with-eliza-skinner-jordan-morris-live,spoonman,3
super-duper-burgers-with-eliza-skinner-jordan-morris-live,oh my god,5
super-duper-burgers-with-eliza-skinner-jordan-morris-live,jesus christ,1
super-duper-burgers-with-eliza-skinner-jordan-morris-live,spoon nation,2
super-duper-burgers-with-eliza-skinner-jordan-morris-live,heat seeker,1
super-duper-burgers-with-eliza-skinner-jordan-morris-live,hand holding club,1
sushistop-with-alie-ward,this show sucks,1
sushistop-with-alie-ward,wow,32
sushistop-with-alie-ward,spoonman,2
sushistop-with-alie-ward,platinum plate club,1
sushistop-with-alie-ward,oh my god,11
sushistop-with-alie-ward,jesus christ,1
sushistop-with-alie-ward,spoon nation,1
sushistop-with-alie-ward,simulacrum,1
sweet-chick-with-tami-sagher,this show sucks,1
sweet-chick-with-tami-sagher,wow,28
sweet-chick-with-tami-sagher,spoonman,1
sweet-chick-with-tami-sagher,golden plate club,2
sweet-chick-with-tami-sagher,platinum plate club,1
sweet-chick-with-tami-sagher,munch madness,1
sweet-chick-with-tami-sagher,oh my god,3
sweet-chick-with-tami-sagher,jesus christ,1
sweet-chick-with-tami-sagher,spoon nation,2
sweet-chick-with-tami-sagher,heat seeker,1
sweet-chick-with-tami-sagher,wally and irma,1
sweet-chick-with-tami-sagher,spoiler alert,1
sweetfin-poke-with-payman-benz,wow,19
sweetfin-poke-with-payman-benz,spoonman,1
sweetfin-poke-with-payman-benz,golden plate club,4
sweetfin-poke-with-payman-benz,snack or wack,3
sweetfin-poke-with-payman-benz,munch madness,1
sweetfin-poke-with-payman-benz,oh my god,4
sweetfin-poke-with-payman-benz,jesus christ,1
sweetfin-poke-with-payman-benz,for god's sake,1
sweetfin-poke-with-payman-benz,spoon nation,1
sweetfin-poke-with-payman-benz,wally and irma,1
sweetgreen-2-with-emmy-blotnick,wow,16
sweetgreen-2-with-emmy-blotnick,spoonman,2
sweetgreen-2-with-emmy-blotnick,golden plate club,1
sweetgreen-2-with-emmy-blotnick,platinum plate club,1
sweetgreen-2-with-emmy-blotnick,munch madness,1
sweetgreen-2-with-emmy-blotnick,oh my god,10
sweetgreen-2-with-emmy-blotnick,jesus christ,8
sweetgreen-2-with-emmy-blotnick,for god's sake,2
sweetgreen-2-with-emmy-blotnick,ungapatchka,7
sweetgreen-with-siobhan-thompson,wow,16
sweetgreen-with-siobhan-thompson,spoonman,3
sweetgreen-with-siobhan-thompson,golden plate club,1
sweetgreen-with-siobhan-thompson,platinum plate club,1
sweetgreen-with-siobhan-thompson,snack or wack,1
sweetgreen-with-siobhan-thompson,oh my god,6
sweetgreen-with-siobhan-thompson,jesus christ,3
sweetgreen-with-siobhan-thompson,spoon nation,3
sweetgreen-with-siobhan-thompson,hand holding club,2
swensons-with-carl-tart-live,this show sucks,1
swensons-with-carl-tart-live,wow,28
swensons-with-carl-tart-live,spoonman,2
swensons-with-carl-tart-live,platinum plate club,1
swensons-with-carl-tart-live,snack or wack,2
swensons-with-carl-tart-live,oh my god,2
swensons-with-carl-tart-live,for god's sake,1
swensons-with-carl-tart-live,heat seeker,1
taco-bell-2-with-jon-gabrus-live,wow,12
taco-bell-2-with-jon-gabrus-live,spoonman,1
taco-bell-2-with-jon-gabrus-live,platinum plate club,1
taco-bell-2-with-jon-gabrus-live,snack or wack,2
taco-bell-2-with-jon-gabrus-live,oh my god,9
taco-bell-2-with-jon-gabrus-live,jesus christ,4
taco-bell-2-with-jon-gabrus-live,for god's sake,2
taco-bell-2-with-jon-gabrus-live,howdy ho,1
taco-bell-2-with-jon-gabrus-live,spoon nation,1
taco-bell-2-with-jon-gabrus-live,wally and irma,1
taco-bell-2-with-jon-gabrus-live,spoiler alert,1
taco-bell-3-with-bobby-lee,wow,16
taco-bell-3-with-bobby-lee,spoonman,3
taco-bell-3-with-bobby-lee,golden plate club,4
taco-bell-3-with-bobby-lee,platinum plate club,1
taco-bell-3-with-bobby-lee,oh my god,16
taco-bell-3-with-bobby-lee,jesus christ,3
taco-bell-3-with-bobby-lee,spoon nation,1
taco-bell-3-with-bobby-lee,rumblies,1
taco-bell-3-with-bobby-lee,wally and irma,1
taco-bell-4-with-gillian-jacobs,wow,18
taco-bell-4-with-gillian-jacobs,spoonman,7
taco-bell-4-with-gillian-jacobs,golden plate club,2
taco-bell-4-with-gillian-jacobs,platinum plate club,3
taco-bell-4-with-gillian-jacobs,snack or wack,3
taco-bell-4-with-gillian-jacobs,munch madness,1
taco-bell-4-with-gillian-jacobs,oh my god,5
taco-bell-4-with-gillian-jacobs,heat seeker,1
taco-bell-4-with-gillian-jacobs,wally and irma,2
taco-bell-5-with-christine-nangle-carl-tart-live,wow,74
taco-bell-5-with-christine-nangle-carl-tart-live,golden plate club,1
taco-bell-5-with-christine-nangle-carl-tart-live,platinum plate club,3
taco-bell-5-with-christine-nangle-carl-tart-live,snack or wack,1
taco-bell-5-with-christine-nangle-carl-tart-live,oh my god,3
taco-bell-5-with-christine-nangle-carl-tart-live,jesus christ,2
taco-bell-5-with-christine-nangle-carl-tart-live,for god's sake,1
taco-bell-5-with-christine-nangle-carl-tart-live,howdy ho,1
taco-bell-5-with-christine-nangle-carl-tart-live,heat seeker,1
taco-bell-5-with-christine-nangle-carl-tart-live,ungapatchka,1
taco-bell-6-with-john-hodgman-paul-f-tompkins-and-arden-myrin-live,wow,78
taco-bell-6-with-john-hodgman-paul-f-tompkins-and-arden-myrin-live,spoonman,2
taco-bell-6-with-john-hodgman-paul-f-tompkins-and-arden-myrin-live,golden plate club,4
taco-bell-6-with-john-hodgman-paul-f-tompkins-and-arden-myrin-live,oh my god,11
taco-bell-6-with-john-hodgman-paul-f-tompkins-and-arden-myrin-live,jesus christ,2
taco-bell-6-with-john-hodgman-paul-f-tompkins-and-arden-myrin-live,spoon nation,1
taco-bell-6-with-john-hodgman-paul-f-tompkins-and-arden-myrin-live,heat seeker,1
taco-bell-7-with-lorne-balfe,wow,51
taco-bell-7-with-lorne-balfe,spoonman,3
taco-bell-7-with-lorne-balfe,platinum plate club,2
taco-bell-7-with-lorne-balfe,oh my god,6
taco-bell-7-with-lorne-balfe,heat seeker,1
taco-bell-7-with-lorne-balfe,wally and irma,2
taco-bell-ix-with-beck-bennett,this show sucks,1
taco-bell-ix-with-beck-bennett,wow,62
taco-bell-ix-with-beck-bennett,spoonman,4
taco-bell-ix-with-beck-bennett,golden plate club,1
taco-bell-ix-with-beck-bennett,munch madness,2
taco-bell-ix-with-beck-bennett,oh my god,8
taco-bell-ix-with-beck-bennett,jesus christ,1
taco-bell-ix-with-beck-bennett,birdfuck,2
taco-bell-ix-with-beck-bennett,heat seeker,1
taco-bell-ix-with-beck-bennett,wally and irma,1
taco-bell-ix-with-beck-bennett,hat on a hat,1
taco-bell-ix-with-beck-bennett,ungapatchka,3
taco-bell-viii-with-samoa-joe,wow,37
taco-bell-viii-with-samoa-joe,spoonman,6
taco-bell-viii-with-samoa-joe,golden plate club,3
taco-bell-viii-with-samoa-joe,platinum plate club,2
taco-bell-viii-with-samoa-joe,oh my god,4
taco-bell-viii-with-samoa-joe,spoon nation,1
taco-bell-viii-with-samoa-joe,birdfuck,7
taco-bell-viii-with-samoa-joe,wally and irma,1
taco-bell-with-jack-allison,wow,4
taco-bell-with-jack-allison,oh my god,2
taco-johns-with-carl-tart-live,wow,56
taco-johns-with-carl-tart-live,spoonman,1
taco-johns-with-carl-tart-live,golden plate club,1
taco-johns-with-carl-tart-live,oh my god,6
taco-johns-with-carl-tart-live,jesus christ,4
taco-johns-with-carl-tart-live,for god's sake,1
taco-johns-with-carl-tart-live,heat seeker,1
tasty-burger-with-mookie-blaiklock-zach-cherry-mike-hanford-live,wow,55
tasty-burger-with-mookie-blaiklock-zach-cherry-mike-hanford-live,spoonman,5
tasty-burger-with-mookie-blaiklock-zach-cherry-mike-hanford-live,golden plate club,4
tasty-burger-with-mookie-blaiklock-zach-cherry-mike-hanford-live,munch madness,1
tasty-burger-with-mookie-blaiklock-zach-cherry-mike-hanford-live,oh my god,123
tasty-burger-with-mookie-blaiklock-zach-cherry-mike-hanford-live,jesus christ,6
tasty-burger-with-mookie-blaiklock-zach-cherry-mike-hanford-live,birdfuck,2
tasty-burger-with-mookie-blaiklock-zach-cherry-mike-hanford-live,simulacrum,1
tasty-burger-with-mookie-blaiklock-zach-cherry-mike-hanford-live,ungapatchka,1
tender-greens-2-with-niccole-thurman,wow,29
tender-greens-2-with-niccole-thurman,spoonman,2
tender-greens-2-with-niccole-thurman,golden plate club,5
tender-greens-2-with-niccole-thurman,oh my god,9
tender-greens-2-with-niccole-thurman,for god's sake,1
tender-greens-2-with-niccole-thurman,birdfuck,5
tender-greens-2-with-niccole-thurman,wally and irma,1
tender-greens-with-ryan-stanger,this show sucks,1
tender-greens-with-ryan-stanger,wow,42
tender-greens-with-ryan-stanger,spoonman,11
tender-greens-with-ryan-stanger,oh my god,2
tender-greens-with-ryan-stanger,jesus christ,1
tender-greens-with-ryan-stanger,spoon nation,4
tender-greens-with-ryan-stanger,hand holding club,1
tender-greens-with-ryan-stanger,spoiler alert,1
tgi-fridays-2-with-the-sklar-brothers,wow,10
tgi-fridays-2-with-the-sklar-brothers,golden plate club,2
tgi-fridays-2-with-the-sklar-brothers,oh my god,4
tgi-fridays-2-with-the-sklar-brothers,hand holding club,1
tgi-fridays-with-jordan-morris,wow,5
tgi-fridays-with-jordan-morris,spoonman,11
tgi-fridays-with-jordan-morris,jesus christ,1
tgi-fridays-with-jordan-morris,spoiler alert,1
the-ate-tl-cook-out-with-jesse-farrar-mike-hale,wow,20
the-ate-tl-cook-out-with-jesse-farrar-mike-hale,spoonman,2
the-ate-tl-cook-out-with-jesse-farrar-mike-hale,golden plate club,2
the-ate-tl-cook-out-with-jesse-farrar-mike-hale,platinum plate club,1
the-ate-tl-cook-out-with-jesse-farrar-mike-hale,snack or wack,1
the-ate-tl-cook-out-with-jesse-farrar-mike-hale,oh my god,4
the-ate-tl-cook-out-with-jesse-farrar-mike-hale,jesus christ,1
the-ate-tl-cook-out-with-jesse-farrar-mike-hale,for god's sake,1
the-ate-tl-cook-out-with-jesse-farrar-mike-hale,howdy ho,2
the-ate-tl-cook-out-with-jesse-farrar-mike-hale,spoon nation,3
the-ate-tl-cook-out-with-jesse-farrar-mike-hale,heat seeker,1
the-ate-tl-moes-southwest-grill-with-mary-lynn-rajskub,wow,26
the-ate-tl-moes-southwest-grill-with-mary-lynn-rajskub,spoonman,3
the-ate-tl-moes-southwest-grill-with-mary-lynn-rajskub,golden plate club,3
the-ate-tl-moes-southwest-grill-with-mary-lynn-rajskub,platinum plate club,1
the-ate-tl-moes-southwest-grill-with-mary-lynn-rajskub,munch madness,2
the-ate-tl-moes-southwest-grill-with-mary-lynn-rajskub,oh my god,2
the-ate-tl-moes-southwest-grill-with-mary-lynn-rajskub,jesus christ,4
the-ate-tl-moes-southwest-grill-with-mary-lynn-rajskub,for god's sake,2
the-ate-tl-moes-southwest-grill-with-mary-lynn-rajskub,howdy ho,2
the-ate-tl-the-flying-biscuit-cafe-with-steve-agee,wow,11
the-ate-tl-the-flying-biscuit-cafe-with-steve-agee,spoonman,2
the-ate-tl-the-flying-biscuit-cafe-with-steve-agee,golden plate club,1
the-ate-tl-the-flying-biscuit-cafe-with-steve-agee,platinum plate club,1
the-ate-tl-the-flying-biscuit-cafe-with-steve-agee,snack or wack,2
the-ate-tl-the-flying-biscuit-cafe-with-steve-agee,oh my god,5
the-ate-tl-the-flying-biscuit-cafe-with-steve-agee,jesus christ,6
the-ate-tl-the-flying-biscuit-cafe-with-steve-agee,for god's sake,1
the-ate-tl-the-flying-biscuit-cafe-with-steve-agee,hand holding club,1
the-ate-tl-the-varsity-with-joe-saunders,wow,31
the-ate-tl-the-varsity-with-joe-saunders,spoonman,2
the-ate-tl-the-varsity-with-joe-saunders,golden plate club,3
the-ate-tl-the-varsity-with-joe-saunders,platinum plate club,1
the-ate-tl-the-varsity-with-joe-saunders,oh my god,4
the-ate-tl-the-varsity-with-joe-saunders,jesus christ,6
the-ate-tl-the-varsity-with-joe-saunders,spoon nation,1
the-ate-tl-the-varsity-with-joe-saunders,heat seeker,1
the-ate-tl-the-varsity-with-joe-saunders,spoiler alert,1
the-butchers-daughter-with-zach-cherry,wow,46
the-butchers-daughter-with-zach-cherry,spoonman,3
the-butchers-daughter-with-zach-cherry,golden plate club,3
the-butchers-daughter-with-zach-cherry,platinum plate club,4
the-butchers-daughter-with-zach-cherry,snack or wack,2
the-butchers-daughter-with-zach-cherry,oh my god,7
the-butchers-daughter-with-zach-cherry,jesus christ,3
the-butchers-daughter-with-zach-cherry,for god's sake,1
the-butchers-daughter-with-zach-cherry,spoon nation,1
the-butchers-daughter-with-zach-cherry,wally and irma,1
the-capital-grille-with-negin-farsad,this show sucks,1
the-capital-grille-with-negin-farsad,wow,46
the-capital-grille-with-negin-farsad,spoonman,3
the-capital-grille-with-negin-farsad,golden plate club,1
the-capital-grille-with-negin-farsad,platinum plate club,1
the-capital-grille-with-negin-farsad,oh my god,7
the-capital-grille-with-negin-farsad,jesus christ,2
the-capital-grille-with-negin-farsad,howdy ho,1
the-capital-grille-with-negin-farsad,spoon nation,1
the-capital-grille-with-negin-farsad,ungapatchka,2
the-cheesecake-factory-2-with-arden-myrin,wow,61
the-cheesecake-factory-2-with-arden-myrin,spoonman,2
the-cheesecake-factory-2-with-arden-myrin,golden plate club,1
the-cheesecake-factory-2-with-arden-myrin,platinum plate club,4
the-cheesecake-factory-2-with-arden-myrin,oh my god,6
the-cheesecake-factory-2-with-arden-myrin,for god's sake,1
the-cheesecake-factory-2-with-arden-myrin,spoon nation,1
the-cheesecake-factory-2-with-arden-myrin,wally and irma,1
the-cheesecake-factory-with-beck-bennett,wow,20
the-cheesecake-factory-with-beck-bennett,spoonman,3
the-cheesecake-factory-with-beck-bennett,platinum plate club,2
the-cheesecake-factory-with-beck-bennett,oh my god,9
the-cheesecake-factory-with-beck-bennett,jesus christ,3
the-cheesecake-factory-with-beck-bennett,for god's sake,1
the-cheesecake-factory-with-beck-bennett,spoon nation,2
the-cheesecake-factory-with-beck-bennett,wally and irma,1
the-cheesecake-factory-with-beck-bennett,hand holding club,1
the-coffee-bean-with-hannah-kasulka,wow,25
the-coffee-bean-with-hannah-kasulka,spoonman,3
the-coffee-bean-with-hannah-kasulka,golden plate club,1
the-coffee-bean-with-hannah-kasulka,snack or wack,1
the-coffee-bean-with-hannah-kasulka,oh my god,3
the-coffee-bean-with-hannah-kasulka,jesus christ,3
the-coffee-bean-with-hannah-kasulka,for god's sake,2
the-coffee-bean-with-hannah-kasulka,blah blah blah,1
the-coffee-bean-with-hannah-kasulka,spoon nation,1
the-coffee-bean-with-hannah-kasulka,hand holding club,1
the-dopeboys-420-smokestackular-with-jon-gabrus,wow,16
the-dopeboys-420-smokestackular-with-jon-gabrus,spoonman,3
the-dopeboys-420-smokestackular-with-jon-gabrus,golden plate club,2
the-dopeboys-420-smokestackular-with-jon-gabrus,munch madness,1
the-dopeboys-420-smokestackular-with-jon-gabrus,oh my god,3
the-dopeboys-420-smokestackular-with-jon-gabrus,jesus christ,3
the-dopeboys-420-smokestackular-with-jon-gabrus,howdy ho,1
the-evan-susser-summer-ice-cream-invitational-finals-with-evan-susser,wow,13
the-evan-susser-summer-ice-cream-invitational-finals-with-evan-susser,spoonman,5
the-evan-susser-summer-ice-cream-invitational-finals-with-evan-susser,golden plate club,4
the-evan-susser-summer-ice-cream-invitational-finals-with-evan-susser,oh my god,6
the-evan-susser-summer-ice-cream-invitational-finals-with-evan-susser,spoon nation,1
the-evan-susser-summer-ice-cream-invitational-finals-with-evan-susser,rumblies,11
the-great-shrimp-off-with-sean-clements-and-hayes-davenport,wow,26
the-great-shrimp-off-with-sean-clements-and-hayes-davenport,spoonman,1
the-great-shrimp-off-with-sean-clements-and-hayes-davenport,oh my god,7
the-great-shrimp-off-with-sean-clements-and-hayes-davenport,jesus christ,3
the-great-shrimp-off-with-sean-clements-and-hayes-davenport,spoon nation,1
the-great-shrimp-off-with-sean-clements-and-hayes-davenport,heat seeker,2
the-habit-with-emmy-blotnick,wow,18
the-habit-with-emmy-blotnick,spoonman,2
the-habit-with-emmy-blotnick,platinum plate club,1
the-habit-with-emmy-blotnick,oh my god,8
the-habit-with-emmy-blotnick,jesus christ,1
the-habit-with-emmy-blotnick,for god's sake,2
the-habit-with-emmy-blotnick,heat seeker,1
the-habit-with-emmy-blotnick,wally and irma,1
the-habit-with-emmy-blotnick,ungapatchka,3
the-halal-guys-with-dave-schilling,wow,12
the-halal-guys-with-dave-schilling,spoonman,8
the-halal-guys-with-dave-schilling,golden plate club,2
the-halal-guys-with-dave-schilling,snack or wack,3
the-halal-guys-with-dave-schilling,oh my god,6
the-halal-guys-with-dave-schilling,jesus christ,1
the-halal-guys-with-dave-schilling,for god's sake,1
the-halal-guys-with-dave-schilling,spoon nation,1
the-halal-guys-with-dave-schilling,heat seeker,3
the-halal-guys-with-dave-schilling,wally and irma,1
the-hat-with-betsy-sodaro-and-mano-agapion-live,wow,35
the-hat-with-betsy-sodaro-and-mano-agapion-live,spoonman,2
the-hat-with-betsy-sodaro-and-mano-agapion-live,golden plate club,2
the-hat-with-betsy-sodaro-and-mano-agapion-live,oh my god,18
the-hat-with-betsy-sodaro-and-mano-agapion-live,jesus christ,3
the-hat-with-betsy-sodaro-and-mano-agapion-live,for god's sake,1
the-hat-with-betsy-sodaro-and-mano-agapion-live,howdy ho,1
the-hat-with-betsy-sodaro-and-mano-agapion-live,spoon nation,1
the-hat-with-betsy-sodaro-and-mano-agapion-live,heat seeker,5
the-musso-frank-grill-with-evan-susser,this show sucks,2
the-musso-frank-grill-with-evan-susser,wow,52
the-musso-frank-grill-with-evan-susser,spoonman,1
the-musso-frank-grill-with-evan-susser,oh my god,13
the-musso-frank-grill-with-evan-susser,jesus christ,4
the-musso-frank-grill-with-evan-susser,for god's sake,1
the-musso-frank-grill-with-evan-susser,blah blah blah,1
the-musso-frank-grill-with-evan-susser,ungapatchka,1
the-olive-garden-with-christine-nangle,wow,21
the-olive-garden-with-christine-nangle,spoonman,1
the-olive-garden-with-christine-nangle,munch madness,2
the-olive-garden-with-christine-nangle,oh my god,13
the-olive-garden-with-christine-nangle,howdy ho,1
the-olive-garden-with-christine-nangle,spoon nation,4
the-pie-hole-with-marcy-jarreau,wow,16
the-pie-hole-with-marcy-jarreau,spoonman,1
the-pie-hole-with-marcy-jarreau,golden plate club,5
the-pie-hole-with-marcy-jarreau,platinum plate club,1
the-pie-hole-with-marcy-jarreau,oh my god,11
the-pie-hole-with-marcy-jarreau,for god's sake,1
the-pie-hole-with-marcy-jarreau,blah blah blah,1
the-pie-hole-with-marcy-jarreau,spoiler alert,1
the-some-of-the-doughboys-snack-pack,wow,50
the-some-of-the-doughboys-snack-pack,oh my god,14
the-some-of-the-doughboys-snack-pack,jesus christ,3
the-some-of-the-doughboys-snack-pack,for god's sake,1
the-some-of-the-doughboys-snack-pack,spoon nation,1
thighstop-with-jon-gabrus,wow,41
thighstop-with-jon-gabrus,spoonman,1
thighstop-with-jon-gabrus,oh my god,2
thighstop-with-jon-gabrus,jesus christ,2
thighstop-with-jon-gabrus,for god's sake,1
thighstop-with-jon-gabrus,spoon nation,1
thighstop-with-jon-gabrus,heat seeker,1
thighstop-with-jon-gabrus,simulacrum,1
thighstop-with-jon-gabrus,ungapatchka,2
toastique-with-mary-sohn,wow,54
toastique-with-mary-sohn,spoonman,2
toastique-with-mary-sohn,snack or wack,1
toastique-with-mary-sohn,oh my god,10
toastique-with-mary-sohn,jesus christ,4
toastique-with-mary-sohn,birdfuck,5
toastique-with-mary-sohn,rumblies,1
toastique-with-mary-sohn,heat seeker,2
toastique-with-mary-sohn,wally and irma,1
toastique-with-mary-sohn,ungapatchka,2
togos-with-matty-smith,wow,13
togos-with-matty-smith,spoonman,7
togos-with-matty-smith,oh my god,3
togos-with-matty-smith,howdy ho,1
togos-with-matty-smith,spoon nation,5
togos-with-matty-smith,spoiler alert,1
tombstone-week-tombstone-the-pizza-with-blank-check,wow,51
tombstone-week-tombstone-the-pizza-with-blank-check,spoonman,5
tombstone-week-tombstone-the-pizza-with-blank-check,golden plate club,1
tombstone-week-tombstone-the-pizza-with-blank-check,platinum plate club,2
tombstone-week-tombstone-the-pizza-with-blank-check,oh my god,5
tombstone-week-tombstone-the-pizza-with-blank-check,jesus christ,1
tombstone-week-tombstone-the-pizza-with-blank-check,spoon nation,1
tombstone-week-tombstone-the-pizza-with-blank-check,ungapatchka,1
tony-romas-with-bug-mane,wow,15
tony-romas-with-bug-mane,spoonman,8
tony-romas-with-bug-mane,golden plate club,4
tony-romas-with-bug-mane,oh my god,1
tony-romas-with-bug-mane,jesus christ,11
tony-romas-with-bug-mane,howdy ho,2
tony-romas-with-bug-mane,spoon nation,5
top-round-roast-beef-with-ike-barinholtz,wow,28
top-round-roast-beef-with-ike-barinholtz,spoonman,2
top-round-roast-beef-with-ike-barinholtz,golden plate club,1
top-round-roast-beef-with-ike-barinholtz,platinum plate club,3
top-round-roast-beef-with-ike-barinholtz,oh my god,7
top-round-roast-beef-with-ike-barinholtz,jesus christ,1
topical-freeze-marie-callenders-meals-with-cat-solen,wow,63
topical-freeze-marie-callenders-meals-with-cat-solen,spoonman,4
topical-freeze-marie-callenders-meals-with-cat-solen,oh my god,3
topical-freeze-marie-callenders-meals-with-cat-solen,howdy ho,1
topical-freeze-marie-callenders-meals-with-cat-solen,spoon nation,1
topical-freeze-ore-ida-with-jason-mantzoukas,this show sucks,1
topical-freeze-ore-ida-with-jason-mantzoukas,wow,45
topical-freeze-ore-ida-with-jason-mantzoukas,spoonman,2
topical-freeze-ore-ida-with-jason-mantzoukas,golden plate club,2
topical-freeze-ore-ida-with-jason-mantzoukas,platinum plate club,1
topical-freeze-ore-ida-with-jason-mantzoukas,oh my god,3
topical-freeze-ore-ida-with-jason-mantzoukas,jesus christ,2
topical-freeze-ore-ida-with-jason-mantzoukas,blah blah blah,2
topical-freeze-ore-ida-with-jason-mantzoukas,ungapatchka,3
topical-freeze-tinas-burritos-with-jamelle-bouie,this show sucks,1
topical-freeze-tinas-burritos-with-jamelle-bouie,wow,27
topical-freeze-tinas-burritos-with-jamelle-bouie,spoonman,7
topical-freeze-tinas-burritos-with-jamelle-bouie,snack or wack,1
topical-freeze-tinas-burritos-with-jamelle-bouie,oh my god,2
topical-freeze-tinas-burritos-with-jamelle-bouie,spoon nation,1
topical-freeze-tinas-burritos-with-jamelle-bouie,rumblies,2
topical-freeze-tinas-burritos-with-jamelle-bouie,heat seeker,1
toront-dough-boston-pizza-with-samoa-joe,wow,35
toront-dough-boston-pizza-with-samoa-joe,spoonman,3
toront-dough-boston-pizza-with-samoa-joe,platinum plate club,1
toront-dough-boston-pizza-with-samoa-joe,snack or wack,1
toront-dough-boston-pizza-with-samoa-joe,oh my god,6
toront-dough-boston-pizza-with-samoa-joe,jesus christ,2
toront-dough-boston-pizza-with-samoa-joe,birdfuck,2
toront-dough-boston-pizza-with-samoa-joe,heat seeker,1
toront-dough-boston-pizza-with-samoa-joe,wally and irma,3
toront-dough-boston-pizza-with-samoa-joe,spoiler alert,1
toront-dough-harveys-with-shaun-diston,this show sucks,3
toront-dough-harveys-with-shaun-diston,wow,61
toront-dough-harveys-with-shaun-diston,spoonman,4
toront-dough-harveys-with-shaun-diston,golden plate club,2
toront-dough-harveys-with-shaun-diston,platinum plate club,1
toront-dough-harveys-with-shaun-diston,oh my god,20
toront-dough-harveys-with-shaun-diston,jesus christ,1
toront-dough-harveys-with-shaun-diston,birdfuck,1
toront-dough-harveys-with-shaun-diston,rumblies,1
toront-dough-harveys-with-shaun-diston,heat seeker,1
toront-dough-harveys-with-shaun-diston,wally and irma,2
toront-dough-little-canada-with-taylor-davis-and-carson-pinch,wow,96
toront-dough-little-canada-with-taylor-davis-and-carson-pinch,spoonman,2
toront-dough-little-canada-with-taylor-davis-and-carson-pinch,platinum plate club,4
toront-dough-little-canada-with-taylor-davis-and-carson-pinch,oh my god,13
toront-dough-little-canada-with-taylor-davis-and-carson-pinch,jesus christ,2
toront-dough-little-canada-with-taylor-davis-and-carson-pinch,heat seeker,2
toront-dough-mcdonalds-canada-with-mike-hanford,wow,56
toront-dough-mcdonalds-canada-with-mike-hanford,spoonman,1
toront-dough-mcdonalds-canada-with-mike-hanford,platinum plate club,2
toront-dough-mcdonalds-canada-with-mike-hanford,oh my god,6
toront-dough-mcdonalds-canada-with-mike-hanford,jesus christ,1
toront-dough-mcdonalds-canada-with-mike-hanford,birdfuck,1
toront-dough-mcdonalds-canada-with-mike-hanford,heat seeker,1
toront-dough-mcdonalds-canada-with-mike-hanford,wally and irma,2
toront-dough-mcdonalds-canada-with-mike-hanford,hat on a hat,1
toront-dough-swiss-chalet-with-alana-johnston,wow,53
toront-dough-swiss-chalet-with-alana-johnston,spoonman,6
toront-dough-swiss-chalet-with-alana-johnston,golden plate club,2
toront-dough-swiss-chalet-with-alana-johnston,platinum plate club,3
toront-dough-swiss-chalet-with-alana-johnston,oh my god,27
toront-dough-swiss-chalet-with-alana-johnston,jesus christ,1
toront-dough-swiss-chalet-with-alana-johnston,birdfuck,2
toront-dough-swiss-chalet-with-alana-johnston,wally and irma,1
toront-dough-swiss-chalet-with-alana-johnston,ungapatchka,1
toront-dough-tim-hortons-with-stephanie-beatriz-and-alana-johnston,wow,91
toront-dough-tim-hortons-with-stephanie-beatriz-and-alana-johnston,spoonman,1
toront-dough-tim-hortons-with-stephanie-beatriz-and-alana-johnston,platinum plate club,3
toront-dough-tim-hortons-with-stephanie-beatriz-and-alana-johnston,snack or wack,1
toront-dough-tim-hortons-with-stephanie-beatriz-and-alana-johnston,oh my god,24
toront-dough-tim-hortons-with-stephanie-beatriz-and-alana-johnston,jesus christ,6
toront-dough-tim-hortons-with-stephanie-beatriz-and-alana-johnston,blah blah blah,4
toront-dough-tim-hortons-with-stephanie-beatriz-and-alana-johnston,heat seeker,1
tournament-of-chompions-buffalo-wild-wings-v-wingstop-with-nicole-byer,wow,5
tournament-of-chompions-buffalo-wild-wings-v-wingstop-with-nicole-byer,spoonman,2
tournament-of-chompions-buffalo-wild-wings-v-wingstop-with-nicole-byer,munch madness,1
tournament-of-chompions-buffalo-wild-wings-v-wingstop-with-nicole-byer,oh my god,6
tournament-of-chompions-buffalo-wild-wings-v-wingstop-with-nicole-byer,jesus christ,3
tournament-of-chompions-buffalo-wild-wings-v-wingstop-with-nicole-byer,for god's sake,1
tournament-of-chompions-buffalo-wild-wings-v-wingstop-with-nicole-byer,rumblies,1
tournament-of-chompions-buffalo-wild-wings-v-wingstop-with-nicole-byer,wally and irma,1
tournament-of-chompions-carls-jrhardees-v-fuddruckers,wow,19
tournament-of-chompions-carls-jrhardees-v-fuddruckers,spoonman,2
tournament-of-chompions-carls-jrhardees-v-fuddruckers,golden plate club,2
tournament-of-chompions-carls-jrhardees-v-fuddruckers,platinum plate club,1
tournament-of-chompions-carls-jrhardees-v-fuddruckers,munch madness,2
tournament-of-chompions-carls-jrhardees-v-fuddruckers,chompion,1
tournament-of-chompions-carls-jrhardees-v-fuddruckers,oh my god,5
tournament-of-chompions-carls-jrhardees-v-fuddruckers,jesus christ,3
tournament-of-chompions-carls-jrhardees-v-fuddruckers,spoon nation,2
tournament-of-chompions-carls-jrhardees-v-in-n-out-burger,wow,10
tournament-of-chompions-carls-jrhardees-v-in-n-out-burger,spoonman,3
tournament-of-chompions-carls-jrhardees-v-in-n-out-burger,golden plate club,1
tournament-of-chompions-carls-jrhardees-v-in-n-out-burger,platinum plate club,1
tournament-of-chompions-carls-jrhardees-v-in-n-out-burger,munch madness,1
tournament-of-chompions-carls-jrhardees-v-in-n-out-burger,chompion,1
tournament-of-chompions-carls-jrhardees-v-in-n-out-burger,oh my god,1
tournament-of-chompions-carls-jrhardees-v-in-n-out-burger,jesus christ,4
tournament-of-chompions-carls-jrhardees-v-in-n-out-burger,spoon nation,1
tournament-of-chompions-chick-fil-a-v-wendys-with-ryan-perez,wow,13
tournament-of-chompions-chick-fil-a-v-wendys-with-ryan-perez,spoonman,3
tournament-of-chompions-chick-fil-a-v-wendys-with-ryan-perez,platinum plate club,1
tournament-of-chompions-chick-fil-a-v-wendys-with-ryan-perez,munch madness,1
tournament-of-chompions-chick-fil-a-v-wendys-with-ryan-perez,chompion,1
tournament-of-chompions-chick-fil-a-v-wendys-with-ryan-perez,oh my god,3
tournament-of-chompions-chick-fil-a-v-wendys-with-ryan-perez,jesus christ,1
tournament-of-chompions-chick-fil-a-v-wendys-with-ryan-perez,for god's sake,1
tournament-of-chompions-chick-fil-a-v-wendys-with-ryan-perez,howdy ho,4
tournament-of-chompions-chick-fil-a-v-wendys-with-ryan-perez,spoon nation,1
tournament-of-chompions-chick-fil-a-v-wendys-with-ryan-perez,heat seeker,2
tournament-of-chompions-eat-in-minisode-v,wow,7
tournament-of-chompions-eat-in-minisode-v,spoonman,2
tournament-of-chompions-eat-in-minisode-v,golden plate club,3
tournament-of-chompions-eat-in-minisode-v,munch madness,1
tournament-of-chompions-eat-in-minisode-v,chompion,3
tournament-of-chompions-eat-in-minisode-v,oh my god,5
tournament-of-chompions-eat-in-minisode-v,jesus christ,2
tournament-of-chompions-eat-in-minisode-v,spoon nation,4
tournament-of-chompions-finals-in-n-out-burger-v-shake-shack,this show sucks,1
tournament-of-chompions-finals-in-n-out-burger-v-shake-shack,wow,31
tournament-of-chompions-finals-in-n-out-burger-v-shake-shack,spoonman,4
tournament-of-chompions-finals-in-n-out-burger-v-shake-shack,platinum plate club,1
tournament-of-chompions-finals-in-n-out-burger-v-shake-shack,munch madness,1
tournament-of-chompions-finals-in-n-out-burger-v-shake-shack,chompion,2
tournament-of-chompions-finals-in-n-out-burger-v-shake-shack,oh my god,10
tournament-of-chompions-finals-in-n-out-burger-v-shake-shack,jesus christ,2
tournament-of-chompions-finals-in-n-out-burger-v-shake-shack,for god's sake,1
tournament-of-chompions-finals-in-n-out-burger-v-shake-shack,spoon nation,4
tournament-of-chompions-finals-in-n-out-burger-v-shake-shack,spoiler alert,2
tournament-of-chompions-finals-with-paul-rust,wow,49
tournament-of-chompions-finals-with-paul-rust,spoonman,1
tournament-of-chompions-finals-with-paul-rust,platinum plate club,1
tournament-of-chompions-finals-with-paul-rust,munch madness,6
tournament-of-chompions-finals-with-paul-rust,chompion,10
tournament-of-chompions-finals-with-paul-rust,oh my god,14
tournament-of-chompions-finals-with-paul-rust,jesus christ,3
tournament-of-chompions-finals-with-paul-rust,for god's sake,1
tournament-of-chompions-finals-with-paul-rust,howdy ho,1
tournament-of-chompions-finals-with-paul-rust,spoon nation,1
tournament-of-chompions-full-bird-region-with-eugene-cordero,wow,6
tournament-of-chompions-full-bird-region-with-eugene-cordero,spoonman,2
tournament-of-chompions-full-bird-region-with-eugene-cordero,munch madness,1
tournament-of-chompions-full-bird-region-with-eugene-cordero,chompion,3
tournament-of-chompions-full-bird-region-with-eugene-cordero,oh my god,1
tournament-of-chompions-full-bird-region-with-eugene-cordero,jesus christ,1
tournament-of-chompions-full-bird-region-with-eugene-cordero,howdy ho,1
tournament-of-chompions-full-bird-region-with-eugene-cordero,spoon nation,3
tournament-of-chompions-mcdonalds-v-panda-express-with-fran-gillespie,wow,10
tournament-of-chompions-mcdonalds-v-panda-express-with-fran-gillespie,spoonman,4
tournament-of-chompions-mcdonalds-v-panda-express-with-fran-gillespie,munch madness,1
tournament-of-chompions-mcdonalds-v-panda-express-with-fran-gillespie,oh my god,8
tournament-of-chompions-mcdonalds-v-panda-express-with-fran-gillespie,jesus christ,1
tournament-of-chompions-mcdonalds-v-panda-express-with-fran-gillespie,howdy ho,2
tournament-of-chompions-mcdonalds-v-panda-express-with-fran-gillespie,spoon nation,2
tournament-of-chompions-mcdonalds-v-popeyes-with-armen-weitzman,wow,24
tournament-of-chompions-mcdonalds-v-popeyes-with-armen-weitzman,spoonman,1
tournament-of-chompions-mcdonalds-v-popeyes-with-armen-weitzman,munch madness,1
tournament-of-chompions-mcdonalds-v-popeyes-with-armen-weitzman,chompion,1
tournament-of-chompions-mcdonalds-v-popeyes-with-armen-weitzman,oh my god,17
tournament-of-chompions-mcdonalds-v-popeyes-with-armen-weitzman,jesus christ,2
tournament-of-chompions-mcdonalds-v-popeyes-with-armen-weitzman,rumblies,2
tournament-of-chompions-mcdonalds-v-popeyes-with-armen-weitzman,heat seeker,1
tournament-of-chompions-mcdonalds-v-popeyes-with-armen-weitzman,wally and irma,4
tournament-of-chompions-minisode-five-guys-v-shake-shack,wow,2
tournament-of-chompions-minisode-five-guys-v-shake-shack,spoonman,2
tournament-of-chompions-minisode-five-guys-v-shake-shack,golden plate club,3
tournament-of-chompions-minisode-five-guys-v-shake-shack,munch madness,2
tournament-of-chompions-minisode-five-guys-v-shake-shack,oh my god,3
tournament-of-chompions-minisode-five-guys-v-shake-shack,jesus christ,2
tournament-of-chompions-minisode-five-guys-v-shake-shack,for god's sake,1
tournament-of-chompions-minisode-five-guys-v-shake-shack,howdy ho,2
tournament-of-chompions-minisode-five-guys-v-shake-shack,spoon nation,3
tournament-of-chompions-minisode-winner-v-wendys,wow,12
tournament-of-chompions-minisode-winner-v-wendys,spoonman,2
tournament-of-chompions-minisode-winner-v-wendys,golden plate club,1
tournament-of-chompions-minisode-winner-v-wendys,platinum plate club,1
tournament-of-chompions-minisode-winner-v-wendys,snack or wack,1
tournament-of-chompions-minisode-winner-v-wendys,munch madness,2
tournament-of-chompions-minisode-winner-v-wendys,chompion,2
tournament-of-chompions-minisode-winner-v-wendys,oh my god,8
tournament-of-chompions-minisode-winner-v-wendys,jesus christ,2
tournament-of-chompions-minisode-winner-v-wendys,spoon nation,1
tournament-of-chompions-minisode-winner-v-wendys,hand holding club,1
tournament-of-chompions-minisode-winner-v-wendys,spoiler alert,3
tournament-of-chompions-steak-n-shake-v-6-seed,wow,10
tournament-of-chompions-steak-n-shake-v-6-seed,spoonman,1
tournament-of-chompions-steak-n-shake-v-6-seed,platinum plate club,1
tournament-of-chompions-steak-n-shake-v-6-seed,oh my god,3
tournament-of-chompions-steak-n-shake-v-6-seed,jesus christ,3
tournament-of-chompions-steak-n-shake-v-6-seed,spoon nation,2
tournament-of-chompions-wendys-v-wingstop-with-matt-selman,wow,8
tournament-of-chompions-wendys-v-wingstop-with-matt-selman,spoonman,2
tournament-of-chompions-wendys-v-wingstop-with-matt-selman,munch madness,3
tournament-of-chompions-wendys-v-wingstop-with-matt-selman,oh my god,5
tournament-of-chompions-wendys-v-wingstop-with-matt-selman,for god's sake,1
tournament-of-chompions-wendys-v-wingstop-with-matt-selman,rumblies,3
tournament-of-chompions-wendys-v-wingstop-with-matt-selman,heat seeker,3
true-food-kitchen-with-claudia-odoherty,wow,37
true-food-kitchen-with-claudia-odoherty,spoonman,2
true-food-kitchen-with-claudia-odoherty,platinum plate club,1
true-food-kitchen-with-claudia-odoherty,oh my god,5
true-food-kitchen-with-claudia-odoherty,jesus christ,1
true-food-kitchen-with-claudia-odoherty,for god's sake,1
true-food-kitchen-with-claudia-odoherty,spoon nation,1
true-food-kitchen-with-claudia-odoherty,ungapatchka,2
two-hands-corn-dogs-with-jamie-loftus,wow,43
two-hands-corn-dogs-with-jamie-loftus,spoonman,3
two-hands-corn-dogs-with-jamie-loftus,platinum plate club,1
two-hands-corn-dogs-with-jamie-loftus,munch madness,1
two-hands-corn-dogs-with-jamie-loftus,oh my god,1
two-hands-corn-dogs-with-jamie-loftus,jesus christ,2
two-hands-corn-dogs-with-jamie-loftus,spoon nation,1
two-hands-corn-dogs-with-jamie-loftus,ungapatchka,1
tyga-bites-with-john-hodgman-david-rees,wow,29
tyga-bites-with-john-hodgman-david-rees,spoonman,2
tyga-bites-with-john-hodgman-david-rees,munch madness,2
tyga-bites-with-john-hodgman-david-rees,chompion,5
tyga-bites-with-john-hodgman-david-rees,oh my god,5
tyga-bites-with-john-hodgman-david-rees,jesus christ,2
tyga-bites-with-john-hodgman-david-rees,blah blah blah,1
tyga-bites-with-john-hodgman-david-rees,spoon nation,1
tyga-bites-with-john-hodgman-david-rees,wally and irma,2
tyga-bites-with-john-hodgman-david-rees,simulacrum,4
tyga-bites-with-john-hodgman-david-rees,ungapatchka,1
umami-burger-2-with-david-neher,wow,29
umami-burger-2-with-david-neher,spoonman,2
umami-burger-2-with-david-neher,snack or wack,2
umami-burger-2-with-david-neher,oh my god,15
umami-burger-2-with-david-neher,spoon nation,3
umami-burger-3-with-judd-apatow,wow,23
umami-burger-3-with-judd-apatow,spoonman,1
umami-burger-3-with-judd-apatow,golden plate club,4
umami-burger-3-with-judd-apatow,platinum plate club,1
umami-burger-3-with-judd-apatow,spoon nation,1
umami-burger-3-with-judd-apatow,heat seeker,1
umami-burger-3-with-judd-apatow,wally and irma,3
umami-burger-3-with-judd-apatow,hand holding club,1
umami-burger-3-with-judd-apatow,ungapatchka,3
umami-burger-with-heather-anne-campbell,wow,5
umami-burger-with-heather-anne-campbell,spoonman,5
umami-burger-with-heather-anne-campbell,snack or wack,1
umami-burger-with-heather-anne-campbell,oh my god,5
unlocked-a-very-doughboys-christmas,wow,31
unlocked-a-very-doughboys-christmas,spoonman,6
unlocked-a-very-doughboys-christmas,oh my god,7
unlocked-a-very-doughboys-christmas,spoon nation,1
unlocked-a-very-doughboys-christmas,rumblies,4
unlocked-a-very-doughboys-christmas,wally and irma,1
unlocked-beaver-patrol-with-jefferson-dutton,wow,23
unlocked-beaver-patrol-with-jefferson-dutton,spoonman,3
unlocked-beaver-patrol-with-jefferson-dutton,oh my god,5
unlocked-beaver-patrol-with-jefferson-dutton,jesus christ,1
unlocked-beaver-patrol-with-jefferson-dutton,wally and irma,1
unlocked-chilis-with-eva-anderson,wow,9
unlocked-chilis-with-eva-anderson,platinum plate club,1
unlocked-chilis-with-eva-anderson,snack or wack,3
unlocked-chilis-with-eva-anderson,oh my god,10
unlocked-chilis-with-eva-anderson,wally and irma,1
unlocked-creature-eater-with-andrea-jin,wow,24
unlocked-creature-eater-with-andrea-jin,spoonman,1
unlocked-creature-eater-with-andrea-jin,oh my god,13
unlocked-creature-eater-with-andrea-jin,wally and irma,1
unlocked-creature-eater-with-andrea-jin,spoiler alert,1
unlocked-dogdoughbarkfest-hey-spooky-buddies-with-paul-rust,wow,10
unlocked-dogdoughbarkfest-hey-spooky-buddies-with-paul-rust,spoonman,1
unlocked-dogdoughbarkfest-hey-spooky-buddies-with-paul-rust,oh my god,6
unlocked-dogdoughbarkfest-hey-spooky-buddies-with-paul-rust,blah blah blah,1
unlocked-dogdoughbarkfest-hey-spooky-buddies-with-paul-rust,wally and irma,2
unlocked-doughboys-after-dark-with-marisa-pinson-david-neher,wow,39
unlocked-doughboys-after-dark-with-marisa-pinson-david-neher,spoonman,2
unlocked-doughboys-after-dark-with-marisa-pinson-david-neher,oh my god,6
unlocked-doughboys-after-dark-with-marisa-pinson-david-neher,jesus christ,2
unlocked-doughboys-after-dark-with-marisa-pinson-david-neher,wally and irma,2
unlocked-doughscord-doughcision-school-lunch-matt-apodaca-jacob-wysocki,wow,26
unlocked-doughscord-doughcision-school-lunch-matt-apodaca-jacob-wysocki,platinum plate club,1
unlocked-doughscord-doughcision-school-lunch-matt-apodaca-jacob-wysocki,oh my god,8
unlocked-doughscord-doughcision-school-lunch-matt-apodaca-jacob-wysocki,blah blah blah,2
unlocked-garfields-thanksgiving-with-paul-rust,wow,16
unlocked-garfields-thanksgiving-with-paul-rust,spoonman,1
unlocked-garfields-thanksgiving-with-paul-rust,oh my god,2
unlocked-garfields-thanksgiving-with-paul-rust,jesus christ,3
unlocked-garfields-thanksgiving-with-paul-rust,wally and irma,3
unlocked-gorkos-planet-clergmas-spectacular,wow,77
unlocked-gorkos-planet-clergmas-spectacular,spoonman,2
unlocked-gorkos-planet-clergmas-spectacular,platinum plate club,2
unlocked-gorkos-planet-clergmas-spectacular,oh my god,21
unlocked-gorkos-planet-clergmas-spectacular,jesus christ,4
unlocked-gorkos-planet-clergmas-spectacular,for god's sake,1
unlocked-gorkos-planet-clergmas-spectacular,wally and irma,5
unlocked-its-a-wigerful-life-a-doughboys-holiday-special,wow,39
unlocked-its-a-wigerful-life-a-doughboys-holiday-special,spoonman,2
unlocked-its-a-wigerful-life-a-doughboys-holiday-special,oh my god,11
unlocked-its-a-wigerful-life-a-doughboys-holiday-special,jesus christ,1
unlocked-its-a-wigerful-life-a-doughboys-holiday-special,for god's sake,1
unlocked-its-a-wigerful-life-a-doughboys-holiday-special,wally and irma,1
unlocked-man-bites-dog,wow,43
unlocked-man-bites-dog,oh my god,3
unlocked-mash-off-6-the-chompit-the-battle-of-the-5-cookies-with-eva-anderson-and-mike-hanford,wow,31
unlocked-mash-off-6-the-chompit-the-battle-of-the-5-cookies-with-eva-anderson-and-mike-hanford,munch madness,1
unlocked-mash-off-6-the-chompit-the-battle-of-the-5-cookies-with-eva-anderson-and-mike-hanford,oh my god,7
unlocked-mash-off-6-the-chompit-the-battle-of-the-5-cookies-with-eva-anderson-and-mike-hanford,birdfuck,1
unlocked-mash-off-6-the-chompit-the-battle-of-the-5-cookies-with-eva-anderson-and-mike-hanford,heat seeker,1
unlocked-mash-off-6-the-chompit-the-battle-of-the-5-cookies-with-eva-anderson-and-mike-hanford,wally and irma,1
unlocked-mreats-with-edwin-hodge,wow,21
unlocked-mreats-with-edwin-hodge,spoonman,1
unlocked-mreats-with-edwin-hodge,oh my god,1
unlocked-mreats-with-edwin-hodge,rumblies,1
unlocked-mreats-with-edwin-hodge,spoiler alert,1
unlocked-red-hot-ranch-with-jon-gabrus-live,wow,28
unlocked-red-hot-ranch-with-jon-gabrus-live,spoonman,2
unlocked-red-hot-ranch-with-jon-gabrus-live,golden plate club,2
unlocked-red-hot-ranch-with-jon-gabrus-live,platinum plate club,1
unlocked-red-hot-ranch-with-jon-gabrus-live,oh my god,9
unlocked-red-hot-ranch-with-jon-gabrus-live,for god's sake,3
unlocked-red-hot-ranch-with-jon-gabrus-live,birdfuck,1
unlocked-red-hot-ranch-with-jon-gabrus-live,heat seeker,1
unlocked-shockdoughbooerdeath-doughschord-doughcision-candy-corn-power-hour-with-marisa-pinson,wow,26
unlocked-shockdoughbooerdeath-doughschord-doughcision-candy-corn-power-hour-with-marisa-pinson,platinum plate club,1
unlocked-shockdoughbooerdeath-doughschord-doughcision-candy-corn-power-hour-with-marisa-pinson,oh my god,6
unlocked-shockdoughbooerdeath-doughschord-doughcision-candy-corn-power-hour-with-marisa-pinson,jesus christ,1
unlocked-shockdoughbooerdeath-doughschord-doughcision-candy-corn-power-hour-with-marisa-pinson,blah blah blah,1
unlocked-shockdoughbooerdeath-doughschord-doughcision-candy-corn-power-hour-with-marisa-pinson,rumblies,3
unlocked-shockdoughbooerdeath-doughschord-doughcision-candy-corn-power-hour-with-marisa-pinson,wally and irma,1
unlocked-soups-up-with-joe-hartzler,wow,12
unlocked-soups-up-with-joe-hartzler,spoonman,1
unlocked-soups-up-with-joe-hartzler,oh my god,8
unlocked-soups-up-with-joe-hartzler,jesus christ,1
unlocked-soups-up-with-joe-hartzler,for god's sake,1
unlocked-soups-up-with-joe-hartzler,wally and irma,1
unlocked-tarot-pizza-with-ariana-lenarsky,wow,21
unlocked-tarot-pizza-with-ariana-lenarsky,oh my god,14
unlocked-tarot-pizza-with-ariana-lenarsky,jesus christ,1
unlocked-tarot-pizza-with-ariana-lenarsky,for god's sake,1
unlocked-tarot-pizza-with-ariana-lenarsky,blah blah blah,1
unlocked-tarot-pizza-with-ariana-lenarsky,spoon nation,1
unlocked-tarot-pizza-with-ariana-lenarsky,wally and irma,1
unlocked-the-2018-doughboys-christmas-special-wiger-alone,wow,10
unlocked-the-2018-doughboys-christmas-special-wiger-alone,spoonman,2
unlocked-the-2018-doughboys-christmas-special-wiger-alone,oh my god,6
unlocked-the-2018-doughboys-christmas-special-wiger-alone,jesus christ,3
unlocked-the-2018-doughboys-christmas-special-wiger-alone,for god's sake,2
unlocked-the-2018-doughboys-christmas-special-wiger-alone,rumblies,1
unlocked-the-2018-doughboys-christmas-special-wiger-alone,wally and irma,9
unlocked-the-band-of-tomorrow-with-caroline-anderson,wow,38
unlocked-the-band-of-tomorrow-with-caroline-anderson,munch madness,1
unlocked-the-band-of-tomorrow-with-caroline-anderson,heat seeker,1
unlocked-the-band-of-tomorrow-with-caroline-anderson,wally and irma,6
unlocked-the-mitchy-clause-a-doughboys-holiday-special,wow,37
unlocked-the-mitchy-clause-a-doughboys-holiday-special,spoonman,4
unlocked-the-mitchy-clause-a-doughboys-holiday-special,oh my god,12
unlocked-the-mitchy-clause-a-doughboys-holiday-special,jesus christ,3
unlocked-the-mitchy-clause-a-doughboys-holiday-special,spoon nation,9
unlocked-the-mitchy-clause-a-doughboys-holiday-special,wally and irma,8
unlocked-the-scale,wow,130
unlocked-the-scale,spoonman,7
unlocked-the-scale,munch madness,1
unlocked-things-that-make-you-go-wow-with-seychelle-gabriel,wow,39
unlocked-things-that-make-you-go-wow-with-seychelle-gabriel,spoonman,1
unlocked-things-that-make-you-go-wow-with-seychelle-gabriel,golden plate club,1
unlocked-things-that-make-you-go-wow-with-seychelle-gabriel,platinum plate club,2
unlocked-things-that-make-you-go-wow-with-seychelle-gabriel,oh my god,9
unlocked-things-that-make-you-go-wow-with-seychelle-gabriel,for god's sake,1
unlocked-things-that-make-you-go-wow-with-seychelle-gabriel,wally and irma,1
unlocked-time-keeps-on-dippin-into-the-future-with-alan-trong,wow,34
unlocked-time-keeps-on-dippin-into-the-future-with-alan-trong,oh my god,1
unlocked-time-keeps-on-dippin-into-the-future-with-alan-trong,for god's sake,1
unlocked-twisted-tuesday-with-jen-dangelo,wow,23
unlocked-twisted-tuesday-with-jen-dangelo,spoonman,1
unlocked-twisted-tuesday-with-jen-dangelo,oh my god,3
unlocked-twisted-tuesday-with-jen-dangelo,jesus christ,2
unlocked-twisted-tuesday-with-jen-dangelo,for god's sake,1
unlocked-twisted-tuesday-with-jen-dangelo,howdy ho,1
unlocked-twisted-tuesday-with-jen-dangelo,heat seeker,1
unlocked-twisted-tuesday-with-jen-dangelo,wally and irma,1
unlocked-wawa-with-carl-tart-christine-nangle-live,wow,49
unlocked-wawa-with-carl-tart-christine-nangle-live,spoonman,7
unlocked-wawa-with-carl-tart-christine-nangle-live,golden plate club,1
unlocked-wawa-with-carl-tart-christine-nangle-live,platinum plate club,1
unlocked-wawa-with-carl-tart-christine-nangle-live,oh my god,7
unlocked-wawa-with-carl-tart-christine-nangle-live,jesus christ,4
unlocked-wawa-with-carl-tart-christine-nangle-live,for god's sake,4
unlocked-wawa-with-carl-tart-christine-nangle-live,spoon nation,1
unlocked-where-everybody-doughs-your-name-with-maggie-monahan,wow,42
unlocked-where-everybody-doughs-your-name-with-maggie-monahan,spoonman,1
unlocked-where-everybody-doughs-your-name-with-maggie-monahan,oh my god,3
unlocked-where-everybody-doughs-your-name-with-maggie-monahan,jesus christ,1
unlocked-wige-hard-a-doughboys-holiday-special,wow,19
unlocked-wige-hard-a-doughboys-holiday-special,platinum plate club,1
unlocked-wige-hard-a-doughboys-holiday-special,munch madness,1
unlocked-wige-hard-a-doughboys-holiday-special,oh my god,24
unlocked-wige-hard-a-doughboys-holiday-special,jesus christ,7
unlocked-xian-famous-foods-with-mike-hanford-paul-rust-live,this show sucks,1
unlocked-xian-famous-foods-with-mike-hanford-paul-rust-live,wow,19
unlocked-xian-famous-foods-with-mike-hanford-paul-rust-live,spoonman,3
unlocked-xian-famous-foods-with-mike-hanford-paul-rust-live,golden plate club,1
unlocked-xian-famous-foods-with-mike-hanford-paul-rust-live,oh my god,5
unlocked-xian-famous-foods-with-mike-hanford-paul-rust-live,jesus christ,1
unlocked-xian-famous-foods-with-mike-hanford-paul-rust-live,for god's sake,1
unlocked-xian-famous-foods-with-mike-hanford-paul-rust-live,spoon nation,1
unlocked-xian-famous-foods-with-mike-hanford-paul-rust-live,heat seeker,1
unlocked-yarrrctdoughbarrrchest-pirates-of-the-caribbean-ride-with-captain-snack-tarot-aka-kyle-mooney,wow,9
unlocked-yarrrctdoughbarrrchest-pirates-of-the-caribbean-ride-with-captain-snack-tarot-aka-kyle-mooney,spoonman,1
unlocked-yarrrctdoughbarrrchest-pirates-of-the-caribbean-ride-with-captain-snack-tarot-aka-kyle-mooney,platinum plate club,1
unlocked-yarrrctdoughbarrrchest-pirates-of-the-caribbean-ride-with-captain-snack-tarot-aka-kyle-mooney,jesus christ,1
unlocked-yarrrrrctdoughbarrrrrchest-garfields-halloween-adventure-with-pirate-paulie-aka-paul-rust,wow,26
unlocked-yarrrrrctdoughbarrrrrchest-garfields-halloween-adventure-with-pirate-paulie-aka-paul-rust,spoonman,1
unlocked-yarrrrrctdoughbarrrrrchest-garfields-halloween-adventure-with-pirate-paulie-aka-paul-rust,platinum plate club,1
unlocked-yarrrrrctdoughbarrrrrchest-garfields-halloween-adventure-with-pirate-paulie-aka-paul-rust,oh my god,7
unlocked-yarrrrrctdoughbarrrrrchest-garfields-halloween-adventure-with-pirate-paulie-aka-paul-rust,jesus christ,1
veggie-grill-with-mary-sasson,wow,40
veggie-grill-with-mary-sasson,spoonman,5
veggie-grill-with-mary-sasson,golden plate club,13
veggie-grill-with-mary-sasson,platinum plate club,4
veggie-grill-with-mary-sasson,oh my god,2
veggie-grill-with-mary-sasson,jesus christ,1
veggie-grill-with-mary-sasson,for god's sake,2
veggie-grill-with-mary-sasson,heat seeker,1
veggie-grill-with-mary-sasson,wally and irma,1
veggie-grill-with-mary-sasson,spoiler alert,1
veggie-grill-with-mary-sasson,simulacrum,3
veggie-grill-with-nathan-barnatt,wow,19
veggie-grill-with-nathan-barnatt,spoonman,3
veggie-grill-with-nathan-barnatt,golden plate club,1
veggie-grill-with-nathan-barnatt,platinum plate club,2
veggie-grill-with-nathan-barnatt,munch madness,6
veggie-grill-with-nathan-barnatt,oh my god,5
veggie-grill-with-nathan-barnatt,jesus christ,9
veggie-grill-with-nathan-barnatt,spoon nation,6
waffle-house-with-carl-tart-live,wow,49
waffle-house-with-carl-tart-live,spoonman,2
waffle-house-with-carl-tart-live,golden plate club,1
waffle-house-with-carl-tart-live,platinum plate club,2
waffle-house-with-carl-tart-live,snack or wack,1
waffle-house-with-carl-tart-live,oh my god,6
waffle-house-with-carl-tart-live,jesus christ,5
waffle-house-with-carl-tart-live,spoon nation,1
waffle-house-with-carl-tart-live,rumblies,1
waffle-house-with-carl-tart-live,heat seeker,1
wahlburgers-with-eliza-hooper,wow,62
wahlburgers-with-eliza-hooper,spoonman,1
wahlburgers-with-eliza-hooper,golden plate club,1
wahlburgers-with-eliza-hooper,oh my god,11
wahlburgers-with-eliza-hooper,spoon nation,1
wahlburgers-with-eliza-hooper,spoiler alert,1
wahoos-fish-taco-with-eliza-skinner,wow,27
wahoos-fish-taco-with-eliza-skinner,spoonman,3
wahoos-fish-taco-with-eliza-skinner,golden plate club,2
wahoos-fish-taco-with-eliza-skinner,platinum plate club,2
wahoos-fish-taco-with-eliza-skinner,oh my god,2
wahoos-fish-taco-with-eliza-skinner,jesus christ,4
wahoos-fish-taco-with-eliza-skinner,for god's sake,2
wahoos-fish-taco-with-eliza-skinner,spoon nation,1
wendys-2-with-jacob-wysocki,wow,41
wendys-2-with-jacob-wysocki,spoonman,2
wendys-2-with-jacob-wysocki,golden plate club,1
wendys-2-with-jacob-wysocki,platinum plate club,1
wendys-2-with-jacob-wysocki,oh my god,1
wendys-2-with-jacob-wysocki,jesus christ,1
wendys-2-with-jacob-wysocki,for god's sake,2
wendys-2-with-jacob-wysocki,spoon nation,1
wendys-2-with-jacob-wysocki,heat seeker,1
wendys-2-with-jacob-wysocki,hand holding club,4
wendys-2-with-jacob-wysocki,ungapatchka,1
wendys-4-with-brooks-wheelan,this show sucks,1
wendys-4-with-brooks-wheelan,wow,41
wendys-4-with-brooks-wheelan,spoonman,1
wendys-4-with-brooks-wheelan,golden plate club,1
wendys-4-with-brooks-wheelan,munch madness,3
wendys-4-with-brooks-wheelan,oh my god,16
wendys-4-with-brooks-wheelan,jesus christ,2
wendys-4-with-brooks-wheelan,birdfuck,3
wendys-4-with-brooks-wheelan,ungapatchka,1
wendys-breakfast-with-the-sloppy-boys,wow,54
wendys-breakfast-with-the-sloppy-boys,spoonman,4
wendys-breakfast-with-the-sloppy-boys,platinum plate club,1
wendys-breakfast-with-the-sloppy-boys,munch madness,1
wendys-breakfast-with-the-sloppy-boys,oh my god,7
wendys-breakfast-with-the-sloppy-boys,jesus christ,1
wendys-breakfast-with-the-sloppy-boys,spoon nation,1
wendys-breakfast-with-the-sloppy-boys,hand holding club,1
wendys-breakfast-with-the-sloppy-boys,ungapatchka,1
wendys-with-paul-rust,wow,10
wendys-with-paul-rust,spoonman,3
wendys-with-paul-rust,golden plate club,1
wendys-with-paul-rust,platinum plate club,1
wendys-with-paul-rust,snack or wack,3
wendys-with-paul-rust,oh my god,12
wendys-with-paul-rust,jesus christ,3
wendys-with-paul-rust,for god's sake,1
wendys-with-paul-rust,spoon nation,3
wendys-with-paul-rust,hand holding club,1
wetzels-pretzels-with-jon-daly,wow,15
wetzels-pretzels-with-jon-daly,spoonman,6
wetzels-pretzels-with-jon-daly,oh my god,16
wetzels-pretzels-with-jon-daly,jesus christ,3
wetzels-pretzels-with-jon-daly,howdy ho,3
wetzels-pretzels-with-jon-daly,spoon nation,1
wetzels-pretzels-with-jon-daly,rumblies,1
wetzels-pretzels-with-jon-daly,hand holding club,1
whataburger-with-jon-gabrus-live,wow,36
whataburger-with-jon-gabrus-live,spoonman,5
whataburger-with-jon-gabrus-live,golden plate club,2
whataburger-with-jon-gabrus-live,oh my god,6
whataburger-with-jon-gabrus-live,jesus christ,3
whataburger-with-jon-gabrus-live,spoon nation,3
whataburger-with-jon-gabrus-live,spoiler alert,1
which-wich-with-josh-gondelman,wow,15
which-wich-with-josh-gondelman,spoonman,2
which-wich-with-josh-gondelman,golden plate club,2
which-wich-with-josh-gondelman,platinum plate club,1
which-wich-with-josh-gondelman,oh my god,3
which-wich-with-josh-gondelman,jesus christ,1
which-wich-with-josh-gondelman,spoon nation,1
which-wich-with-josh-gondelman,wally and irma,2
white-castle-with-mike-hanford-paul-rust-and-fran-gillespie-live,wow,27
white-castle-with-mike-hanford-paul-rust-and-fran-gillespie-live,spoonman,2
white-castle-with-mike-hanford-paul-rust-and-fran-gillespie-live,oh my god,4
white-castle-with-mike-hanford-paul-rust-and-fran-gillespie-live,jesus christ,4
white-castle-with-mike-hanford-paul-rust-and-fran-gillespie-live,blah blah blah,1
white-castle-with-mike-hanford-paul-rust-and-fran-gillespie-live,howdy ho,2
white-castle-with-mike-hanford-paul-rust-and-fran-gillespie-live,spoon nation,2
whole-foods-2-with-emily-yoshida,wow,49
whole-foods-2-with-emily-yoshida,spoonman,3
whole-foods-2-with-emily-yoshida,oh my god,17
whole-foods-2-with-emily-yoshida,jesus christ,1
whole-foods-2-with-emily-yoshida,spoon nation,1
whole-foods-2-with-emily-yoshida,spoiler alert,3
wienerschnitzel-with-rob-huebel,wow,29
wienerschnitzel-with-rob-huebel,spoonman,1
wienerschnitzel-with-rob-huebel,golden plate club,2
wienerschnitzel-with-rob-huebel,platinum plate club,1
wienerschnitzel-with-rob-huebel,oh my god,5
wienerschnitzel-with-rob-huebel,jesus christ,3
wienerschnitzel-with-rob-huebel,howdy ho,1
wienerschnitzel-with-rob-huebel,spoon nation,1
willie-maes-scotch-house-with-matt-selman,wow,56
willie-maes-scotch-house-with-matt-selman,spoonman,2
willie-maes-scotch-house-with-matt-selman,platinum plate club,2
willie-maes-scotch-house-with-matt-selman,oh my god,14
willie-maes-scotch-house-with-matt-selman,jesus christ,1
willie-maes-scotch-house-with-matt-selman,birdfuck,5
willie-maes-scotch-house-with-matt-selman,spoiler alert,1
willie-maes-scotch-house-with-matt-selman,ungapatchka,3
winchells-donut-house-with-mike-horowitz,wow,36
winchells-donut-house-with-mike-horowitz,spoonman,5
winchells-donut-house-with-mike-horowitz,golden plate club,3
winchells-donut-house-with-mike-horowitz,platinum plate club,3
winchells-donut-house-with-mike-horowitz,oh my god,5
winchells-donut-house-with-mike-horowitz,jesus christ,2
winchells-donut-house-with-mike-horowitz,for god's sake,1
winchells-donut-house-with-mike-horowitz,spoon nation,2
winchells-donut-house-with-mike-horowitz,rumblies,1
winchells-donut-house-with-mike-horowitz,heat seeker,1
winchells-donut-house-with-mike-horowitz,wally and irma,1
winchells-donut-house-with-mike-horowitz,spoiler alert,1
wingstop-with-emmy-blotnick,wow,8
wingstop-with-emmy-blotnick,spoonman,7
wingstop-with-emmy-blotnick,oh my god,6
wingstop-with-emmy-blotnick,jesus christ,2
wingstop-with-emmy-blotnick,spoon nation,14
wood-ranch-with-esther-povitsky,wow,11
wood-ranch-with-esther-povitsky,spoonman,2
wood-ranch-with-esther-povitsky,oh my god,12
wood-ranch-with-esther-povitsky,jesus christ,4
wood-ranch-with-esther-povitsky,spoon nation,1
wood-ranch-with-esther-povitsky,wally and irma,1
wood-ranch-with-esther-povitsky,hand holding club,1
yard-house-2-with-dave-schilling,wow,42
yard-house-2-with-dave-schilling,spoonman,1
yard-house-2-with-dave-schilling,platinum plate club,1
yard-house-2-with-dave-schilling,oh my god,3
yard-house-2-with-dave-schilling,jesus christ,1
yard-house-2-with-dave-schilling,for god's sake,2
yard-house-2-with-dave-schilling,howdy ho,1
yard-house-2-with-dave-schilling,spoon nation,2
yard-house-2-with-dave-schilling,heat seeker,1
yard-house-with-matt-besser,wow,23
yard-house-with-matt-besser,spoonman,2
yard-house-with-matt-besser,snack or wack,1
yard-house-with-matt-besser,oh my god,9
yard-house-with-matt-besser,jesus christ,3
yard-house-with-matt-besser,howdy ho,1
yard-house-with-matt-besser,spoon nation,1
yard-house-with-matt-besser,spoiler alert,1
yarrrctdoughbarrchest-pirates-booty-with-the-pirate-known-only-as-patchy-beard-aka-reluctant-john-john-hodgman,wow,83
yarrrctdoughbarrchest-pirates-booty-with-the-pirate-known-only-as-patchy-beard-aka-reluctant-john-john-hodgman,spoonman,13
yarrrctdoughbarrchest-pirates-booty-with-the-pirate-known-only-as-patchy-beard-aka-reluctant-john-john-hodgman,platinum plate club,3
yarrrctdoughbarrchest-pirates-booty-with-the-pirate-known-only-as-patchy-beard-aka-reluctant-john-john-hodgman,snack or wack,2
yarrrctdoughbarrchest-pirates-booty-with-the-pirate-known-only-as-patchy-beard-aka-reluctant-john-john-hodgman,oh my god,2
yarrrctdoughbarrchest-pirates-booty-with-the-pirate-known-only-as-patchy-beard-aka-reluctant-john-john-hodgman,jesus christ,3
yarrrctdoughbarrchest-pirates-booty-with-the-pirate-known-only-as-patchy-beard-aka-reluctant-john-john-hodgman,for god's sake,1
yarrrctdoughbarrchest-pirates-booty-with-the-pirate-known-only-as-patchy-beard-aka-reluctant-john-john-hodgman,spoon nation,1
yarrrctdoughbarrchest-pirates-booty-with-the-pirate-known-only-as-patchy-beard-aka-reluctant-john-john-hodgman,spoiler alert,1
yarrrrctdoughbarrrchest-pirates-dinner-adventure-with-evil-no-handerson-aka-eva-anderson,this show sucks,1
yarrrrctdoughbarrrchest-pirates-dinner-adventure-with-evil-no-handerson-aka-eva-anderson,wow,29
yarrrrctdoughbarrrchest-pirates-dinner-adventure-with-evil-no-handerson-aka-eva-anderson,spoonman,2
yarrrrctdoughbarrrchest-pirates-dinner-adventure-with-evil-no-handerson-aka-eva-anderson,golden plate club,1
yarrrrctdoughbarrrchest-pirates-dinner-adventure-with-evil-no-handerson-aka-eva-anderson,platinum plate club,1
yarrrrctdoughbarrrchest-pirates-dinner-adventure-with-evil-no-handerson-aka-eva-anderson,oh my god,5
yarrrrctdoughbarrrchest-pirates-dinner-adventure-with-evil-no-handerson-aka-eva-anderson,jesus christ,4
yarrrrctdoughbarrrchest-pirates-dinner-adventure-with-evil-no-handerson-aka-eva-anderson,for god's sake,1
yarrrrctdoughbarrrchest-pirates-dinner-adventure-with-evil-no-handerson-aka-eva-anderson,howdy ho,1
yarrrrctdoughbarrrchest-pirates-dinner-adventure-with-evil-no-handerson-aka-eva-anderson,wally and irma,1
yarrrrrctdoughbarrrrchest-long-john-silvers-with-long-dong-silver-aka-mano-agapion-and-brown-plate-aka-betsy-sodaro,wow,21
yarrrrrctdoughbarrrrchest-long-john-silvers-with-long-dong-silver-aka-mano-agapion-and-brown-plate-aka-betsy-sodaro,spoonman,2
yarrrrrctdoughbarrrrchest-long-john-silvers-with-long-dong-silver-aka-mano-agapion-and-brown-plate-aka-betsy-sodaro,platinum plate club,1
yarrrrrctdoughbarrrrchest-long-john-silvers-with-long-dong-silver-aka-mano-agapion-and-brown-plate-aka-betsy-sodaro,oh my god,8
yarrrrrctdoughbarrrrchest-long-john-silvers-with-long-dong-silver-aka-mano-agapion-and-brown-plate-aka-betsy-sodaro,wally and irma,3
yarrrrrctdoughbarrrrchest-long-john-silvers-with-long-dong-silver-aka-mano-agapion-and-brown-plate-aka-betsy-sodaro,hand holding club,1
yarrrrrrctdoughbarrrrrchest-blue-bayou-with-captain-jason-barbosa-aka-jason-sheridan-michael-will-turner-carlson-aka-mike-carlson-and-sauvignon-blanc-beard-aka-scott-gairdner-aka-podcast-the-ride,wow,51
yarrrrrrctdoughbarrrrrchest-blue-bayou-with-captain-jason-barbosa-aka-jason-sheridan-michael-will-turner-carlson-aka-mike-carlson-and-sauvignon-blanc-beard-aka-scott-gairdner-aka-podcast-the-ride,spoonman,2
yarrrrrrctdoughbarrrrrchest-blue-bayou-with-captain-jason-barbosa-aka-jason-sheridan-michael-will-turner-carlson-aka-mike-carlson-and-sauvignon-blanc-beard-aka-scott-gairdner-aka-podcast-the-ride,platinum plate club,1
yarrrrrrctdoughbarrrrrchest-blue-bayou-with-captain-jason-barbosa-aka-jason-sheridan-michael-will-turner-carlson-aka-mike-carlson-and-sauvignon-blanc-beard-aka-scott-gairdner-aka-podcast-the-ride,munch madness,1
yarrrrrrctdoughbarrrrrchest-blue-bayou-with-captain-jason-barbosa-aka-jason-sheridan-michael-will-turner-carlson-aka-mike-carlson-and-sauvignon-blanc-beard-aka-scott-gairdner-aka-podcast-the-ride,oh my god,8
yarrrrrrctdoughbarrrrrchest-blue-bayou-with-captain-jason-barbosa-aka-jason-sheridan-michael-will-turner-carlson-aka-mike-carlson-and-sauvignon-blanc-beard-aka-scott-gairdner-aka-podcast-the-ride,jesus christ,4
yarrrrrrctdoughbarrrrrchest-blue-bayou-with-captain-jason-barbosa-aka-jason-sheridan-michael-will-turner-carlson-aka-mike-carlson-and-sauvignon-blanc-beard-aka-scott-gairdner-aka-podcast-the-ride,simulacrum,1
yarrrrrrctdoughbarrrrrchest-blue-bayou-with-captain-jason-barbosa-aka-jason-sheridan-michael-will-turner-carlson-aka-mike-carlson-and-sauvignon-blanc-beard-aka-scott-gairdner-aka-podcast-the-ride,ungapatchka,1
yogurtland-with-van-robichaux,wow,14
yogurtland-with-van-robichaux,spoonman,10
yogurtland-with-van-robichaux,oh my god,2
yogurtland-with-van-robichaux,jesus christ,7
yogurtland-with-van-robichaux,for god's sake,3
yogurtland-with-van-robichaux,spoon nation,3
yogurtland-with-van-robichaux,spoiler alert,1
yoshinoya-with-jensen-karp,wow,12
yoshinoya-with-jensen-karp,spoonman,3
yoshinoya-with-jensen-karp,snack or wack,2
yoshinoya-with-jensen-karp,oh my god,9
yoshinoya-with-jensen-karp,jesus christ,5
yoshinoya-with-jensen-karp,spoon nation,2
yoshinoya-with-jensen-karp,hand holding club,2
