page,number,restaurant,date,live,live_type,live_city,rater,role,rating_raw,rating_original,rating,rating_note,revised,off_scale,off_scale_original
1 – Chili’s with Eva Anderson,1,Chili's,2015-05-20,False,,,Nick Wiger,nick,3 forks*,3.0,3.0,footnote,False,False,False
1 – Chili’s with Eva Anderson,1,Chili's,2015-05-20,False,,,Mike Mitchell,mitch,4 forks*,4.0,4.0,footnote,False,False,False
1 – Chili’s with Eva Anderson,1,Chili's,2015-05-20,False,,,Eva Anderson,guest,3 forks*,3.0,3.0,footnote,False,False,False
1 – Chili’s with Eva Anderson,1,Chili's,2015-05-20,False,,,Nick & Mitch shared,guest,,,,no rating,False,False,False
Taco Bell with Jack Allison,2,Taco Bell,2015-05-25,False,,,Nick Wiger,nick,3 forks,3.0,3.0,,False,False,False
Taco Bell with Jack Allison,2,Taco Bell,2015-05-25,False,,,Mike Mitchell,mitch,5 forks,5.0,5.0,,False,False,False
Taco Bell with Jack Allison,2,Taco Bell,2015-05-25,False,,,Jack Allison,guest,5 forks,5.0,5.0,,False,False,False
3 - IHOP with Alison Agosti,3,IHOP,2015-05-28,False,,,Nick Wiger,nick,4 forks,4.0,4.0,,False,False,False
3 - IHOP with Alison Agosti,3,IHOP,2015-05-28,False,,,Mike Mitchell,mitch,3.5 forks,3.5,3.5,,False,False,False
3 - IHOP with Alison Agosti,3,IHOP,2015-05-28,False,,,Alison Agosti,guest,4 forks,4.0,4.0,,False,False,False
4 - Outback Steakhouse with Jon Gabrus,4,Outback Steakhouse,2015-06-04,False,,,Nick Wiger,nick,4 forks,4.0,4.0,,False,False,False
4 - Outback Steakhouse with Jon Gabrus,4,Outback Steakhouse,2015-06-04,False,,,Mike Mitchell,mitch,3.5 forks,3.5,3.5,,False,False,False
4 - Outback Steakhouse with Jon Gabrus,4,Outback Steakhouse,2015-06-04,False,,,Jon Gabrus,guest,4 forks,4.0,4.0,,False,False,False
4 - Outback Steakhouse with Jon Gabrus,4,Outback Steakhouse,2015-06-04,False,,,Nick & Mitch shared,guest,,,,no rating,False,False,False
Long John Silver's with Mary Holland,5,Long John Silver's,2015-06-11,False,,,Nick Wiger,nick,2 forks,2.0,2.0,,False,False,False
Long John Silver's with Mary Holland,5,Long John Silver's,2015-06-11,False,,,Mike Mitchell,mitch,2.5 forks and a Golden Spoon,2.5,2.5,text: 2.5 forks and a Golden Spoon,False,False,False
Long John Silver's with Mary Holland,5,Long John Silver's,2015-06-11,False,,,Mary Holland,guest,4 forks,4.0,4.0,,False,False,False
TGI Fridays with Jordan Morris,6,TGI Fridays,2015-06-18,False,,,Nick Wiger,nick,4 forks,4.0,4.0,,False,False,False
TGI Fridays with Jordan Morris,6,TGI Fridays,2015-06-18,False,,,Mike Mitchell,mitch,4.5 forks,4.5,4.5,,False,False,False
TGI Fridays with Jordan Morris,6,TGI Fridays,2015-06-18,False,,,Jordan Morris,guest,3 forks,3.0,3.0,,False,False,False
Chipotle with Mike Hanford,7,Chipotle,2015-06-25,False,,,Nick Wiger,nick,5 forks,5.0,5.0,,False,False,False
Chipotle with Mike Hanford,7,Chipotle,2015-06-25,False,,,Mike Mitchell,mitch,4 forks,4.0,4.0,,False,False,False
Chipotle with Mike Hanford,7,Chipotle,2015-06-25,False,,,Mike Hanford,guest,5 forks,5.0,5.0,,False,False,False
Umami Burger with Heather Anne Campbell,8,Umami Burger,2015-07-02,False,,,Nick Wiger,nick,3 forks,3.0,3.0,,False,False,False
Umami Burger with Heather Anne Campbell,8,Umami Burger,2015-07-02,False,,,Mike Mitchell,mitch,2.5 forks,2.5,2.5,,False,False,False
Umami Burger with Heather Anne Campbell,8,Umami Burger,2015-07-02,False,,,Heather Anne Campbell,guest,2 forks,2.0,2.0,,False,False,False
Carl’s Jr./Hardee’s with Ben Axelrad,9,Carl's Jr./Hardee's,2015-07-09,False,,,Nick Wiger,nick,4 forks,4.0,4.0,,False,False,False
Carl’s Jr./Hardee’s with Ben Axelrad,9,Carl's Jr./Hardee's,2015-07-09,False,,,Mike Mitchell,mitch,5 Carl's Jr. stars,5.0,5.0,text: 5 Carl's Jr. stars,False,False,False
Carl’s Jr./Hardee’s with Ben Axelrad,9,Carl's Jr./Hardee's,2015-07-09,False,,,Ben Axelrad,guest,4 forks,4.0,4.0,,False,False,False
Domino’s with Matt Kowalick,10,Domino's,2015-07-16,False,,,Nick Wiger,nick,3 forks,3.0,3.0,,False,False,False
Domino’s with Matt Kowalick,10,Domino's,2015-07-16,False,,,Mike Mitchell,mitch,4 forks,4.0,4.0,,False,False,False
Domino’s with Matt Kowalick,10,Domino's,2015-07-16,False,,,Matt Kowalick,guest,4 forks,4.0,4.0,,False,False,False
Carrows with Erin Whitehead,11,Carrows,2015-07-23,False,,,Nick Wiger,nick,2 forks,2.0,2.0,,False,False,False
Carrows with Erin Whitehead,11,Carrows,2015-07-23,False,,,Mike Mitchell,mitch,.5 fork,0.5,-1.0,,True,True,False
Carrows with Erin Whitehead,11,Carrows,2015-07-23,False,,,Erin Whitehead,guest,2 forks,2.0,2.0,,False,False,False
Carrows with Erin Whitehead,11,Carrows,2015-07-23,False,,,Nick and Mitch shared,guest,,,,no rating,False,False,False
Chick-fil-A with Betsy Sodaro,12,Chick-fil-A,2015-07-29,False,,,Nick Wiger,nick,4 forks,4.0,4.0,,False,False,False
Chick-fil-A with Betsy Sodaro,12,Chick-fil-A,2015-07-29,False,,,Mike Mitchell,mitch,4.5 forks,4.5,4.5,,False,False,False
Chick-fil-A with Betsy Sodaro,12,Chick-fil-A,2015-07-29,False,,,Betsy Sodaro,guest,5 forks,5.0,5.0,,False,False,False
Denny’s with Farley Elliott,13,Denny's,2015-08-06,False,,,Nick Wiger,nick,3 forks,3.0,3.0,,False,False,False
Denny’s with Farley Elliott,13,Denny's,2015-08-06,False,,,Mike Mitchell,mitch,3 forks,3.0,3.0,,False,False,False
Denny’s with Farley Elliott,13,Denny's,2015-08-06,False,,,Farley Elliott,guest,3.5 forks,3.5,3.5,,False,False,False
Original Tommy’s with Jim Woods,14,Original Tommy's,2015-08-12,False,,,Nick Wiger,nick,3.5 forks,3.5,3.5,,False,False,False
Original Tommy’s with Jim Woods,14,Original Tommy's,2015-08-12,False,,,Mike Mitchell,mitch,3.5 forks,3.5,3.5,,False,False,False
Original Tommy’s with Jim Woods,14,Original Tommy's,2015-08-12,False,,,Jim Woods,guest,3.5 forks,3.5,3.5,,False,False,False
Original Tommy’s with Jim Woods,14,Original Tommy's,2015-08-12,False,,,Nick and Mitch shared,guest,,,,no rating,False,False,False
Boston Market with Annie Mebane,15,Boston Market,2015-08-19,False,,,Nick Wiger,nick,3.5 forks,3.5,3.5,,False,False,False
Boston Market with Annie Mebane,15,Boston Market,2015-08-19,False,,,Mike Mitchell,mitch,3.5 forks,3.5,3.5,,False,False,False
Boston Market with Annie Mebane,15,Boston Market,2015-08-19,False,,,Annie Mebane,guest,3.5 forks,3.5,3.5,,False,False,False
In-N-Out Burger with Armen Weitzman,16,In-N-Out Burger,2015-08-27,False,,,Nick Wiger,nick,5 forks,5.0,5.0,,False,False,False
In-N-Out Burger with Armen Weitzman,16,In-N-Out Burger,2015-08-27,False,,,Mike Mitchell,mitch,5 forks,5.0,3.0,,True,False,False
In-N-Out Burger with Armen Weitzman,16,In-N-Out Burger,2015-08-27,False,,,Armen Weitzman,guest,5 forks,5.0,5.0,,False,False,False
Subway with Fran Gillespie,17,Subway,2015-09-03,False,,,Nick Wiger,nick,2 forks,2.0,2.0,,False,False,False
Subway with Fran Gillespie,17,Subway,2015-09-03,False,,,Mike Mitchell,mitch,3 forks,3.0,3.0,,False,False,False
Subway with Fran Gillespie,17,Subway,2015-09-03,False,,,Fran Gillespie,guest,2 forks,2.0,2.0,,False,False,False
Steak ‘n Shake with Evan Susser,18,Steak 'n Shake,2015-09-09,False,,,Nick Wiger,nick,1 fork*,3.0,1.0,footnote,True,False,False
Steak ‘n Shake with Evan Susser,18,Steak 'n Shake,2015-09-09,False,,,Mike Mitchell,mitch,3.5 forks,3.5,3.5,,False,False,False
Steak ‘n Shake with Evan Susser,18,Steak 'n Shake,2015-09-09,False,,,Evan Susser,guest,3.5 forks,3.5,3.5,,False,False,False
Buffalo Wild Wings with Matt Selman,19,Buffalo Wild Wings,2015-09-18,False,,,Nick Wiger,nick,4 forks,4.0,4.0,,False,False,False
Buffalo Wild Wings with Matt Selman,19,Buffalo Wild Wings,2015-09-18,False,,,Mike Mitchell,mitch,4 forks,4.0,4.0,,False,False,False
Buffalo Wild Wings with Matt Selman,19,Buffalo Wild Wings,2015-09-18,False,,,Matt Selman,guest,4.33 forks,4.33,4.33,,False,False,False
Starbucks with Joe Saunders,20,Starbucks,2015-09-24,False,,,Nick Wiger,nick,<s>4</s> 3 forks,4.0,3.0,,True,False,False
Starbucks with Joe Saunders,20,Starbucks,2015-09-24,False,,,Mike Mitchell,mitch,2.5 forks,2.5,2.5,,False,False,False
Starbucks with Joe Saunders,20,Starbucks,2015-09-24,False,,,Joe Saunders,guest,3 forks,3.0,3.0,,False,False,False
L&L Hawaiian Barbecue with Eugene Cordero,21,L&L Hawaiian Barbecue,2015-10-01,False,,,Nick Wiger,nick,4 forks,4.0,4.0,,False,False,False
L&L Hawaiian Barbecue with Eugene Cordero,21,L&L Hawaiian Barbecue,2015-10-01,False,,,Mike Mitchell,mitch,4 forks,4.0,4.0,,False,False,False
L&L Hawaiian Barbecue with Eugene Cordero,21,L&L Hawaiian Barbecue,2015-10-01,False,,,Eugene Cordero,guest,4.5 forks,4.5,4.5,,False,False,False
Rockdoughberfest: Cabo Wabo Cantina with Julie Brister,22,Cabo Wabo Cantina,2015-10-08,False,,,Nick Wiger,nick,3.5 forks,3.5,3.5,,False,False,False
Rockdoughberfest: Cabo Wabo Cantina with Julie Brister,22,Cabo Wabo Cantina,2015-10-08,False,,,Mike Mitchell,mitch,2 forks*,3.5,2.0,footnote,True,False,False
Rockdoughberfest: Cabo Wabo Cantina with Julie Brister,22,Cabo Wabo Cantina,2015-10-08,False,,,Julie Brister,guest,4 forks,4.0,4.0,,False,False,False
Rockdoughberfest: Margaritaville with Mike Carlson,23,Margaritaville,2015-10-15,False,,,Nick Wiger,nick,3 forks,3.0,3.0,,False,False,False
Rockdoughberfest: Margaritaville with Mike Carlson,23,Margaritaville,2015-10-15,False,,,Mike Mitchell,mitch,2.5 forks*,3.5,2.5,footnote,True,False,False
Rockdoughberfest: Margaritaville with Mike Carlson,23,Margaritaville,2015-10-15,False,,,Mike Carlson,guest,4 forks**,4.0,4.0,footnote,False,False,False
Rockdoughberfest: Margaritaville with Mike Carlson,23,Margaritaville,2015-10-15,False,,,Nick and Mitch shared,guest,,,,no rating,False,False,False
Rockdoughberfest: Hard Rock Cafe with Scott Gairdner,24,Hard Rock Cafe,2015-10-22,False,,,Nick Wiger,nick,2 forks,2.0,2.0,,False,False,False
Rockdoughberfest: Hard Rock Cafe with Scott Gairdner,24,Hard Rock Cafe,2015-10-22,False,,,Mike Mitchell,mitch,2 forks*,2.5,2.0,footnote,True,False,False
Rockdoughberfest: Hard Rock Cafe with Scott Gairdner,24,Hard Rock Cafe,2015-10-22,False,,,Scott Gairdner,guest,2.5 forks,2.5,2.5,,False,False,False
Rockdoughberfest: Rock & Brews with Zoe Jarman,25,Rock & Brews,2015-10-29,False,,,Nick Wiger,nick,3.5 forks,3.5,3.5,,False,False,False
Rockdoughberfest: Rock & Brews with Zoe Jarman,25,Rock & Brews,2015-10-29,False,,,Mike Mitchell,mitch,3 forks,3.0,3.0,,False,False,False
Rockdoughberfest: Rock & Brews with Zoe Jarman,25,Rock & Brews,2015-10-29,False,,,Zoe Jarman,guest,3 forks,3.0,3.0,,False,False,False
Burger King with John Roy,26,Burger King,2015-11-05,False,,,Nick Wiger,nick,3 forks,3.0,3.0,,False,False,False
Burger King with John Roy,26,Burger King,2015-11-05,False,,,Mike Mitchell,mitch,3.5 forks,3.5,3.5,,False,False,False
Burger King with John Roy,26,Burger King,2015-11-05,False,,,John Roy,guest,4 forks,4.0,4.0,,False,False,False
Fuddruckers with Ryan Perez,27,Fuddruckers,2015-11-12,False,,,Nick Wiger,nick,5 forks,5.0,5.0,,False,False,False
Fuddruckers with Ryan Perez,27,Fuddruckers,2015-11-12,False,,,Mike Mitchell,mitch,4 forks,4.0,4.0,,False,False,False
Fuddruckers with Ryan Perez,27,Fuddruckers,2015-11-12,False,,,Ryan Perez,guest,4 forks,4.0,4.0,,False,False,False
Del Taco with Alan Yang,28,Del Taco,2015-11-19,False,,,Nick Wiger,nick,5 forks,5.0,5.0,,False,False,False
Del Taco with Alan Yang,28,Del Taco,2015-11-19,False,,,Mike Mitchell,mitch,4.5 forks,4.5,4.5,,False,False,False
Del Taco with Alan Yang,28,Del Taco,2015-11-19,False,,,Alan Yang,guest,4 forks,4.0,4.0,,False,False,False
Wingstop with Emmy Blotnick,29,Wingstop,2015-12-03,False,,,Nick Wiger,nick,3 forks,3.0,3.0,,False,False,False
Wingstop with Emmy Blotnick,29,Wingstop,2015-12-03,False,,,Mike Mitchell,mitch,4 forks,4.0,4.0,,False,False,False
Wingstop with Emmy Blotnick,29,Wingstop,2015-12-03,False,,,Emmy Blotnick,guest,2.5 forks,2.5,2.5,,False,False,False
Arby’s with Vanessa Ramos,30,Arby's,2015-12-10,False,,,Nick Wiger,nick,4 forks,4.0,4.0,,False,False,False
Arby’s with Vanessa Ramos,30,Arby's,2015-12-10,False,,,Mike Mitchell,mitch,3.5 forks,3.5,3.5,,False,False,False
Arby’s with Vanessa Ramos,30,Arby's,2015-12-10,False,,,Vanessa Ramos,guest,3 forks,3.0,3.0,,False,False,False
Steak ‘n Shake 2 with Evan Susser,31,Steak 'n Shake,2015-12-17,False,,,Nick Wiger,nick,5 forks,5.0,5.0,,False,False,False
Steak ‘n Shake 2 with Evan Susser,31,Steak 'n Shake,2015-12-17,False,,,Mike Mitchell,mitch,5 forks,5.0,5.0,,False,False,False
Steak ‘n Shake 2 with Evan Susser,31,Steak 'n Shake,2015-12-17,False,,,Evan Susser,guest,5 forks,5.0,5.0,,False,False,False
Pizza Hut with Neil Campbell,32,Pizza Hut,2016-01-07,False,,,Nick Wiger,nick,2.5 forks,2.5,2.5,,False,False,False
Pizza Hut with Neil Campbell,32,Pizza Hut,2016-01-07,False,,,Mike Mitchell,mitch,3 forks,3.0,3.0,,False,False,False
Pizza Hut with Neil Campbell,32,Pizza Hut,2016-01-07,False,,,Neil Campbell,guest,1 fork,1.0,1.0,,False,False,False
Five Guys with Jefferson Dutton,33,Five Guys,2016-01-14,False,,,Nick Wiger,nick,4 forks**,4.0,4.0,footnote,False,False,False
Five Guys with Jefferson Dutton,33,Five Guys,2016-01-14,False,,,Mike Mitchell,mitch,4 forks*,4.0,4.0,footnote,False,False,False
Five Guys with Jefferson Dutton,33,Five Guys,2016-01-14,False,,,Jefferson Dutton,guest,3.5 forks,3.5,3.5,,False,False,False
California Pizza Kitchen with Eva Anderson,34,California Pizza Kitchen,2016-01-21,False,,,Nick Wiger,nick,3.5 forks,3.5,3.5,,False,False,False
California Pizza Kitchen with Eva Anderson,34,California Pizza Kitchen,2016-01-21,False,,,Mike Mitchell,mitch,2.5 forks,2.5,2.5,,False,False,False
California Pizza Kitchen with Eva Anderson,34,California Pizza Kitchen,2016-01-21,False,,,Eva Anderson,guest,3.5 forks,3.5,3.5,,False,False,False
Krispy Kreme with Matt Besser,35,Krispy Kreme,2016-01-28,False,,,Nick Wiger,nick,3.5 forks,3.5,3.5,,False,False,False
Krispy Kreme with Matt Besser,35,Krispy Kreme,2016-01-28,False,,,Mike Mitchell,mitch,3 forks,3.0,3.0,,False,False,False
Krispy Kreme with Matt Besser,35,Krispy Kreme,2016-01-28,False,,,Matt Besser,guest,5 spoons,5.0,5.0,text: 5 spoons,False,False,False
Togo’s with Matty Smith,36,Togo's,2016-02-04,False,,,Nick Wiger,nick,3 forks,3.0,3.0,,False,False,False
Togo’s with Matty Smith,36,Togo's,2016-02-04,False,,,Mike Mitchell,mitch,2 forks,2.0,2.0,,False,False,False
Togo’s with Matty Smith,36,Togo's,2016-02-04,False,,,Matty Smith,guest,1 fork,1.0,1.0,,False,False,False
Panda Express with Tricia McAlpin,37,Panda Express,2016-02-11,False,,,Nick Wiger,nick,2.5 forks,2.5,2.5,,False,False,False
Panda Express with Tricia McAlpin,37,Panda Express,2016-02-11,False,,,Mike Mitchell,mitch,3 forks,3.0,3.0,,False,False,False
Panda Express with Tricia McAlpin,37,Panda Express,2016-02-11,False,,,Tricia McAlpin,guest,4 forks,4.0,4.0,,False,False,False
Mimi’s Cafe with Georgia Hardstark,38,Mimi's Cafe,2016-02-18,False,,,Nick Wiger,nick,4.3 forks,4.3,4.3,,False,False,False
Mimi’s Cafe with Georgia Hardstark,38,Mimi's Cafe,2016-02-18,False,,,Mike Mitchell,mitch,3 forks,3.0,3.0,,False,False,False
Mimi’s Cafe with Georgia Hardstark,38,Mimi's Cafe,2016-02-18,False,,,Georgia Hardstark,guest,3 forks,3.0,3.0,,False,False,False
Wendy’s with Paul Rust,39,Wendy's,2016-02-25,False,,,Nick Wiger,nick,5 forks,5.0,5.0,,False,False,False
Wendy’s with Paul Rust,39,Wendy's,2016-02-25,False,,,Mike Mitchell,mitch,5 forks,5.0,5.0,,False,False,False
Wendy’s with Paul Rust,39,Wendy's,2016-02-25,False,,,Paul Rust,guest,5 forks,5.0,5.0,,False,False,False
Veggie Grill with Nathan Barnatt,47,Veggie Grill,2016-04-07,False,,,Nick Wiger,nick,4.5 forks,4.5,4.5,,False,False,False
Veggie Grill with Nathan Barnatt,47,Veggie Grill,2016-04-07,False,,,Mike Mitchell,mitch,4 forks,4.0,4.0,,False,False,False
Veggie Grill with Nathan Barnatt,47,Veggie Grill,2016-04-07,False,,,Nathan Barnatt,guest,5 forks,5.0,5.0,,False,False,False
Chuck E. Cheese’s with Erin McGathy,48,Chuck E. Cheese's,2016-04-14,False,,,Nick Wiger,nick,1.5 forks,1.5,1.5,,False,False,False
Chuck E. Cheese’s with Erin McGathy,48,Chuck E. Cheese's,2016-04-14,False,,,Mike Mitchell,mitch,1.5 forks,1.5,1.5,,False,False,False
Chuck E. Cheese’s with Erin McGathy,48,Chuck E. Cheese's,2016-04-14,False,,,Erin McGathy,guest,1.25 forks,1.25,1.25,,False,False,False
sweetgreen with Siobhan Thompson,49,sweetgreen,2016-04-21,False,,,Nick Wiger,nick,4 forks,4.0,5.0,,True,False,False
sweetgreen with Siobhan Thompson,49,sweetgreen,2016-04-21,False,,,Mike Mitchell,mitch,4 forks,4.0,4.0,,False,False,False
sweetgreen with Siobhan Thompson,49,sweetgreen,2016-04-21,False,,,Siobhan Thompson,guest,4 forks,4.0,4.0,,False,False,False
Hillstone with David Phillips,50,Hillstone,2016-04-28,False,,,Nick Wiger,nick,5 forks,5.0,5.0,,False,False,False
Hillstone with David Phillips,50,Hillstone,2016-04-28,False,,,Mike Mitchell,mitch,5 forks,5.0,5.0,,False,False,False
Hillstone with David Phillips,50,Hillstone,2016-04-28,False,,,David Phillips,guest,5 forks,5.0,5.0,,False,False,False
The Olive Garden with Christine Nangle,51,The Olive Garden,2016-05-05,False,,,Nick Wiger,nick,2.5 forks,2.5,2.5,,False,False,False
The Olive Garden with Christine Nangle,51,The Olive Garden,2016-05-05,False,,,Mike Mitchell,mitch,1.5 forks,1.5,1.5,,False,False,False
The Olive Garden with Christine Nangle,51,The Olive Garden,2016-05-05,False,,,Christine Nangle,guest,1.5 forks,1.5,1.5,,False,False,False
Morton’s The Steakhouse with Tim Kalpakis,52,Morton's The Steakhouse,2016-05-12,False,,,Nick Wiger,nick,5 forks,5.0,5.0,,False,False,False
Morton’s The Steakhouse with Tim Kalpakis,52,Morton's The Steakhouse,2016-05-12,False,,,Mike Mitchell,mitch,5 forks,5.0,5.0,,False,False,False
Morton’s The Steakhouse with Tim Kalpakis,52,Morton's The Steakhouse,2016-05-12,False,,,Tim Kalpakis,guest,5 forks,5.0,5.0,,False,False,False
Yoshinoya with Jensen Karp,53,Yoshinoya,2016-05-19,False,,,Nick Wiger,nick,1 fork,1.0,1.0,,False,False,False
Yoshinoya with Jensen Karp,53,Yoshinoya,2016-05-19,False,,,Mike Mitchell,mitch,2 forks,2.0,2.0,,False,False,False
Yoshinoya with Jensen Karp,53,Yoshinoya,2016-05-19,False,,,Jensen Karp,guest,2 forks,2.0,2.0,,False,False,False
Yoshinoya with Jensen Karp,53,Yoshinoya,2016-05-19,False,,,Jensen Karp*,guest,3 forks,3.0,3.0,,False,False,False
Popeyes Louisiana Kitchen with Lesley Arfin,54,Popeyes Louisiana Kitchen,2016-05-26,False,,,Nick Wiger,nick,4.5 forks,4.5,4.5,,False,False,False
Popeyes Louisiana Kitchen with Lesley Arfin,54,Popeyes Louisiana Kitchen,2016-05-26,False,,,Mike Mitchell,mitch,3.5 forks,3.5,3.5,,False,False,False
Popeyes Louisiana Kitchen with Lesley Arfin,54,Popeyes Louisiana Kitchen,2016-05-26,False,,,Lesley Arfin,guest,3 forks,3.0,3.0,,False,False,False
Baja Fresh with Claudia O’Doherty,55,Baja Fresh,2016-06-02,False,,,Nick Wiger,nick,3 forks,3.0,3.0,,False,False,False
Baja Fresh with Claudia O’Doherty,55,Baja Fresh,2016-06-02,False,,,Mike Mitchell,mitch,2 forks,2.0,2.0,,False,False,False
Baja Fresh with Claudia O’Doherty,55,Baja Fresh,2016-06-02,False,,,Claudia O’Doherty,guest,2 forks,2.0,2.0,,False,False,False
Baja Fresh with Claudia O’Doherty,55,Baja Fresh,2016-06-02,False,,,Mitch and Claudia shared,guest,,,,no rating,False,False,False
Jollibee with Jonah Ray,56,Jollibee,2016-06-09,False,,,Nick Wiger,nick,3 forks,3.0,3.0,,False,False,False
Jollibee with Jonah Ray,56,Jollibee,2016-06-09,False,,,Mike Mitchell,mitch,2.75 forks,2.75,2.75,,False,False,False
Jollibee with Jonah Ray,56,Jollibee,2016-06-09,False,,,Jonah Ray,guest,2.5 forks,2.5,2.5,,False,False,False
Hokkaido Ramen Santouka with Jeff Kenji Sloniker,57,Hokkaido Ramen Santouka,2016-06-16,False,,,Nick Wiger,nick,4 forks,4.0,4.0,,False,False,False
Hokkaido Ramen Santouka with Jeff Kenji Sloniker,57,Hokkaido Ramen Santouka,2016-06-16,False,,,Mike Mitchell,mitch,5 forks,5.0,5.0,,False,False,False
Hokkaido Ramen Santouka with Jeff Kenji Sloniker,57,Hokkaido Ramen Santouka,2016-06-16,False,,,Jeff Kenji Sloniker,guest,5 forks,5.0,5.0,,False,False,False
Pinkberry with Lauren Lapkus,58,Pinkberry,2016-06-23,False,,,Nick Wiger,nick,3 forks,3.0,3.0,,False,False,False
Pinkberry with Lauren Lapkus,58,Pinkberry,2016-06-23,False,,,Mike Mitchell,mitch,3 forks,3.0,3.0,,False,False,False
Pinkberry with Lauren Lapkus,58,Pinkberry,2016-06-23,False,,,Lauren Lapkus,guest,3 forks,3.0,3.0,,False,False,False
Islands with Nick Mundy,59,Islands,2016-06-23,False,,,Nick Wiger,nick,4.5 forks,4.5,4.5,,False,False,False
Islands with Nick Mundy,59,Islands,2016-06-23,False,,,Mike Mitchell,mitch,3.5 forks,3.5,3.5,,False,False,False
Islands with Nick Mundy,59,Islands,2016-06-23,False,,,Nick Mundy,guest,4 forks,4.0,4.0,,False,False,False
Bubba Gump Shrimp Co. with Paul Scheer,60,Bubba Gump Shrimp Co.,2016-07-07,False,,,Nick Wiger,nick,3 forks,3.0,3.0,,False,False,False
Bubba Gump Shrimp Co. with Paul Scheer,60,Bubba Gump Shrimp Co.,2016-07-07,False,,,Mike Mitchell,mitch,3 forks,3.0,3.0,,False,False,False
Bubba Gump Shrimp Co. with Paul Scheer,60,Bubba Gump Shrimp Co.,2016-07-07,False,,,Paul Scheer,guest,3 forks,3.0,3.0,,False,False,False
Bob’s Big Boy with Dave Ferguson,61,Bob's Big Boy,2016-07-14,False,,,Nick Wiger,nick,4 forks,4.0,4.0,,False,False,False
Bob’s Big Boy with Dave Ferguson,61,Bob's Big Boy,2016-07-14,False,,,Mike Mitchell,mitch,3.9 forks,3.9,3.9,,False,False,False
Bob’s Big Boy with Dave Ferguson,61,Bob's Big Boy,2016-07-14,False,,,Dave Ferguson,guest,4 forks,4.0,4.0,,False,False,False
Fatburger with Yamara Taylor,62,Fatburger,2016-07-20,False,,,Nick Wiger,nick,4.5 forks,4.5,4.5,,False,False,False
Fatburger with Yamara Taylor,62,Fatburger,2016-07-20,False,,,Mike Mitchell,mitch,5 forks,5.0,5.0,,False,False,False
Fatburger with Yamara Taylor,62,Fatburger,2016-07-20,False,,,Yamara Taylor,guest,4.5 forks,4.5,4.5,,False,False,False
7-Eleven with Fran Gillespie (Live),63,7-Eleven,2016-07-28,True,in person,"Los Angeles, CA",Nick Wiger,nick,3 forks,3.0,3.0,,False,False,False
7-Eleven with Fran Gillespie (Live),63,7-Eleven,2016-07-28,True,in person,"Los Angeles, CA",Mike Mitchell,mitch,3.5 forks,3.5,3.5,,False,False,False
7-Eleven with Fran Gillespie (Live),63,7-Eleven,2016-07-28,True,in person,"Los Angeles, CA",Fran Gillespie,guest,3 forks,3.0,3.0,,False,False,False
The Cheesecake Factory with Beck Bennett,67,The Cheesecake Factory,2016-08-25,False,,,Nick Wiger,nick,5 forks,5.0,5.0,,False,False,False
The Cheesecake Factory with Beck Bennett,67,The Cheesecake Factory,2016-08-25,False,,,Mike Mitchell,mitch,5 forks,5.0,5.0,,False,False,False
The Cheesecake Factory with Beck Bennett,67,The Cheesecake Factory,2016-08-25,False,,,Beck Bennett,guest,5 forks,5.0,5.0,,False,False,False
Red Robin with D'Arcy Carden,68,Red Robin,2016-09-01,False,,,Nick Wiger,nick,3 forks,3.0,3.0,,False,False,False
Red Robin with D'Arcy Carden,68,Red Robin,2016-09-01,False,,,Mike Mitchell,mitch,"3 forks, 1 prong",3.0,3.0,"text: 3 forks, 1 prong",False,False,False
Red Robin with D'Arcy Carden,68,Red Robin,2016-09-01,False,,,D'Arcy Carden,guest,4 forks,4.0,4.0,,False,False,False
Yogurtland with Van Robichaux,69,Yogurtland,2016-09-08,False,,,Nick Wiger,nick,2 forks,2.0,2.0,,False,False,False
Yogurtland with Van Robichaux,69,Yogurtland,2016-09-08,False,,,Mike Mitchell,mitch,3.5 spoons,3.5,3.5,text: 3.5 spoons,False,False,False
Yogurtland with Van Robichaux,69,Yogurtland,2016-09-08,False,,,Van Robichaux,guest,1.5 forks,1.5,1.5,,False,False,False
Dave & Buster’s with Allan McLeod,70,Dave & Buster's,2016-09-15,False,,,Nick Wiger,nick,2.5 cat paws,2.5,2.5,text: 2.5 cat paws,False,False,False
Dave & Buster’s with Allan McLeod,70,Dave & Buster's,2016-09-15,False,,,Mike Mitchell,mitch,3.5 forks,3.5,3.5,,False,False,False
Dave & Buster’s with Allan McLeod,70,Dave & Buster's,2016-09-15,False,,,Allan McLeod,guest,3 forks,3.0,3.0,,False,False,False
Baskin-Robbins with Dave King,71,Baskin-Robbins,2016-09-22,False,,,Nick Wiger,nick,5 spoons,5.0,5.0,text: 5 spoons,False,False,False
Baskin-Robbins with Dave King,71,Baskin-Robbins,2016-09-22,False,,,Mike Mitchell,mitch,4 spoons,4.0,4.0,text: 4 spoons,False,False,False
Baskin-Robbins with Dave King,71,Baskin-Robbins,2016-09-22,False,,,Dave King,guest,3.5 spoons with a cherry on top,3.5,3.5,text: 3.5 spoons with a cherry on top,False,False,False
Dairy Queen with Christine Nangle and Matt Selman Live At L.A. Podfest 2016,72,Dairy Queen,2016-09-29,True,in person,"Los Angeles, CA",Nick Wiger,nick,4 forks,4.0,4.0,,False,False,False
Dairy Queen with Christine Nangle and Matt Selman Live At L.A. Podfest 2016,72,Dairy Queen,2016-09-29,True,in person,"Los Angeles, CA",Mike Mitchell,mitch,3.5 forks with a tiny pizza-box Barbie table,3.5,3.5,text: 3.5 forks with a tiny pizza-box Barbie table,False,False,False
Dairy Queen with Christine Nangle and Matt Selman Live At L.A. Podfest 2016,72,Dairy Queen,2016-09-29,True,in person,"Los Angeles, CA",Christine Nangle,guest,<s>100</s> 5 forks,5.0,5.0,,False,False,False
Rocklobsterfest: Red Lobster 4 with Sean Clements & Hayes Davenport,76,Red Lobster,2016-10-27,False,,,Nick Wiger,nick,3 candied apples,3.0,3.0,text: 3 candied apples,False,False,False
Rocklobsterfest: Red Lobster 4 with Sean Clements & Hayes Davenport,76,Red Lobster,2016-10-27,False,,,Mike Mitchell,mitch,2.5 candied apples,2.5,2.5,text: 2.5 candied apples,False,False,False
Rocklobsterfest: Red Lobster 4 with Sean Clements & Hayes Davenport,76,Red Lobster,2016-10-27,False,,,Sean Clements,guest,3 lobster claws,3.0,3.0,text: 3 lobster claws,False,False,False
Rocklobsterfest: Red Lobster 4 with Sean Clements & Hayes Davenport,76,Red Lobster,2016-10-27,False,,,Hayes Davenport,guest,1.5 lobster claws,1.5,1.5,text: 1.5 lobster claws,False,False,False
Rocklobsterfest: Red Lobster 4 with Sean Clements & Hayes Davenport,76,Red Lobster,2016-10-27,False,,,"Nick, Sean, & Hayes shared",guest,,,,no rating,False,False,False
Cold Stone Creamery with Kevin T. Porter,77,Cold Stone Creamery,2016-11-02,False,,,Nick Wiger,nick,4 spoons,4.0,4.0,text: 4 spoons,False,False,False
Cold Stone Creamery with Kevin T. Porter,77,Cold Stone Creamery,2016-11-02,False,,,Mike Mitchell,mitch,2 spoons,2.0,2.0,text: 2 spoons,False,False,False
Cold Stone Creamery with Kevin T. Porter,77,Cold Stone Creamery,2016-11-02,False,,,Kevin T. Porter,guest,3 spoons,3.0,3.0,text: 3 spoons,False,False,False
Wood Ranch with Esther Povitsky,78,Wood Ranch,2016-11-10,False,,,Nick Wiger,nick,4.5 forks,4.5,4.5,,False,False,False
Wood Ranch with Esther Povitsky,78,Wood Ranch,2016-11-10,False,,,Mike Mitchell,mitch,2.5 forks,2.5,2.5,,False,False,False
Wood Ranch with Esther Povitsky,78,Wood Ranch,2016-11-10,False,,,Esther Povitsky,guest,4 forks,4.0,4.0,,False,False,False
Church's Chicken with Demi Adejuyigbe,79,Church's Chicken,2016-11-17,False,,,Nick Wiger,nick,4.5 forks,4.5,4.5,,False,False,False
Church's Chicken with Demi Adejuyigbe,79,Church's Chicken,2016-11-17,False,,,Mike Mitchell,mitch,4 forks,4.0,4.0,,False,False,False
Church's Chicken with Demi Adejuyigbe,79,Church's Chicken,2016-11-17,False,,,Demi Adejuyigbe,guest,5 forks,5.0,5.0,,False,False,False
Hooters with Kulap Vilaysack,80,Hooters,2016-11-30,False,,,Nick Wiger,nick,2 forks,2.0,2.0,,False,False,False
Hooters with Kulap Vilaysack,80,Hooters,2016-11-30,False,,,Mike Mitchell,mitch,2.5 forks,2.5,2.5,,False,False,False
Hooters with Kulap Vilaysack,80,Hooters,2016-11-30,False,,,Kulap Vilaysack,guest,2 forks,2.0,2.0,,False,False,False
Jack in the Box with Spencer Crittenden,81,Jack in the Box,2016-12-08,False,,,Nick Wiger,nick,5 forks,5.0,5.0,,False,False,False
Jack in the Box with Spencer Crittenden,81,Jack in the Box,2016-12-08,False,,,Mike Mitchell,mitch,3.5 forks,3.5,3.5,,False,False,False
Jack in the Box with Spencer Crittenden,81,Jack in the Box,2016-12-08,False,,,Spencer Crittenden,guest,3.5 forks,3.5,3.5,,False,False,False
Steak 'n Shake 3 with Evan Susser,82,Steak 'n Shake,2016-12-15,False,,,Nick Wiger,nick,2 forks,2.0,2.0,,False,False,False
Steak 'n Shake 3 with Evan Susser,82,Steak 'n Shake,2016-12-15,False,,,Mike Mitchell,mitch,2.5 shit mounds,2.5,2.5,text: 2.5 shit mounds,False,False,False
Steak 'n Shake 3 with Evan Susser,82,Steak 'n Shake,2016-12-15,False,,,Evan Susser,guest,2 forks,2.0,2.0,,False,False,False
Tender Greens with Ryan Stanger,83,Tender Greens,2017-01-05,False,,,Nick Wiger,nick,3 forks,3.0,3.0,,False,False,False
Tender Greens with Ryan Stanger,83,Tender Greens,2017-01-05,False,,,Mike Mitchell,mitch,3 forks,3.0,3.0,,False,False,False
Tender Greens with Ryan Stanger,83,Tender Greens,2017-01-05,False,,,Ryan Stanger,guest,3.5 forks,3.5,3.5,,False,False,False
Buca di Beppo with Drew McWeeny,84,Buca di Beppo,2017-01-12,False,,,Nick Wiger,nick,2.5 forks,2.5,2.5,,False,False,False
Buca di Beppo with Drew McWeeny,84,Buca di Beppo,2017-01-12,False,,,Mike Mitchell,mitch,2.5 forks,2.5,2.5,,False,False,False
Buca di Beppo with Drew McWeeny,84,Buca di Beppo,2017-01-12,False,,,Drew McWeeny,guest,2.75 forks,2.75,2.75,,False,False,False
Tony Roma's with Bug Mane,85,Tony Roma's,2017-01-19,False,,,Nick Wiger,nick,3.5 forks,3.5,3.5,,False,False,False
Tony Roma's with Bug Mane,85,Tony Roma's,2017-01-19,False,,,Mike Mitchell,mitch,4 forks,4.0,4.0,,False,False,False
Tony Roma's with Bug Mane,85,Tony Roma's,2017-01-19,False,,,Bug Mane,guest,5 forks,5.0,5.0,,False,False,False
Taco Bell 2 with Jon Gabrus (LIVE),86,Taco Bell,2017-01-26,True,in person,"San Francisco, CA",Nick Wiger,nick,4 forks,4.0,4.0,,False,False,False
Taco Bell 2 with Jon Gabrus (LIVE),86,Taco Bell,2017-01-26,True,in person,"San Francisco, CA",Mike Mitchell,mitch,5 forks,5.0,5.0,,False,False,False
Taco Bell 2 with Jon Gabrus (LIVE),86,Taco Bell,2017-01-26,True,in person,"San Francisco, CA",Jon Gabrus,guest,5 forks,5.0,5.0,,False,False,False
Taco Bell 3 with Bobby Lee,87,Taco Bell,2017-02-02,False,,,Nick Wiger,nick,4.5 forks,4.5,4.5,,False,False,False
Taco Bell 3 with Bobby Lee,87,Taco Bell,2017-02-02,False,,,Mike Mitchell,mitch,5 forks,5.0,5.0,,False,False,False
Taco Bell 3 with Bobby Lee,87,Taco Bell,2017-02-02,False,,,Bobby Lee,guest,5 forks,5.0,5.0,,False,False,False
BJ's with Sean Clements & Hayes Davenport,88,BJ's,2017-02-09,False,,,Nick Wiger,nick,5 forks,5.0,5.0,,False,False,False
BJ's with Sean Clements & Hayes Davenport,88,BJ's,2017-02-09,False,,,Mike Mitchell,mitch,3.5 forks,3.5,3.5,,False,False,False
BJ's with Sean Clements & Hayes Davenport,88,BJ's,2017-02-09,False,,,Sean Clements,guest,3.1 forks,3.1,3.1,,False,False,False
BJ's with Sean Clements & Hayes Davenport,88,BJ's,2017-02-09,False,,,Hayes Davenport,guest,3.4 forks,3.4,3.4,,False,False,False
In-N-Out Burger 2 with ???,90,In-N-Out Burger,2017-02-23,False,,,Nick Wiger,nick,5 forks,5.0,5.0,,False,False,False
In-N-Out Burger 2 with ???,90,In-N-Out Burger,2017-02-23,False,,,Mike Mitchell,mitch,4.5 forks,4.5,4.5,,False,False,False
Jamba Juice with Dylan Gelula,98,Jamba Juice,2017-04-06,False,,,Nick Wiger,nick,2 forks,2.0,2.0,,False,False,False
Jamba Juice with Dylan Gelula,98,Jamba Juice,2017-04-06,False,,,Mike Mitchell,mitch,2.5 forks,2.5,2.5,,False,False,False
Jamba Juice with Dylan Gelula,98,Jamba Juice,2017-04-06,False,,,Dylan Gelula,guest,1 fork,1.0,1.0,,False,False,False
Jimmy John's with Lauren Lapkus,99,Jimmy John's,2017-04-13,False,,,Nick Wiger,nick,3.5 forks,3.5,3.5,,False,False,False
Jimmy John's with Lauren Lapkus,99,Jimmy John's,2017-04-13,False,,,Mike Mitchell,mitch,2.5 forks,2.5,2.5,,False,False,False
Jimmy John's with Lauren Lapkus,99,Jimmy John's,2017-04-13,False,,,Lauren Lapkus,guest,4 forks,4.0,4.0,,False,False,False
Wetzel's Pretzels with Jon Daly,101,Wetzel's Pretzels,2017-04-27,False,,,Nick Wiger,nick,4 forks,4.0,4.0,,False,False,False
Wetzel's Pretzels with Jon Daly,101,Wetzel's Pretzels,2017-04-27,False,,,Mike Mitchell,mitch,3 forks,3.0,3.0,,False,False,False
Wetzel's Pretzels with Jon Daly,101,Wetzel's Pretzels,2017-04-27,False,,,Jon Daly,guest,0.5 forks,0.5,0.5,,False,False,False
Wetzel's Pretzels with Jon Daly,101,Wetzel's Pretzels,2017-04-27,False,,,Nick and Mitch shared,guest,,,,no rating,False,False,False
Mr. Pizza with Jesse Thorn,102,Mr. Pizza,2017-05-04,False,,,Nick Wiger*,guest,3 forks,3.0,3.0,,False,False,False
Mr. Pizza with Jesse Thorn,102,Mr. Pizza,2017-05-04,False,,,Mike Mitchell,mitch,2 forks,2.0,2.0,,False,False,False
Mr. Pizza with Jesse Thorn,102,Mr. Pizza,2017-05-04,False,,,Jesse Thorn,guest,2.5 forks,2.5,2.5,,False,False,False
Carl's Jr./Hardee's 2 with Chris VanArtsdalen,103,Carl's Jr./Hardee's,2017-05-11,False,,,Nick Wiger,nick,4 forks,4.0,4.0,,False,False,False
Carl's Jr./Hardee's 2 with Chris VanArtsdalen,103,Carl's Jr./Hardee's,2017-05-11,False,,,Mike Mitchell,mitch,4 forks,4.0,4.0,,False,False,False
Carl's Jr./Hardee's 2 with Chris VanArtsdalen,103,Carl's Jr./Hardee's,2017-05-11,False,,,Chris VanArtsdalen,guest,4 forks,4.0,4.0,,False,False,False
Sharky's with Erin McGathy,104,Sharky's,2017-05-18,False,,,Nick Wiger,nick,3 forks,3.0,3.0,,False,False,False
Sharky's with Erin McGathy,104,Sharky's,2017-05-18,False,,,Mike Mitchell,mitch,3 forks,3.0,3.0,,False,False,False
Sharky's with Erin McGathy,104,Sharky's,2017-05-18,False,,,Erin McGathy,guest,3 forks,3.0,3.0,,False,False,False
IKEA with Dave Thomason,105,IKEA,2017-05-25,False,,,Nick Wiger,nick,4 forks,4.0,4.0,,False,False,False
IKEA with Dave Thomason,105,IKEA,2017-05-25,False,,,Mike Mitchell,mitch,3 forks,3.0,3.0,,False,False,False
IKEA with Dave Thomason,105,IKEA,2017-05-25,False,,,Dave Thomason,guest,5 forks,5.0,5.0,,False,False,False
The Coffee Bean with Hannah Kasulka,106,The Coffee Bean,2017-05-31,False,,,Nick Wiger,nick,4 spoons,4.0,4.0,text: 4 spoons,False,False,False
The Coffee Bean with Hannah Kasulka,106,The Coffee Bean,2017-05-31,False,,,Mike Mitchell,mitch,3.666 spoons,3.666,3.666,text: 3.666 spoons,False,False,False
The Coffee Bean with Hannah Kasulka,106,The Coffee Bean,2017-05-31,False,,,Hannah Kasulka,guest,4 spoons,4.0,4.0,text: 4 spoons,False,False,False
Jersey Mike's with Drew Tarver,107,Jersey Mike's,2017-06-07,False,,,Nick The GodBurger Wiger,guest,3.5 forks,3.5,3.5,,False,False,False
Jersey Mike's with Drew Tarver,107,Jersey Mike's,2017-06-07,False,,,Jersey Mitch,guest,3.5 forks,3.5,3.5,,False,False,False
Jersey Mike's with Drew Tarver,107,Jersey Mike's,2017-06-07,False,,,Drew Tarver,guest,4 forks,4.0,4.0,,False,False,False
Sizzler with Marisa Pinson,108,Sizzler,2017-06-15,False,,,Nick Wiger,nick,4 forks,4.0,4.0,,False,False,False
Sizzler with Marisa Pinson,108,Sizzler,2017-06-15,False,,,Mike Mitchell,mitch,4.5 forks,4.5,4.5,,False,False,False
Sizzler with Marisa Pinson,108,Sizzler,2017-06-15,False,,,Marisa Pinson,guest,4 forks,4.0,4.0,,False,False,False
Burger King 2 with Jordan Morris (LIVE),109,Burger King,2017-06-22,True,in person,"Lake Arrowhead, CA",Nick Wiger,nick,1 fork,1.0,1.0,,False,False,False
Burger King 2 with Jordan Morris (LIVE),109,Burger King,2017-06-22,True,in person,"Lake Arrowhead, CA",Mike Mitchell,mitch,2 forks,2.0,2.0,,False,False,False
Burger King 2 with Jordan Morris (LIVE),109,Burger King,2017-06-22,True,in person,"Lake Arrowhead, CA",Jordan Morris,guest,1.5 forks,1.5,1.5,,False,False,False
Claim Jumper with Heather Anne Campbell,110,Claim Jumper,2017-06-29,False,,,Limerick Wiger,guest,2 forks,2.0,2.0,,False,False,False
Claim Jumper with Heather Anne Campbell,110,Claim Jumper,2017-06-29,False,,,Hike Mitchell,guest,2 forks,2.0,2.0,,False,False,False
Claim Jumper with Heather Anne Campbell,110,Claim Jumper,2017-06-29,False,,,Heather Anne Campbell,guest,2.75 forks,2.75,2.75,,False,False,False
Shake Shack with Jason Concepcion,111,Shake Shack,2017-07-06,False,,,Nick Wiger,nick,4.5 forks,4.5,4.5,,False,False,False
Shake Shack with Jason Concepcion,111,Shake Shack,2017-07-06,False,,,Mike Mitchell,mitch,5 forks,5.0,5.0,,False,False,False
Shake Shack with Jason Concepcion,111,Shake Shack,2017-07-06,False,,,Jason Concepcion,guest,4 forks,4.0,4.0,,False,False,False
Umami Burger 2 with David Neher,112,Umami Burger,2017-07-12,False,,,Nick Wiger,nick,3.5 forks,3.5,3.5,,False,False,False
Umami Burger 2 with David Neher,112,Umami Burger,2017-07-12,False,,,Mike Mitchell,mitch,3.25 forks,3.25,3.25,,False,False,False
Umami Burger 2 with David Neher,112,Umami Burger,2017-07-12,False,,,David Neher,guest,4 forks,4.0,4.0,,False,False,False
Golden Corral with Stoney Sharp,113,Golden Corral,2017-07-20,False,,,Nick Wiger,nick,4 forks,4.0,4.0,,False,False,False
Golden Corral with Stoney Sharp,113,Golden Corral,2017-07-20,False,,,Mike Mitchell,mitch,2.75 forks,2.75,2.75,,False,False,False
Golden Corral with Stoney Sharp,113,Golden Corral,2017-07-20,False,,,Stoney Sharp,guest,3 forks*,3.0,3.0,footnote,False,False,False
Dunkin' Donuts with Joe Mande,114,Dunkin' Donuts,2017-07-27,False,,,Nick Wiger,nick,4 forks,4.0,4.0,,False,False,False
Dunkin' Donuts with Joe Mande,114,Dunkin' Donuts,2017-07-27,False,,,Mike Mitchell,mitch,5 forks,5.0,5.0,,False,False,False
Dunkin' Donuts with Joe Mande,114,Dunkin' Donuts,2017-07-27,False,,,Joe Mande,guest,4 forks,4.0,4.0,,False,False,False
IHOP 2 with Danny Jelinek,115,IHOP,2017-08-03,False,,,Nick Wiger,nick,"* 4 forks
* 3 dinner plates",4.0,4.0,text: 4 forks;  3 dinner plates,False,False,False
IHOP 2 with Danny Jelinek,115,IHOP,2017-08-03,False,,,Mike Mitchell,mitch,"* 3.25 forks
* 2.5 dinner plates",3.25,3.25,text: 3.25 forks;  2.5 dinner plates,False,False,False
IHOP 2 with Danny Jelinek,115,IHOP,2017-08-03,False,,,Danny Jelinek,guest,"* 3.5 forks
* 3 dinner plates",3.5,3.5,text: 3.5 forks;  3 dinner plates,False,False,False
Roscoe's House of Chicken and Waffles with Carl Tart,116,Roscoe's House of Chicken and Waffles,2017-08-10,False,,,Nick Wiger,nick,5 Forks,5.0,5.0,,False,False,False
Roscoe's House of Chicken and Waffles with Carl Tart,116,Roscoe's House of Chicken and Waffles,2017-08-10,False,,,Mike Mitchell,mitch,5 Forks,5.0,5.0,,False,False,False
Roscoe's House of Chicken and Waffles with Carl Tart,116,Roscoe's House of Chicken and Waffles,2017-08-10,False,,,Carl Tart,guest,5 Forks,5.0,5.0,,False,False,False
Daphne's with Jessica Jean Jardine,117,Daphne's,2017-08-17,False,,,Nick Wiger,nick,3.5 forks,3.5,3.5,,False,False,False
Daphne's with Jessica Jean Jardine,117,Daphne's,2017-08-17,False,,,Mike Mitchell,mitch,4 forks,4.0,4.0,,False,False,False
Daphne's with Jessica Jean Jardine,117,Daphne's,2017-08-17,False,,,Jessica Jean Jardine,guest,4 forks,4.0,4.0,,False,False,False
Chipotle 2 with Chelsea Davison,118,Chipotle,2017-08-24,False,,,Nick Wiger,nick,4 forks,4.0,4.0,,False,False,False
Chipotle 2 with Chelsea Davison,118,Chipotle,2017-08-24,False,,,Mike Mitchell,mitch,3.75 forks,3.75,3.75,,False,False,False
Chipotle 2 with Chelsea Davison,118,Chipotle,2017-08-24,False,,,Chelsea Davison,guest,4 forks,4.0,4.0,,False,False,False
KFC with Paul F. Tompkins,119,KFC,2017-08-31,False,,,Nick Wiger,nick,4 forks,4.0,4.0,,False,False,False
KFC with Paul F. Tompkins,119,KFC,2017-08-31,False,,,Mike Mitchell,mitch,3.5 forks,3.5,3.5,,False,False,False
KFC with Paul F. Tompkins,119,KFC,2017-08-31,False,,,Paul F. Tompkins,guest,4 forks,4.0,4.0,,False,False,False
HomeTown Buffet with Toni Charline,120,HomeTown Buffet,2017-09-07,False,,,Nick Wiger,nick,1 fork,1.0,1.0,,False,False,False
HomeTown Buffet with Toni Charline,120,HomeTown Buffet,2017-09-07,False,,,Mike Mitchell,mitch,1 fork,1.0,1.0,,False,False,False
HomeTown Buffet with Toni Charline,120,HomeTown Buffet,2017-09-07,False,,,Toni Charline,guest,2 forks,2.0,2.0,,False,False,False
Shakey’s Pizza with Kyle Mooney,121,Shakey's Pizza,2017-09-14,False,,,Nick Wiger,nick,3.5 forks,3.5,3.5,,False,False,False
Shakey’s Pizza with Kyle Mooney,121,Shakey's Pizza,2017-09-14,False,,,Mike Mitchell,mitch,3.5 forks,3.5,3.5,,False,False,False
Shakey’s Pizza with Kyle Mooney,121,Shakey's Pizza,2017-09-14,False,,,Kyle Mooney,guest,3.5 forks,3.5,3.5,,False,False,False
El Pollo Loco with Lamar Woods,122,El Pollo Loco,2017-09-21,False,,,Nick Wiger,nick,3.5 forks,3.5,3.5,,False,False,False
El Pollo Loco with Lamar Woods,122,El Pollo Loco,2017-09-21,False,,,Mike Mitchell,mitch,2.5 forks,2.5,2.5,,False,False,False
El Pollo Loco with Lamar Woods,122,El Pollo Loco,2017-09-21,False,,,Lamar Woods,guest,3 forks,3.0,3.0,,False,False,False
Guy’s American Kitchen with Christine Nangle (LIVE),123,Guy's American Kitchen,2017-09-28,True,in person,"New York, NY",Nick Wiger,nick,2 forks,2.0,2.0,,False,False,False
Guy’s American Kitchen with Christine Nangle (LIVE),123,Guy's American Kitchen,2017-09-28,True,in person,"New York, NY",Mike Mitchell,mitch,2.5 forks,2.5,2.5,,False,False,False
Guy’s American Kitchen with Christine Nangle (LIVE),123,Guy's American Kitchen,2017-09-28,True,in person,"New York, NY",Christine Nangle,guest,3 forks,3.0,3.0,,False,False,False
Yard House with Matt Besser,124,Yard House,2017-10-05,False,,,Nick Wiger,nick,3.5 jugs,3.5,3.5,text: 3.5 jugs,False,False,False
Yard House with Matt Besser,124,Yard House,2017-10-05,False,,,Mike Mitchell,mitch,3.5 jugs,3.5,3.5,text: 3.5 jugs,False,False,False
Yard House with Matt Besser,124,Yard House,2017-10-05,False,,,Matt Besser,guest,4 jugs,4.0,4.0,text: 4 jugs,False,False,False
ESPN Zone with Neil Campbell,125,ESPN Zone,2017-10-12,False,,,Nick Wiger,nick,1 jug,1.0,1.0,text: 1 jug,False,False,False
ESPN Zone with Neil Campbell,125,ESPN Zone,2017-10-12,False,,,Mike Mitchell,mitch,1.75 jugs,1.75,1.75,text: 1.75 jugs,False,False,False
ESPN Zone with Neil Campbell,125,ESPN Zone,2017-10-12,False,,,Neil Campbell,guest,1 jug,1.0,1.0,text: 1 jug,False,False,False
Medieval Times with Mary Holland and Matt Newell,126,Medieval Times,2017-10-19,False,,,Nick Wiger,nick,5 jugs,5.0,5.0,text: 5 jugs,False,False,False
Medieval Times with Mary Holland and Matt Newell,126,Medieval Times,2017-10-19,False,,,Mike Mitchell,mitch,4.5 jugs,4.5,4.5,text: 4.5 jugs,False,False,False
Medieval Times with Mary Holland and Matt Newell,126,Medieval Times,2017-10-19,False,,,Matt Newell,guest,5 jugs,5.0,5.0,text: 5 jugs,False,False,False
Medieval Times with Mary Holland and Matt Newell,126,Medieval Times,2017-10-19,False,,,Mary Holland,guest,5 jugs,5.0,5.0,text: 5 jugs,False,False,False
Arby’s 2 with John Hodgman,128,Arby's,2017-11-02,False,,,Nick Wiger,nick,3 forks,3.0,3.0,,False,False,False
Arby’s 2 with John Hodgman,128,Arby's,2017-11-02,False,,,Mike Mitchell,mitch,3 forks,3.0,3.0,,False,False,False
Arby’s 2 with John Hodgman,128,Arby's,2017-11-02,False,,,John Hodgman,guest,1.25 forks,1.25,1.25,,False,False,False
TacoTime with Evan Susser (LIVE in Portland),DD36,TacoTime,2017-11-06,True,in person,"Portland, OR",Nick Wiger,nick,3 forks,3.0,3.0,,False,False,False
TacoTime with Evan Susser (LIVE in Portland),DD36,TacoTime,2017-11-06,True,in person,"Portland, OR",Mike Mitchell,mitch,2.5 forks,2.5,2.5,,False,False,False
TacoTime with Evan Susser (LIVE in Portland),DD36,TacoTime,2017-11-06,True,in person,"Portland, OR",Evan Susser,guest,2.25 forks,2.25,2.25,,False,False,False
Wienerschnitzel with Rob Huebel,129,Wienerschnitzel,2017-11-09,False,,,Nick Wiger,nick,4.5 forks,4.5,4.5,,False,False,False
Wienerschnitzel with Rob Huebel,129,Wienerschnitzel,2017-11-09,False,,,Mike Mitchell,mitch,3.75 forks,3.75,3.75,,False,False,False
Wienerschnitzel with Rob Huebel,129,Wienerschnitzel,2017-11-09,False,,,Rob Huebel,guest,3 forks,3.0,3.0,,False,False,False
Dick’s Drive-In with Evan Susser (LIVE),130,Dick's Drive-In,2017-11-16,True,in person,"Seattle, WA",Nick Wiger,nick,5 forks,5.0,5.0,,False,False,False
Dick’s Drive-In with Evan Susser (LIVE),130,Dick's Drive-In,2017-11-16,True,in person,"Seattle, WA",Mike Mitchell,mitch,4.5 forks,4.5,4.5,,False,False,False
Dick’s Drive-In with Evan Susser (LIVE),130,Dick's Drive-In,2017-11-16,True,in person,"Seattle, WA",Evan Susser,guest,4.5 forks,4.5,4.5,,False,False,False
Japadog with Evan Susser (LIVE),DD39,Japadog,2017-11-27,True,in person,"Vancouver, BC",Nick Wiger,nick,4 forks,4.0,4.0,,False,False,False
Japadog with Evan Susser (LIVE),DD39,Japadog,2017-11-27,True,in person,"Vancouver, BC",Mike Mitchell,mitch,4 forks,4.0,4.0,,False,False,False
Japadog with Evan Susser (LIVE),DD39,Japadog,2017-11-27,True,in person,"Vancouver, BC",Evan Susser,guest,4 forks,4.0,4.0,,False,False,False
Chick-fil-A with Noël Wells,131,Chick-fil-A,2017-11-29,False,,,Nick Wiger,nick,4 forks,4.0,4.0,,False,False,False
Chick-fil-A with Noël Wells,131,Chick-fil-A,2017-11-29,False,,,Mike Mitchell,mitch,3.75 forks,3.75,3.75,,False,False,False
Chick-fil-A with Noël Wells,131,Chick-fil-A,2017-11-29,False,,,Noël Wells,guest,3.5 forks,3.5,3.5,,False,False,False
Fosters Freeze with Holly Prazoff,132,Fosters Freeze,2017-12-07,False,,,Nick Wiger,nick,4 forks,4.0,4.0,,False,False,False
Fosters Freeze with Holly Prazoff,132,Fosters Freeze,2017-12-07,False,,,Mike Mitchell,mitch,4 forks,4.0,4.0,,False,False,False
Fosters Freeze with Holly Prazoff,132,Fosters Freeze,2017-12-07,False,,,Holly Prazoff,guest,5 forks,5.0,5.0,,False,False,False
Torchy's Tacos with Jon Gabrus (LIVE in Austin),133,Torchy's Tacos,2017-12-14,True,in person,"Austin, TX",Nick Wiger,nick,4 forks,4.0,4.0,,False,False,False
Torchy's Tacos with Jon Gabrus (LIVE in Austin),133,Torchy's Tacos,2017-12-14,True,in person,"Austin, TX",Mike Mitchell,mitch,4.5 forks,4.5,4.5,,False,False,False
Torchy's Tacos with Jon Gabrus (LIVE in Austin),133,Torchy's Tacos,2017-12-14,True,in person,"Austin, TX",Jon Gabrus,guest,4 forks,4.0,4.0,,False,False,False
Cinnabon with Nicole Byer,134,Cinnabon,2017-12-21,False,,,Nick Wiger,nick,4 forks,4.0,4.0,,False,False,False
Cinnabon with Nicole Byer,134,Cinnabon,2017-12-21,False,,,Mike Mitchell,mitch,3.33 forks,3.33,3.33,,False,False,False
Cinnabon with Nicole Byer,134,Cinnabon,2017-12-21,False,,,Nicole Byer,guest,4 forks,4.0,4.0,,False,False,False
Shipley Do-Nuts with Jon Gabrus (LIVE),136,Shipley Do-Nuts,2018-01-10,True,in person,"Houston, TX",Nick Wiger,nick,4 forks,4.0,4.0,,False,False,False
Shipley Do-Nuts with Jon Gabrus (LIVE),136,Shipley Do-Nuts,2018-01-10,True,in person,"Houston, TX",Mike Mitchell,mitch,4 forks,4.0,4.0,,False,False,False
Shipley Do-Nuts with Jon Gabrus (LIVE),136,Shipley Do-Nuts,2018-01-10,True,in person,"Houston, TX",Jon Gabrus,guest,4 forks,4.0,4.0,,False,False,False
Carl's Jr./Hardee's 3 with Alana Johnston,137,Carl's Jr./Hardee's,2018-01-17,False,,,Nick Wiger,nick,4 forks,4.0,4.0,,False,False,False
Carl's Jr./Hardee's 3 with Alana Johnston,137,Carl's Jr./Hardee's,2018-01-17,False,,,Mike Mitchell,mitch,3.9 forks / 1.1 knives,3.9,3.9,text: 3.9 forks / 1.1 knives,False,False,False
Carl's Jr./Hardee's 3 with Alana Johnston,137,Carl's Jr./Hardee's,2018-01-17,False,,,Alana Johnston 🔪,guest,1 fork / 4 knives / 1 spoon,1.0,1.0,text: 1 fork / 4 knives / 1 spoon,False,False,False
Whataburger with Jon Gabrus (LIVE),138,Whataburger,2018-01-25,True,in person,"Dallas, TX",Nick Wiger,nick,4 forks,4.0,4.0,,False,False,False
Whataburger with Jon Gabrus (LIVE),138,Whataburger,2018-01-25,True,in person,"Dallas, TX",Mike Mitchell,mitch,4.5 forks,4.5,4.5,,False,False,False
Whataburger with Jon Gabrus (LIVE),138,Whataburger,2018-01-25,True,in person,"Dallas, TX",Jon Gabrus,guest,4 forks,4.0,4.0,,False,False,False
The Halal Guys with Dave Schilling,139,The Halal Guys,2018-02-01,False,,,Nick Wiger,nick,3 forks*,3.0,4.0,footnote,True,False,False
The Halal Guys with Dave Schilling,139,The Halal Guys,2018-02-01,False,,,Mike Mitchell,mitch,4 forks,4.0,4.0,,False,False,False
The Halal Guys with Dave Schilling,139,The Halal Guys,2018-02-01,False,,,Dave Schilling,guest,4 forks,4.0,4.0,,False,False,False
Checkers and Rally's with Neil Punsalan,140,Checkers and Rally's,2018-02-08,False,,,Nick Wiger,nick,3 forks,3.0,3.0,,False,False,False
Checkers and Rally's with Neil Punsalan,140,Checkers and Rally's,2018-02-08,False,,,Mike Mitchell,mitch,2.95 forks,2.95,2.95,,False,False,False
Checkers and Rally's with Neil Punsalan,140,Checkers and Rally's,2018-02-08,False,,,Neil Punsalan,guest,2 forks,2.0,2.0,,False,False,False
Sugarfish with Jason Mantzoukas,141,Sugarfish,2018-02-15,False,,,Nick Wiger,nick,5 forks,5.0,5.0,,False,False,False
Sugarfish with Jason Mantzoukas,141,Sugarfish,2018-02-15,False,,,Mike Mitchell,mitch,5 forks,5.0,5.0,,False,False,False
Sugarfish with Jason Mantzoukas,141,Sugarfish,2018-02-15,False,,,Jason Mantzoukas,guest,5 forks,5.0,5.0,,False,False,False
Ike's with Spencer Crittenden (LIVE),142,Ike's,2018-02-22,True,in person,"San Francisco, CA",Nick Wiger,nick,4.5 forks,4.5,4.5,,False,False,False
Ike's with Spencer Crittenden (LIVE),142,Ike's,2018-02-22,True,in person,"San Francisco, CA",Mike Mitchell,mitch,4.5 forks,4.5,4.5,,False,False,False
Ike's with Spencer Crittenden (LIVE),142,Ike's,2018-02-22,True,in person,"San Francisco, CA",Spencer Crittenden,guest,5 forks,5.0,5.0,,False,False,False
Coco's with Alison Rosen,148,Coco's,2018-04-05,False,,,Nick Wiger,nick,2.25 forks,2.25,2.25,,False,False,False
Coco's with Alison Rosen,148,Coco's,2018-04-05,False,,,Mike Mitchell,mitch,1.75 forks,1.75,1.75,,False,False,False
Coco's with Alison Rosen,148,Coco's,2018-04-05,False,,,Alison Rosen,guest,1.75 forks,1.75,1.75,,False,False,False
The Pie Hole with Marcy Jarreau,149,The Pie Hole,2018-04-12,False,,,Nick Wiger,nick,2 forks,2.0,2.0,,False,False,False
The Pie Hole with Marcy Jarreau,149,The Pie Hole,2018-04-12,False,,,Mike Mitchell,mitch,4.5 forks,4.5,4.5,,False,False,False
The Pie Hole with Marcy Jarreau,149,The Pie Hole,2018-04-12,False,,,Marcy Jarreau,guest,4.5 forks,4.5,4.5,,False,False,False
Farmer Boys with Nick Rutherford,151,Farmer Boys,2018-04-26,False,,,Nick Wiger,nick,3.5 forks,3.5,3.5,,False,False,False
Farmer Boys with Nick Rutherford,151,Farmer Boys,2018-04-26,False,,,Mike Mitchell,mitch,3.5 forks,3.5,3.5,,False,False,False
Farmer Boys with Nick Rutherford,151,Farmer Boys,2018-04-26,False,,,Nick Rutherford,guest,3.5 forks,3.5,3.5,,False,False,False
Olive Garden 2 with Joel Kim Booster,152,Olive Garden,2018-05-03,False,,,Nick Wiger,nick,3 forks,3.0,3.0,,False,False,False
Olive Garden 2 with Joel Kim Booster,152,Olive Garden,2018-05-03,False,,,Mike Mitchell,mitch,2.85 forks,2.85,2.85,,False,False,False
Olive Garden 2 with Joel Kim Booster,152,Olive Garden,2018-05-03,False,,,Joel Kim Booster,guest,4.5 forks,4.5,4.5,,False,False,False
Olive Garden 2 with Joel Kim Booster,152,Olive Garden,2018-05-03,False,,,shared by Nick & Mitch,guest,,,,no rating,False,False,False
Ruth's Chris Steak House with Andrew Secunda,153,Ruth's Chris Steak House,2018-05-10,False,,,Nick Wiger,nick,4.5 forks,4.5,4.5,,False,False,False
Ruth's Chris Steak House with Andrew Secunda,153,Ruth's Chris Steak House,2018-05-10,False,,,Mike Mitchell,mitch,4.5 forks,4.5,4.5,,False,False,False
Ruth's Chris Steak House with Andrew Secunda,153,Ruth's Chris Steak House,2018-05-10,False,,,Andrew Secunda,guest,4 forks,4.0,4.0,,False,False,False
TGI Friday's 2 with The Sklar Brothers,154,TGI Friday's,2018-05-17,False,,,Nick Wiger,nick,4 forks,4.0,4.0,,False,False,False
TGI Friday's 2 with The Sklar Brothers,154,TGI Friday's,2018-05-17,False,,,Mike Mitchell,mitch,4.5 forks,4.5,4.5,,False,False,False
TGI Friday's 2 with The Sklar Brothers,154,TGI Friday's,2018-05-17,False,,,Nick & Mitch shared,guest,,,,no rating,False,False,False
TGI Friday's 2 with The Sklar Brothers,154,TGI Friday's,2018-05-17,False,,,Randy Sklar,guest,3.75 forks,3.75,3.75,,False,False,False
TGI Friday's 2 with The Sklar Brothers,154,TGI Friday's,2018-05-17,False,,,Jason Sklar,guest,3.85 forks,3.85,3.85,,False,False,False
Denny's Solo Menu with Matt Mira,155,Denny's Solo Menu,2018-05-24,False,,,Nick Wiger,nick,4 vests,4.0,4.0,text: 4 vests,False,False,False
Denny's Solo Menu with Matt Mira,155,Denny's Solo Menu,2018-05-24,False,,,Mike Mitchell,mitch,4 vests,4.0,4.0,text: 4 vests,False,False,False
Denny's Solo Menu with Matt Mira,155,Denny's Solo Menu,2018-05-24,False,,,Matt Mira,guest,4 vests,4.0,4.0,text: 4 vests,False,False,False
Saved by the Max with Paul Scheer,DD,Saved by the Max,2018-05-29,False,,,Nick Wiger,nick,4.5 Screech Curls,4.5,4.5,text: 4.5 Screech Curls,False,False,False
Saved by the Max with Paul Scheer,DD,Saved by the Max,2018-05-29,False,,,Mike Mitchell,mitch,4.5 Screech Curls,4.5,4.5,text: 4.5 Screech Curls,False,False,False
Saved by the Max with Paul Scheer,DD,Saved by the Max,2018-05-29,False,,,Paul Scheer,guest,4.5 Screech Curls,4.5,4.5,text: 4.5 Screech Curls,False,False,False
Taco Bell 4 with Gillian Jacobs,156,Taco Bell,2018-05-31,False,,,Nick Wiger,nick,5 forks,5.0,5.0,,False,False,False
Taco Bell 4 with Gillian Jacobs,156,Taco Bell,2018-05-31,False,,,Mike Mitchell,mitch,5 forks,5.0,5.0,,False,False,False
Taco Bell 4 with Gillian Jacobs,156,Taco Bell,2018-05-31,False,,,Gillian Jacobs,guest,2 forks,2.0,2.0,,False,False,False
Gus's World Famous Fried Chicken with Ben Gruber,157,Gus's World Famous Fried Chicken,2018-06-07,False,,,Nick Wiger,nick,5 forks,5.0,5.0,,False,False,False
Gus's World Famous Fried Chicken with Ben Gruber,157,Gus's World Famous Fried Chicken,2018-06-07,False,,,Mike Mitchell,mitch,4 forks,4.0,4.0,,False,False,False
Gus's World Famous Fried Chicken with Ben Gruber,157,Gus's World Famous Fried Chicken,2018-06-07,False,,,Ben Gruber,guest,4 forks,4.0,4.0,,False,False,False
Quizno's with Haley Joel Osment,158,Quizno's,2018-06-13,False,,,Nick Wiger,nick,3.5 forks,3.5,3.5,,False,False,False
Quizno's with Haley Joel Osment,158,Quizno's,2018-06-13,False,,,Mike Mitchell,mitch,3.25 forks,3.25,3.25,,False,False,False
Quizno's with Haley Joel Osment,158,Quizno's,2018-06-13,False,,,Haley Joel Osment,guest,3 forks,3.0,3.0,,False,False,False
Firehouse Subs with Mary Sohn,159,Firehouse Subs,2018-06-21,False,,,Nick Wiger,nick,4.5 forks,4.5,4.5,,False,False,False
Firehouse Subs with Mary Sohn,159,Firehouse Subs,2018-06-21,False,,,Mike Mitchell,mitch,3.75 forks,3.75,3.75,,False,False,False
Firehouse Subs with Mary Sohn,159,Firehouse Subs,2018-06-21,False,,,Mary Sohn,guest,2 forks,2.0,2.0,,False,False,False
Norms with Jordan Morris,160,Norms,2018-06-28,False,,,Nick Wiger,nick,4 forks,4.0,4.0,,False,False,False
Norms with Jordan Morris,160,Norms,2018-06-28,False,,,Mike Mitchell,mitch,3.15 forks,3.15,3.15,,False,False,False
Norms with Jordan Morris,160,Norms,2018-06-28,False,,,Jordan Morris,guest,4 forks,4.0,4.0,,False,False,False
Panda Express 2 with Cristela Alonzo,162,Panda Express,2018-07-12,False,,,Nick Wiger,nick,4 forks,4.0,4.0,,False,False,False
Panda Express 2 with Cristela Alonzo,162,Panda Express,2018-07-12,False,,,Mike Mitchell,mitch,4 forks,4.0,4.0,,False,False,False
Panda Express 2 with Cristela Alonzo,162,Panda Express,2018-07-12,False,,,Cristela Alonzo,guest,3 forks,3.0,3.0,,False,False,False
Mel's Drive-In with Jon Gabrus (LIVE),163,Mel's Drive-In,2018-07-19,True,in person,"San Francisco, CA",Nick Wiger,nick,2.5 forks,2.5,2.5,,False,False,False
Mel's Drive-In with Jon Gabrus (LIVE),163,Mel's Drive-In,2018-07-19,True,in person,"San Francisco, CA",Mike Mitchell,mitch,4 forks,4.0,4.0,,False,False,False
Mel's Drive-In with Jon Gabrus (LIVE),163,Mel's Drive-In,2018-07-19,True,in person,"San Francisco, CA",Jon Gabrus,guest,3 forks,3.0,3.0,,False,False,False
Panera Bread with Bill Oakley,164,Panera Bread,2018-07-26,False,,,Nick Wiger,nick,2.5 forks,2.5,2.5,,False,False,False
Panera Bread with Bill Oakley,164,Panera Bread,2018-07-26,False,,,Mike Mitchell,mitch,3.25 forks,3.25,3.25,,False,False,False
Panera Bread with Bill Oakley,164,Panera Bread,2018-07-26,False,,,Bill Oakley,guest,2.75 forks,2.75,2.75,,False,False,False
Souplantation/Sweet Tomatoes with Kelly Nugent and Lindsay Katai,165,Souplantation/Sweet Tomatoes,2018-08-02,False,,,Nick Wiger,nick,3.75 forks,3.75,3.75,,False,False,False
Souplantation/Sweet Tomatoes with Kelly Nugent and Lindsay Katai,165,Souplantation/Sweet Tomatoes,2018-08-02,False,,,Mike Mitchell,mitch,2.75 forks,2.75,2.75,,False,False,False
Souplantation/Sweet Tomatoes with Kelly Nugent and Lindsay Katai,165,Souplantation/Sweet Tomatoes,2018-08-02,False,,,Kelly Nugent,guest,3 forks,3.0,3.0,,False,False,False
Souplantation/Sweet Tomatoes with Kelly Nugent and Lindsay Katai,165,Souplantation/Sweet Tomatoes,2018-08-02,False,,,Lindsay Katai,guest,3.5 forks,3.5,3.5,,False,False,False
Pink's Hot Dogs with Alana Johnston,166,Pink's Hot Dogs,2018-08-09,True,in person,"Los Angeles, CA",Nick Wiger,nick,2.125 forks,2.125,2.125,,False,False,False
Pink's Hot Dogs with Alana Johnston,166,Pink's Hot Dogs,2018-08-09,True,in person,"Los Angeles, CA",Mike Mitchell,mitch,2.25 forks,2.25,2.25,,False,False,False
Pink's Hot Dogs with Alana Johnston,166,Pink's Hot Dogs,2018-08-09,True,in person,"Los Angeles, CA",Alana Johnston 🔪,guest,2 knives,2.0,2.0,text: 2 knives,False,False,False
P. F. Chang's with Jessica McKenna and Zach Reino,168,P. F. Chang's,2018-08-23,False,,,Nick Wiger,nick,3.5 forks,3.5,3.5,,False,False,False
P. F. Chang's with Jessica McKenna and Zach Reino,168,P. F. Chang's,2018-08-23,False,,,Mike Mitchell,mitch,3.5 forks,3.5,3.5,,False,False,False
P. F. Chang's with Jessica McKenna and Zach Reino,168,P. F. Chang's,2018-08-23,False,,,Jessica McKenna,guest,3.5 forks,3.5,3.5,,False,False,False
P. F. Chang's with Jessica McKenna and Zach Reino,168,P. F. Chang's,2018-08-23,False,,,Zach Reino,guest,2.75 forks,2.75,2.75,,False,False,False
Johnny Rockets with Esther Povitsky,169,Johnny Rockets,2018-08-30,False,,,Nick Wiger,nick,2 forks,2.0,2.0,,False,False,False
Johnny Rockets with Esther Povitsky,169,Johnny Rockets,2018-08-30,False,,,Mike Mitchell,mitch,3 forks,3.0,3.0,,False,False,False
Johnny Rockets with Esther Povitsky,169,Johnny Rockets,2018-08-30,False,,,Esther Povitsky,guest,3 forks,3.0,3.0,,False,False,False
Wahoo's Fish Taco with Eliza Skinner,170,Wahoo's Fish Taco,2018-09-06,False,,,Nick Wiger,nick,3 forks,3.0,3.0,,False,False,False
Wahoo's Fish Taco with Eliza Skinner,170,Wahoo's Fish Taco,2018-09-06,False,,,Mike Mitchell,mitch,2.5 forks,2.5,2.5,,False,False,False
Wahoo's Fish Taco with Eliza Skinner,170,Wahoo's Fish Taco,2018-09-06,False,,,Eliza Skinner,guest,1 fork,1.0,1.0,,False,False,False
Outback Steakhouse 2 with Leann Bowen,171,Outback Steakhouse,2018-09-13,False,,,Nick Wiger,nick,2.5 forks,2.5,2.5,,False,False,False
Outback Steakhouse 2 with Leann Bowen,171,Outback Steakhouse,2018-09-13,False,,,Mike Mitchell,mitch,2.5 forks,2.5,2.5,,False,False,False
Outback Steakhouse 2 with Leann Bowen,171,Outback Steakhouse,2018-09-13,False,,,Leann Bowen,guest,3 forks,3.0,3.0,,False,False,False
Outback Steakhouse 2 with Leann Bowen,171,Outback Steakhouse,2018-09-13,False,,,Nick & Mitch shared,guest,,,,no rating,False,False,False
Menchie's with Jackie Johnson,172,Menchie's,2018-09-20,False,,,Nick Wiger,nick,4 spoons,4.0,4.0,text: 4 spoons,False,False,False
Menchie's with Jackie Johnson,172,Menchie's,2018-09-20,False,,,Mike Mitchell,mitch,4 forks,4.0,4.0,,False,False,False
Menchie's with Jackie Johnson,172,Menchie's,2018-09-20,False,,,Jackie Johnson,guest,4 forks,4.0,4.0,,False,False,False
Zucchini Spice Bread with Lauren McGuire,BC1,Zucchini Spice Bread,2018-09-21,False,,,Joe Saunders,guest,3 crumbs,3.0,3.0,text: 3 crumbs,False,False,False
Zucchini Spice Bread with Lauren McGuire,BC1,Zucchini Spice Bread,2018-09-21,False,,,Lauren McGuire,guest,3.5 crumbs,3.5,3.5,text: 3.5 crumbs,False,False,False
Benihana with D'Arcy Carden,173,Benihana,2018-09-27,False,,,Nick Wiger,nick,5 forks,5.0,5.0,,False,False,False
Benihana with D'Arcy Carden,173,Benihana,2018-09-27,False,,,Mike Mitchell,mitch,5 forks,5.0,5.0,,False,False,False
Benihana with D'Arcy Carden,173,Benihana,2018-09-27,False,,,D'Arcy Carden,guest,5 forks,5.0,5.0,,False,False,False
Benihana with D'Arcy Carden,173,Benihana,2018-09-27,False,,,as part of their Specialty meals,guest,,,,no rating,False,False,False
Octdoughberblessed: Canter's Deli with Evan Susser and David Phillips,175,Canter's Deli,2018-10-11,False,,,Nick Wiger,nick,3.5 stars,3.5,3.5,text: 3.5 stars,False,False,False
Octdoughberblessed: Canter's Deli with Evan Susser and David Phillips,175,Canter's Deli,2018-10-11,False,,,Mike Mitchell,mitch,3.75 stars,3.75,3.75,text: 3.75 stars,False,False,False
Octdoughberblessed: Canter's Deli with Evan Susser and David Phillips,175,Canter's Deli,2018-10-11,False,,,Evan Susser,guest,3.5 stars,3.5,3.5,text: 3.5 stars,False,False,False
Octdoughberblessed: Canter's Deli with Evan Susser and David Phillips,175,Canter's Deli,2018-10-11,False,,,David Phillips,guest,3 stars,3.0,3.0,text: 3 stars,False,False,False
Octdoughberblessed: Loving Hut with Raj Desai,176,Loving Hut,2018-10-18,False,,,Nick Wiger,nick,4 forks,4.0,4.0,,False,False,False
Octdoughberblessed: Loving Hut with Raj Desai,176,Loving Hut,2018-10-18,False,,,Mike Mitchell,mitch,4 forks,4.0,4.0,,False,False,False
Octdoughberblessed: Loving Hut with Raj Desai,176,Loving Hut,2018-10-18,False,,,Raj Desai,guest,4 forks,4.0,4.0,,False,False,False
Octdoughberblessed: Cracker Barrel with Betsy Sodaro,177,Cracker Barrel,2018-10-25,False,,,Nick Wiger,nick,5 ships,5.0,5.0,text: 5 ships,False,False,False
Octdoughberblessed: Cracker Barrel with Betsy Sodaro,177,Cracker Barrel,2018-10-25,False,,,Mike Mitchell,mitch,5 ships,5.0,5.0,text: 5 ships,False,False,False
Octdoughberblessed: Cracker Barrel with Betsy Sodaro,177,Cracker Barrel,2018-10-25,False,,,Betsy Sodaro,guest,4 ships,4.0,4.0,text: 4 ships,False,False,False
Octdoughberblessed: Sunday Brunch with Lindsay Katai,DD,Sunday Brunch,2018-10-30,False,,,Nick Wiger,nick,0.5 L. Ron Hubbards,0.5,0.5,text: 0.5 L. Ron Hubbards,False,False,False
Octdoughberblessed: Sunday Brunch with Lindsay Katai,DD,Sunday Brunch,2018-10-30,False,,,Mike Mitchell,mitch,2.75 thetans,2.75,2.75,text: 2.75 thetans,False,False,False
Octdoughberblessed: Sunday Brunch with Lindsay Katai,DD,Sunday Brunch,2018-10-30,False,,,Lindsay Katai,guest,3 bridge levels,3.0,3.0,text: 3 bridge levels,False,False,False
Maggiano's Little Italy with Kevin Pollack,178,Maggiano's Little Italy,2018-11-01,False,,,Nick Wiger,nick,3.5 forks,3.5,3.5,,False,False,False
Maggiano's Little Italy with Kevin Pollack,178,Maggiano's Little Italy,2018-11-01,False,,,Mike Mitchell,mitch,3.5 forks,3.5,3.5,,False,False,False
Maggiano's Little Italy with Kevin Pollack,178,Maggiano's Little Italy,2018-11-01,False,,,Kevin Pollack,guest,3.25 forks,3.25,3.25,,False,False,False
Maggiano's Little Italy with Kevin Pollack,178,Maggiano's Little Italy,2018-11-01,False,,,Jaime Fox,guest,3 forks,3.0,3.0,,False,False,False
Top Round Roast Beef with Ike Barinholtz,179,Top Round Roast Beef,2018-11-08,False,,,Nick Wiger,nick,5 forks,5.0,5.0,,False,False,False
Top Round Roast Beef with Ike Barinholtz,179,Top Round Roast Beef,2018-11-08,False,,,Mike Mitchell,mitch,4.75 forks,4.75,4.75,,False,False,False
Top Round Roast Beef with Ike Barinholtz,179,Top Round Roast Beef,2018-11-08,False,,,Ike Barinholtz,guest,4.5 forks,4.5,4.5,,False,False,False
El Torito with Jack Allison,180,El Torito,2018-11-15,False,,,Nick Wiger,nick,4 forks,4.0,4.0,,False,False,False
El Torito with Jack Allison,180,El Torito,2018-11-15,False,,,Mike Mitchell,mitch,4 forks,4.0,4.0,,False,False,False
El Torito with Jack Allison,180,El Torito,2018-11-15,False,,,Jack Allison,guest,5 forks,5.0,5.0,,False,False,False
Dairy Queen with Michael Cassady & Paul Rust,181,Dairy Queen,2018-11-29,False,,,Nick Wiger,nick,4 forks,4.0,4.0,,False,False,False
Dairy Queen with Michael Cassady & Paul Rust,181,Dairy Queen,2018-11-29,False,,,Mike Mitchell,mitch,4 forks,4.0,4.0,,False,False,False
Dairy Queen with Michael Cassady & Paul Rust,181,Dairy Queen,2018-11-29,False,,,Michael Cassady,guest,3.75 forks,3.75,3.75,,False,False,False
Dairy Queen with Michael Cassady & Paul Rust,181,Dairy Queen,2018-11-29,False,,,Paul Rust,guest,4 forks,4.0,4.0,,False,False,False
Dairy Queen with Michael Cassady & Paul Rust,181,Dairy Queen,2018-11-29,False,,,"Mitch, Michael & Paul shared",guest,,,,no rating,False,False,False
Rubio's with Mary Holland (LIVE),182,Rubio's,2018-12-06,True,in person,"San Diego, CA",Nick Wiger,nick,4.5 forks,4.5,4.5,,False,False,False
Rubio's with Mary Holland (LIVE),182,Rubio's,2018-12-06,True,in person,"San Diego, CA",Mike Mitchell,mitch,4 forks,4.0,4.0,,False,False,False
Rubio's with Mary Holland (LIVE),182,Rubio's,2018-12-06,True,in person,"San Diego, CA",Mary Holland,guest,5 forks,5.0,5.0,,False,False,False
Papa John's with Lamar Woods,183,Papa John's,2018-12-13,False,,,Nick Wiger,nick,1 fork,1.0,1.0,,False,False,False
Papa John's with Lamar Woods,183,Papa John's,2018-12-13,False,,,Mike Mitchell,mitch,2 forks,2.0,2.0,,False,False,False
Papa John's with Lamar Woods,183,Papa John's,2018-12-13,False,,,Lamar Woods,guest,2.5 forks,2.5,2.5,,False,False,False
McDonald's with Sarah Silverman,184,McDonald's,2018-12-20,False,,,Nick Wiger,nick,5 forks,5.0,5.0,,False,False,False
McDonald's with Sarah Silverman,184,McDonald's,2018-12-20,False,,,Mike Mitchell,mitch,5 forks,5.0,5.0,,False,False,False
McDonald's with Sarah Silverman,184,McDonald's,2018-12-20,False,,,Sarah Silverman,guest,5 forks,5.0,5.0,,False,False,False
Poquito Más with Dan Goor,185,Poquito Más,2019-01-10,False,,,Nick Wiger,nick,5 forks,5.0,5.0,,False,False,False
Poquito Más with Dan Goor,185,Poquito Más,2019-01-10,False,,,Mike Mitchell,mitch,5 forks,5.0,5.0,,False,False,False
Poquito Más with Dan Goor,185,Poquito Más,2019-01-10,False,,,Dan Goor,guest,3.75 forks,3.75,3.75,,False,False,False
Delta Sky Club with John Hodgman,186,Delta Sky Club,2019-01-17,False,,,Nick Wiger,nick,3 diamond medallions,3.0,3.0,text: 3 diamond medallions,False,False,False
Delta Sky Club with John Hodgman,186,Delta Sky Club,2019-01-17,False,,,Mike Mitchell,mitch,3 diamond medallions,3.0,3.0,text: 3 diamond medallions,False,False,False
Delta Sky Club with John Hodgman,186,Delta Sky Club,2019-01-17,False,,,John Hodgman,guest,2.75 diamond medallions,2.75,2.75,text: 2.75 diamond medallions,False,False,False
The Hat with Betsy Sodaro and Mano Agapion (LIVE),187,The Hat,2019-01-24,True,in person,"Brea, CA",Nick Wiger,nick,4.5 forks,4.5,4.5,,False,False,False
The Hat with Betsy Sodaro and Mano Agapion (LIVE),187,The Hat,2019-01-24,True,in person,"Brea, CA",Mike Mitchell,mitch,5 forks,5.0,5.0,,False,False,False
The Hat with Betsy Sodaro and Mano Agapion (LIVE),187,The Hat,2019-01-24,True,in person,"Brea, CA",Betsy Sodaro,guest,4.5 forks,4.5,4.5,,False,False,False
The Hat with Betsy Sodaro and Mano Agapion (LIVE),187,The Hat,2019-01-24,True,in person,"Brea, CA",Mano Agapion,guest,4 forks,4.0,4.0,,False,False,False
Cheba Hut with Jon Gabrus (LIVE),188,Cheba Hut,2019-01-31,True,in person,"Phoenix, AZ",Nick Wiger,nick,4.5 forks,4.5,4.5,,False,False,False
Cheba Hut with Jon Gabrus (LIVE),188,Cheba Hut,2019-01-31,True,in person,"Phoenix, AZ",Mike Mitchell,mitch,5 forks,5.0,5.0,,False,False,False
Cheba Hut with Jon Gabrus (LIVE),188,Cheba Hut,2019-01-31,True,in person,"Phoenix, AZ",Jon Gabrus,guest,4.5 forks,4.5,4.5,,False,False,False
Super Duper Burgers with Eliza Skinner & Jordan Morris (LIVE),189,Super Duper Burgers,2019-02-07,True,in person,"San Francisco, CA",Nick Wiger,nick,3.25 forks,3.25,3.25,,False,False,False
Super Duper Burgers with Eliza Skinner & Jordan Morris (LIVE),189,Super Duper Burgers,2019-02-07,True,in person,"San Francisco, CA",Mike Mitchell,mitch,3.25 forks,3.25,3.25,,False,False,False
Super Duper Burgers with Eliza Skinner & Jordan Morris (LIVE),189,Super Duper Burgers,2019-02-07,True,in person,"San Francisco, CA",Eliza Skinner,guest,2.5 forks,2.5,2.5,,False,False,False
Super Duper Burgers with Eliza Skinner & Jordan Morris (LIVE),189,Super Duper Burgers,2019-02-07,True,in person,"San Francisco, CA",Jordan Morris,guest,2 forks,2.0,2.0,,False,False,False
Smoke's Poutinerie with Alana Johnston (LIVE),190,Smoke's Poutinerie,2019-02-14,True,in person,"Saskatoon, SK",Nick Wiger,nick,4 forks,4.0,4.0,,False,False,False
Smoke's Poutinerie with Alana Johnston (LIVE),190,Smoke's Poutinerie,2019-02-14,True,in person,"Saskatoon, SK",Mike Mitchell,mitch,4.25 forks,4.25,4.25,,False,False,False
Smoke's Poutinerie with Alana Johnston (LIVE),190,Smoke's Poutinerie,2019-02-14,True,in person,"Saskatoon, SK",Alana Johnston 🔪,guest,4 knives,4.0,4.0,text: 4 knives,False,False,False
Little Caesars with John Ross Bowie,191,Little Caesars,2019-02-21,False,,,Nick Wiger,nick,5 forks,5.0,5.0,,False,False,False
Little Caesars with John Ross Bowie,191,Little Caesars,2019-02-21,False,,,Mike Mitchell,mitch,4.25 forks,4.25,4.25,,False,False,False
Little Caesars with John Ross Bowie,191,Little Caesars,2019-02-21,False,,,John Ross Bowie,guest,4 forks,4.0,4.0,,False,False,False
Native Foods with Tawny Newsome & Alex Kliner,192,Native Foods,2019-02-28,False,,,Nick Wiger,nick,2 forks,2.0,2.0,,False,False,False
Native Foods with Tawny Newsome & Alex Kliner,192,Native Foods,2019-02-28,False,,,Mike Mitchell,mitch,2 forks,2.0,2.0,,False,False,False
Native Foods with Tawny Newsome & Alex Kliner,192,Native Foods,2019-02-28,False,,,Tawny Newsome,guest,2 forks,2.0,2.0,,False,False,False
Native Foods with Tawny Newsome & Alex Kliner,192,Native Foods,2019-02-28,False,,,Alex Kliner,guest,2.5 forks,2.5,2.5,,False,False,False
Sizzle Pie with Bill Oakley (LIVE),197,Sizzle Pie,2019-04-04,True,in person,"Portland, OR",Nick Wiger,nick,3.25 forks,3.25,3.25,,False,False,False
Sizzle Pie with Bill Oakley (LIVE),197,Sizzle Pie,2019-04-04,True,in person,"Portland, OR",Mike Mitchell,mitch,3.5 forks,3.5,3.5,,False,False,False
Sizzle Pie with Bill Oakley (LIVE),197,Sizzle Pie,2019-04-04,True,in person,"Portland, OR",Bill Oakley,guest,3.75 forks,3.75,3.75,,False,False,False
Sizzle Pie with Bill Oakley (LIVE),197,Sizzle Pie,2019-04-04,True,in person,"Portland, OR",shared slices,guest,,,,no rating,False,False,False
Sizzle Pie with Bill Oakley (LIVE),197,Sizzle Pie,2019-04-04,True,in person,"Portland, OR",shared full pizzas,guest,,,,no rating,False,False,False
Portillo's with Jon Gabrus & Christine Nangle (LIVE),198,Portillo's,2019-04-11,True,in person,"Chicago, IL",Nick Wiger,nick,4.5 forks,4.5,4.5,,False,False,False
Portillo's with Jon Gabrus & Christine Nangle (LIVE),198,Portillo's,2019-04-11,True,in person,"Chicago, IL",Mike Mitchell,mitch,5 forks,5.0,5.0,,False,False,False
Portillo's with Jon Gabrus & Christine Nangle (LIVE),198,Portillo's,2019-04-11,True,in person,"Chicago, IL",Jon Gabrus,guest,4.5 forks,4.5,4.5,,False,False,False
Portillo's with Jon Gabrus & Christine Nangle (LIVE),198,Portillo's,2019-04-11,True,in person,"Chicago, IL",Christine Nangle,guest,4.5 forks,4.5,4.5,,False,False,False
Lou Malnati's with Jon Gabrus & Christine Nangle (LIVE),199,Lou Malnati's,2019-04-18,True,in person,"Chicago, IL",Nick Wiger,nick,4 forks,4.0,4.0,,False,False,False
Lou Malnati's with Jon Gabrus & Christine Nangle (LIVE),199,Lou Malnati's,2019-04-18,True,in person,"Chicago, IL",Mike Mitchell,mitch,5 forks,5.0,5.0,,False,False,False
Lou Malnati's with Jon Gabrus & Christine Nangle (LIVE),199,Lou Malnati's,2019-04-18,True,in person,"Chicago, IL",Jon Gabrus,guest,3 forks,3.0,3.0,,False,False,False
Lou Malnati's with Jon Gabrus & Christine Nangle (LIVE),199,Lou Malnati's,2019-04-18,True,in person,"Chicago, IL",Christine Nangle,guest,4 forks,4.0,4.0,,False,False,False
Chili's Too with Eva Anderson,200,Chili's Too,2019-04-25,False,,,Nick Wiger,nick,4 forks,4.0,4.0,,False,False,False
Chili's Too with Eva Anderson,200,Chili's Too,2019-04-25,False,,,Mike Mitchell,mitch,4 forks,4.0,4.0,,False,False,False
Chili's Too with Eva Anderson,200,Chili's Too,2019-04-25,False,,,Eva Anderson,guest,3.5 forks,3.5,3.5,,False,False,False
AMC Dine-In with Kevin Pollak and Jaime Fox,201,AMC Dine-In,2019-05-02,False,,,Nick Wiger,nick,2.5 forks,2.5,2.5,,False,False,False
AMC Dine-In with Kevin Pollak and Jaime Fox,201,AMC Dine-In,2019-05-02,False,,,Mike Mitchell,mitch,4 forks,4.0,4.0,,False,False,False
AMC Dine-In with Kevin Pollak and Jaime Fox,201,AMC Dine-In,2019-05-02,False,,,Kevin Pollak,guest,3 forks,3.0,3.0,,False,False,False
AMC Dine-In with Kevin Pollak and Jaime Fox,201,AMC Dine-In,2019-05-02,False,,,Jaime Fox,guest,4 forks,4.0,4.0,,False,False,False
Sweetfin Poké with Payman Benz,202,Sweetfin Poké,2019-05-09,False,,,Nick Wiger,nick,4 forks,4.0,4.0,,False,False,False
Sweetfin Poké with Payman Benz,202,Sweetfin Poké,2019-05-09,False,,,Mike Mitchell,mitch,4 forks,4.0,4.0,,False,False,False
Sweetfin Poké with Payman Benz,202,Sweetfin Poké,2019-05-09,False,,,Payman Benz,guest,5 forks,5.0,5.0,,False,False,False
Waffle House with Carl Tart (LIVE),203,Waffle House,2019-05-16,True,in person,"Huntsville, AL",Nick Wiger,nick,5 forks,5.0,5.0,,False,False,False
Waffle House with Carl Tart (LIVE),203,Waffle House,2019-05-16,True,in person,"Huntsville, AL",Mike Mitchell,mitch,5 forks,5.0,5.0,,False,False,False
Waffle House with Carl Tart (LIVE),203,Waffle House,2019-05-16,True,in person,"Huntsville, AL",Carl Tart,guest,5 forks,5.0,5.0,,False,False,False
Waffle House with Carl Tart (LIVE),203,Waffle House,2019-05-16,True,in person,"Huntsville, AL",Allan McLeod,guest,<s>4 forks</s>,4.0,,no rating,True,False,False
Hattie B's with Carl Tart (LIVE),204,Hattie B's,2019-05-23,True,in person,"Nashville, TN",Nick Wiger,nick,4 forks,4.0,4.0,,False,False,False
Hattie B's with Carl Tart (LIVE),204,Hattie B's,2019-05-23,True,in person,"Nashville, TN",Mike Mitchell,mitch,5 forks,5.0,5.0,,False,False,False
Hattie B's with Carl Tart (LIVE),204,Hattie B's,2019-05-23,True,in person,"Nashville, TN",Carl Tart,guest,4 forks,4.0,4.0,,False,False,False
P. F. Chang's 2 with Kulap Vilaysack,205,P. F. Chang's,2019-05-30,False,,,Nick Wiger,nick,3.75 forks,3.75,3.75,,False,False,False
P. F. Chang's 2 with Kulap Vilaysack,205,P. F. Chang's,2019-05-30,False,,,Mike Mitchell,mitch,3.5 forks,3.5,3.5,,False,False,False
P. F. Chang's 2 with Kulap Vilaysack,205,P. F. Chang's,2019-05-30,False,,,Kulap Vilaysack,guest,2 forks,2.0,2.0,,False,False,False
Fogo de Chão with Candice King & Kayla Ewell,206,Fogo de Chão,2019-06-06,False,,,Nick Wiger,nick,3 forks,3.0,3.0,,False,False,False
Fogo de Chão with Candice King & Kayla Ewell,206,Fogo de Chão,2019-06-06,False,,,Mike Mitchell,mitch,3.25 forks,3.25,3.25,,False,False,False
Fogo de Chão with Candice King & Kayla Ewell,206,Fogo de Chão,2019-06-06,False,,,Candice King,guest,2.5 forks,2.5,2.5,,False,False,False
Fogo de Chão with Candice King & Kayla Ewell,206,Fogo de Chão,2019-06-06,False,,,Kayla Ewell,guest,3.5 forks,3.5,3.5,,False,False,False
Fogo de Chão with Candice King & Kayla Ewell,206,Fogo de Chão,2019-06-06,False,,,sides,guest,,,,no rating,False,False,False
Fogo de Chão with Candice King & Kayla Ewell,206,Fogo de Chão,2019-06-06,False,,,meats,guest,,,,no rating,False,False,False
Fogo de Chão with Candice King & Kayla Ewell,206,Fogo de Chão,2019-06-06,False,,,desserts,guest,,,,no rating,False,False,False
Ben & Jerry's with The Sloppy Boys,207,Ben & Jerry's,2019-06-13,False,,,Nick Wiger,nick,3 forks,3.0,3.0,,False,False,False
Ben & Jerry's with The Sloppy Boys,207,Ben & Jerry's,2019-06-13,False,,,Mike Mitchell,mitch,4 forks,4.0,4.0,,False,False,False
Ben & Jerry's with The Sloppy Boys,207,Ben & Jerry's,2019-06-13,False,,,Mike Hanford,guest,3 forks,3.0,3.0,,False,False,False
Ben & Jerry's with The Sloppy Boys,207,Ben & Jerry's,2019-06-13,False,,,Jeff Dutton,guest,3 forks,3.0,3.0,,False,False,False
Ben & Jerry's with The Sloppy Boys,207,Ben & Jerry's,2019-06-13,False,,,Tim Kalpakis,guest,4 forks,4.0,4.0,,False,False,False
Ben & Jerry's with The Sloppy Boys,207,Ben & Jerry's,2019-06-13,False,,,Emma Erdbrink,guest,5 forks,5.0,5.0,,False,False,False
Ben & Jerry's with The Sloppy Boys,207,Ben & Jerry's,2019-06-13,False,,,Yusong Liu,guest,4 forks,4.0,4.0,,False,False,False
Al's Beef with Megan Batoon & Amir Blumenfeld (LIVE),208,Al's Beef,2019-06-20,True,in person,"Chicago, IL",Nick Wiger,nick,2.5 forks,2.5,2.5,,False,False,False
Al's Beef with Megan Batoon & Amir Blumenfeld (LIVE),208,Al's Beef,2019-06-20,True,in person,"Chicago, IL",Mike Mitchell,mitch,3.9 forks,3.9,3.9,,False,False,False
Al's Beef with Megan Batoon & Amir Blumenfeld (LIVE),208,Al's Beef,2019-06-20,True,in person,"Chicago, IL",Megan Batoon,guest,1 fork,1.0,1.0,,False,False,False
Al's Beef with Megan Batoon & Amir Blumenfeld (LIVE),208,Al's Beef,2019-06-20,True,in person,"Chicago, IL",Amir Blumenfeld,guest,1 fork,1.0,1.0,,False,False,False
Which Wich? with Josh Gondelman,209,Which Wich?,2019-06-27,False,,,Nick Wiger,nick,3.5 forks,3.5,3.5,,False,False,False
Which Wich? with Josh Gondelman,209,Which Wich?,2019-06-27,False,,,Mike Mitchell,mitch,3.5 forks,3.5,3.5,,False,False,False
Which Wich? with Josh Gondelman,209,Which Wich?,2019-06-27,False,,,Josh Gondelman,guest,3.5 forks,3.5,3.5,,False,False,False
Starbucks Reserve with Jessica Chaffin,210,Starbucks Reserve,2019-07-04,False,,,Nick Wiger,nick,1 fork,1.0,1.0,,False,False,False
Starbucks Reserve with Jessica Chaffin,210,Starbucks Reserve,2019-07-04,False,,,Mike Mitchell,mitch,2 forks,2.0,2.0,,False,False,False
Starbucks Reserve with Jessica Chaffin,210,Starbucks Reserve,2019-07-04,False,,,Jessica Chaffin,guest,0.5 fork,0.5,0.5,,False,False,False
"Papa Gino's with John Hodgman, Jean Grae, and Jeff Tweedy",211,Papa Gino's,2019-07-11,True,in person,"North Adams, MA",Nick Wiger,nick,3.5 forks,3.5,3.5,,False,False,False
"Papa Gino's with John Hodgman, Jean Grae, and Jeff Tweedy",211,Papa Gino's,2019-07-11,True,in person,"North Adams, MA",Mike Mitchell,mitch,4 forks,4.0,4.0,,False,False,False
"Papa Gino's with John Hodgman, Jean Grae, and Jeff Tweedy",211,Papa Gino's,2019-07-11,True,in person,"North Adams, MA",John Hodgman,guest,2.5 forks,2.5,2.5,,False,False,False
"Papa Gino's with John Hodgman, Jean Grae, and Jeff Tweedy",211,Papa Gino's,2019-07-11,True,in person,"North Adams, MA",Jean Grae,guest,3 forks,3.0,3.0,,False,False,False
"Papa Gino's with John Hodgman, Jean Grae, and Jeff Tweedy",211,Papa Gino's,2019-07-11,True,in person,"North Adams, MA",Jeff Tweedy,guest,1 fork,1.0,1.0,,False,False,False
Friendly's with John Hodgman & Jean Grae,DD,Friendly's,2019-07-16,True,in person,"North Adams, MA",Nick Wiger,nick,3.5 forks,3.5,3.5,,False,False,False
Friendly's with John Hodgman & Jean Grae,DD,Friendly's,2019-07-16,True,in person,"North Adams, MA",Mike Mitchell,mitch,4.5 forks,4.5,4.5,,False,False,False
Friendly's with John Hodgman & Jean Grae,DD,Friendly's,2019-07-16,True,in person,"North Adams, MA",John Hodgman (and his son),guest,3.5 forks,3.5,3.5,,False,False,False
Friendly's with John Hodgman & Jean Grae,DD,Friendly's,2019-07-16,True,in person,"North Adams, MA",Jean Grae,guest,5 forks,5.0,5.0,,False,False,False
Le Pain Quotidien with Johnny Pemberton,212,Le Pain Quotidien,2019-07-18,False,,,Nick Wiger,nick,3.5 forks,3.5,3.5,,False,False,False
Le Pain Quotidien with Johnny Pemberton,212,Le Pain Quotidien,2019-07-18,False,,,Mike Mitchell,mitch,3.75 forks,3.75,3.75,,False,False,False
Le Pain Quotidien with Johnny Pemberton,212,Le Pain Quotidien,2019-07-18,False,,,Johnny Pemberton,guest,4 forks,4.0,4.0,,False,False,False
Shaquille's with Josh Weiner,213,Shaquille's,2019-07-25,False,,,Nick Wiger,nick,4 General Stars,4.0,4.0,text: 4 General Stars,False,False,False
Shaquille's with Josh Weiner,213,Shaquille's,2019-07-25,False,,,Mike Mitchell,mitch,4 General Stars,4.0,4.0,text: 4 General Stars,False,False,False
Shaquille's with Josh Weiner,213,Shaquille's,2019-07-25,False,,,Josh Weiner,guest,3.5 General Stars,3.5,3.5,text: 3.5 General Stars,False,False,False
Subway 2 with R.J. Fried,214,Subway,2019-08-01,False,,,Nick Wiger,nick,3 forks,3.0,3.0,,False,False,False
Subway 2 with R.J. Fried,214,Subway,2019-08-01,False,,,Mike Mitchell,mitch,3.25 forks,3.25,3.25,,False,False,False
Subway 2 with R.J. Fried,214,Subway,2019-08-01,False,,,R.J. Fried,guest,3.5 forks,3.5,3.5,,False,False,False
Del Taco 2 with Kevin Bartelt & Yusong Liu,215,Del Taco,2019-08-08,False,,,Nick Wiger,nick,5 forks,5.0,5.0,,False,False,False
Del Taco 2 with Kevin Bartelt & Yusong Liu,215,Del Taco,2019-08-08,False,,,Mike Mitchell,mitch,3.5 forks,3.5,3.5,,False,False,False
Del Taco 2 with Kevin Bartelt & Yusong Liu,215,Del Taco,2019-08-08,False,,,Kevin Bartelt,guest,4 forks,4.0,4.0,,False,False,False
Del Taco 2 with Kevin Bartelt & Yusong Liu,215,Del Taco,2019-08-08,False,,,Yusong Liu,guest,4 forks,4.0,4.0,,False,False,False
Lee's Sandwiches with Ify Nwadiwe,216,Lee's Sandwiches,2019-08-15,False,,,Nick Wiger,nick,4 forks,4.0,4.0,,False,False,False
Lee's Sandwiches with Ify Nwadiwe,216,Lee's Sandwiches,2019-08-15,False,,,Mike Mitchell,mitch,3.75 forks,3.75,3.75,,False,False,False
Lee's Sandwiches with Ify Nwadiwe,216,Lee's Sandwiches,2019-08-15,False,,,Ify Nwadiwe,guest,5 forks,5.0,5.0,,False,False,False
Burger King 3 with Haley Mancini,217,Burger King,2019-08-22,False,,,Nick Wiger,nick,3.5 forks,3.5,3.5,,False,False,False
Burger King 3 with Haley Mancini,217,Burger King,2019-08-22,False,,,Mike Mitchell,mitch,3.5 forks,3.5,3.5,,False,False,False
Burger King 3 with Haley Mancini,217,Burger King,2019-08-22,False,,,Haley Mancini,guest,4 forks,4.0,4.0,,False,False,False
Popeyes Louisiana Kitchen 2 with Andrew Ti,218,Popeyes Louisiana Kitchen,2019-08-29,False,,,Nick Wiger,nick,5 forks,5.0,5.0,,False,False,False
Popeyes Louisiana Kitchen 2 with Andrew Ti,218,Popeyes Louisiana Kitchen,2019-08-29,False,,,Mike Mitchell,mitch,5 forks,5.0,5.0,,False,False,False
Popeyes Louisiana Kitchen 2 with Andrew Ti,218,Popeyes Louisiana Kitchen,2019-08-29,False,,,Andrew Ti,guest,4 forks,4.0,4.0,,False,False,False
Ben's Chili Bowl with Christine Nangle & Carl Tart (LIVE),219,Ben's Chili Bowl,2019-09-05,True,in person,"Washington, DC",Nick Wiger,nick,5 spoons,5.0,5.0,text: 5 spoons,False,False,False
Ben's Chili Bowl with Christine Nangle & Carl Tart (LIVE),219,Ben's Chili Bowl,2019-09-05,True,in person,"Washington, DC",Mike Mitchell,mitch,5 forks,5.0,5.0,,False,False,False
Ben's Chili Bowl with Christine Nangle & Carl Tart (LIVE),219,Ben's Chili Bowl,2019-09-05,True,in person,"Washington, DC",Christine Nangle,guest,4.5 stars,4.5,4.5,text: 4.5 stars,False,False,False
Ben's Chili Bowl with Christine Nangle & Carl Tart (LIVE),219,Ben's Chili Bowl,2019-09-05,True,in person,"Washington, DC",Carl Tart,guest,5 forks,5.0,5.0,,False,False,False
Feast Coast Tour Diary: Comet Ping Pong,DD,Comet Ping Pong,2019-09-10,False,,,Nick Wiger,nick,QAn,,,unparseable: QAn,False,False,False
Feast Coast Tour Diary: Comet Ping Pong,DD,Comet Ping Pong,2019-09-10,False,,,Mike Mitchell,mitch,QAnc,,,unparseable: QAnc,False,False,False
"CAVA with Jamelle Bouie, Carl Tart, and Libby Watson (LIVE)",220,CAVA,2019-09-12,True,in person,"Washington, DC",Nick Wiger,nick,3.5 forks,3.5,3.5,,False,False,False
"CAVA with Jamelle Bouie, Carl Tart, and Libby Watson (LIVE)",220,CAVA,2019-09-12,True,in person,"Washington, DC",Mike Mitchell,mitch,3.75 forks,3.75,3.75,,False,False,False
"CAVA with Jamelle Bouie, Carl Tart, and Libby Watson (LIVE)",220,CAVA,2019-09-12,True,in person,"Washington, DC",Jamelle Bouie,guest,3.5 forks,3.5,3.5,,False,False,False
"CAVA with Jamelle Bouie, Carl Tart, and Libby Watson (LIVE)",220,CAVA,2019-09-12,True,in person,"Washington, DC",Carl Tart,guest,3 forks,3.0,3.0,,False,False,False
Wawa with Carl Tart & Christine Nangle (LIVE),DD,Wawa,2019-09-17,True,in person,"Philadelphia, PA",Nick Wiger,nick,4.5 phorks,4.5,4.5,text: 4.5 phorks,False,False,False
Wawa with Carl Tart & Christine Nangle (LIVE),DD,Wawa,2019-09-17,True,in person,"Philadelphia, PA",Mike Mitchell,mitch,5 phorks,5.0,5.0,text: 5 phorks,False,False,False
Wawa with Carl Tart & Christine Nangle (LIVE),DD,Wawa,2019-09-17,True,in person,"Philadelphia, PA",Carl Tart,guest,4.75 phorks,4.75,4.75,text: 4.75 phorks,False,False,False
Wawa with Carl Tart & Christine Nangle (LIVE),DD,Wawa,2019-09-17,True,in person,"Philadelphia, PA",Christine Nangle,guest,5 phorks,5.0,5.0,text: 5 phorks,False,False,False
Marie Callender's with Scott Aukerman,221,Marie Callender's,2019-09-19,False,,,Nick Wiger,nick,3.25 forks,3.25,3.25,,False,False,False
Marie Callender's with Scott Aukerman,221,Marie Callender's,2019-09-19,False,,,Mike Mitchell,mitch,3.25 forks,3.25,3.25,,False,False,False
Marie Callender's with Scott Aukerman,221,Marie Callender's,2019-09-19,False,,,Scott Aukerman,guest,5 forks,5.0,5.0,,False,False,False
Xi'an Famous Foods with Mike Hanford & Paul Rust (LIVE),DD,Xi'an Famous Foods,2019-09-24,True,in person,"New York, NY",Nick Wiger,nick,5 forks,5.0,5.0,,False,False,False
Xi'an Famous Foods with Mike Hanford & Paul Rust (LIVE),DD,Xi'an Famous Foods,2019-09-24,True,in person,"New York, NY",Mike Mitchell,mitch,5 forks,5.0,5.0,,False,False,False
Xi'an Famous Foods with Mike Hanford & Paul Rust (LIVE),DD,Xi'an Famous Foods,2019-09-24,True,in person,"New York, NY",Mike Hanford,guest,3.8 forks,3.8,3.8,,False,False,False
Xi'an Famous Foods with Mike Hanford & Paul Rust (LIVE),DD,Xi'an Famous Foods,2019-09-24,True,in person,"New York, NY",Paul Rust,guest,4.5 forks,4.5,4.5,,False,False,False
Xi'an Famous Foods with Mike Hanford & Paul Rust (LIVE),DD,Xi'an Famous Foods,2019-09-24,True,in person,"New York, NY","Nick, Mitch, and Mike shared",guest,,,,no rating,False,False,False
Rita's Italian Ice with Carl Tart & Christine Nangle (LIVE),222,Rita's Italian Ice,2019-09-26,True,in person,"Philadelphia, PA",Nick Wiger,nick,4 phorks,4.0,4.0,text: 4 phorks,False,False,False
Rita's Italian Ice with Carl Tart & Christine Nangle (LIVE),222,Rita's Italian Ice,2019-09-26,True,in person,"Philadelphia, PA",Mike Mitchell,mitch,4 phorks,4.0,4.0,text: 4 phorks,False,False,False
Rita's Italian Ice with Carl Tart & Christine Nangle (LIVE),222,Rita's Italian Ice,2019-09-26,True,in person,"Philadelphia, PA",Carl Tart,guest,4 phorks,4.0,4.0,text: 4 phorks,False,False,False
Rita's Italian Ice with Carl Tart & Christine Nangle (LIVE),222,Rita's Italian Ice,2019-09-26,True,in person,"Philadelphia, PA",Christine Nangle,guest,4.75 phorks,4.75,4.75,text: 4.75 phorks,False,False,False
The Ate-TL: The Flying Biscuit Cafe with Steve Agee,223,The Flying Biscuit Cafe,2019-10-03,False,,,Nick Wiger,nick,4 forks,4.0,4.0,,False,False,False
The Ate-TL: The Flying Biscuit Cafe with Steve Agee,223,The Flying Biscuit Cafe,2019-10-03,False,,,Mike Mitchell,mitch,4 forks,4.0,4.0,,False,False,False
The Ate-TL: The Flying Biscuit Cafe with Steve Agee,223,The Flying Biscuit Cafe,2019-10-03,False,,,Steve Agee,guest,4 forks,4.0,4.0,,False,False,False
The Ate-TL: Moe's Southwest Grill with Mary Lynn Rajskub,224,Moe's Southwest Grill,2019-10-10,False,,,Nick Wiger,nick,1.5 forks,1.5,1.5,,False,False,False
The Ate-TL: Moe's Southwest Grill with Mary Lynn Rajskub,224,Moe's Southwest Grill,2019-10-10,False,,,Mike Mitchell,mitch,2.25 forks,2.25,2.25,,False,False,False
The Ate-TL: Moe's Southwest Grill with Mary Lynn Rajskub,224,Moe's Southwest Grill,2019-10-10,False,,,Mary Lynn Rajskub,guest,1 fork,1.0,1.0,,False,False,False
The Ate-TL: The Varsity with Joe Saunders,225,The Varsity,2019-10-17,False,,,Nick Wiger,nick,4.5 forks,4.5,4.5,,False,False,False
The Ate-TL: The Varsity with Joe Saunders,225,The Varsity,2019-10-17,False,,,Mike Mitchell,mitch,4 forks,4.0,4.0,,False,False,False
The Ate-TL: The Varsity with Joe Saunders,225,The Varsity,2019-10-17,False,,,Joe Saunders,guest,5 forks,5.0,5.0,,False,False,False
The Ate-TL: Krystal with Sam Richardson,226,Krystal,2019-10-24,False,,,Nick Wiger,nick,3 forks,3.0,3.0,,False,False,False
The Ate-TL: Krystal with Sam Richardson,226,Krystal,2019-10-24,False,,,Mike Mitchell,mitch,2.75 forks,2.75,2.75,,False,False,False
The Ate-TL: Krystal with Sam Richardson,226,Krystal,2019-10-24,False,,,Sam Richardson,guest,2.5 forks,2.5,2.5,,False,False,False
The Ate-TL: Cook Out with Jesse Farrar & Mike Hale,227,Cook Out,2019-10-31,False,,,Nick Wiger,nick,5 forks,5.0,5.0,,False,False,False
The Ate-TL: Cook Out with Jesse Farrar & Mike Hale,227,Cook Out,2019-10-31,False,,,Mike Mitchell,mitch,4.75 forks,4.75,4.75,,False,False,False
The Ate-TL: Cook Out with Jesse Farrar & Mike Hale,227,Cook Out,2019-10-31,False,,,Jesse Farrar,guest,5 forks,5.0,5.0,,False,False,False
The Ate-TL: Cook Out with Jesse Farrar & Mike Hale,227,Cook Out,2019-10-31,False,,,Mike Hale,guest,4 forks,4.0,4.0,,False,False,False
"White Castle with Mike Hanford, Paul Rust, and Fran Gillespie (LIVE)",228,White Castle,2019-11-07,True,in person,"New York, NY",Nick Wiger,nick,3 forks,3.0,3.0,,False,False,False
"White Castle with Mike Hanford, Paul Rust, and Fran Gillespie (LIVE)",228,White Castle,2019-11-07,True,in person,"New York, NY",Mike Mitchell,mitch,3.5 forks,3.5,3.5,,False,False,False
"White Castle with Mike Hanford, Paul Rust, and Fran Gillespie (LIVE)",228,White Castle,2019-11-07,True,in person,"New York, NY",Mike Hanford,guest,1 fork,1.0,1.0,,False,False,False
"White Castle with Mike Hanford, Paul Rust, and Fran Gillespie (LIVE)",228,White Castle,2019-11-07,True,in person,"New York, NY",Fran Gillespie,guest,2 forks,2.0,2.0,,False,False,False
"White Castle with Mike Hanford, Paul Rust, and Fran Gillespie (LIVE)",228,White Castle,2019-11-07,True,in person,"New York, NY",Paul Rust,guest,5 forks,5.0,5.0,,False,False,False
Regina Pizzeria with John Hodgman & Nicole Byer (LIVE),229,Regina Pizzeria,2019-11-14,True,in person,"Boston, MA",Nick Wiger,nick,5 forks,5.0,5.0,,False,False,False
Regina Pizzeria with John Hodgman & Nicole Byer (LIVE),229,Regina Pizzeria,2019-11-14,True,in person,"Boston, MA",Mike Mitchell,mitch,5 forks,5.0,5.0,,False,False,False
Regina Pizzeria with John Hodgman & Nicole Byer (LIVE),229,Regina Pizzeria,2019-11-14,True,in person,"Boston, MA",John Hodgman,guest,5 forks,5.0,5.0,,False,False,False
Regina Pizzeria with John Hodgman & Nicole Byer (LIVE),229,Regina Pizzeria,2019-11-14,True,in person,"Boston, MA",Nicole Byer,guest,10 forks,10.0,10.0,,False,True,True
99 Restaurant with Nicole Byer & Dano (LIVE),230,99 Restaurant,2019-11-21,True,in person,"Boston, MA",Nick Wiger,nick,3 forks,3.0,3.0,,False,False,False
99 Restaurant with Nicole Byer & Dano (LIVE),230,99 Restaurant,2019-11-21,True,in person,"Boston, MA",Mike Mitchell,mitch,3 forks,3.0,3.0,,False,False,False
99 Restaurant with Nicole Byer & Dano (LIVE),230,99 Restaurant,2019-11-21,True,in person,"Boston, MA",Dano,guest,1 fork,1.0,1.0,,False,False,False
99 Restaurant with Nicole Byer & Dano (LIVE),230,99 Restaurant,2019-11-21,True,in person,"Boston, MA",Nicole Byer,guest,1.5 forks,1.5,1.5,,False,False,False
Noah's New York Bagels with Jennie Pierson,231,Noah's New York Bagels,2019-12-05,False,,,Nick Wiger,nick,3 forks,3.0,3.0,,False,False,False
Noah's New York Bagels with Jennie Pierson,231,Noah's New York Bagels,2019-12-05,False,,,Mike Mitchell,mitch,3 forks,3.0,3.0,,False,False,False
Noah's New York Bagels with Jennie Pierson,231,Noah's New York Bagels,2019-12-05,False,,,Jennie Pierson,guest,2.5 forks,2.5,2.5,,False,False,False
Ample Hills Creamery with Jason Sheridan,232,Ample Hills Creamery,2019-12-12,False,,,Nick Wiger,nick,5 spoons,5.0,5.0,text: 5 spoons,False,False,False
Ample Hills Creamery with Jason Sheridan,232,Ample Hills Creamery,2019-12-12,False,,,Mike Mitchell,mitch,4 spoons,4.0,4.0,text: 4 spoons,False,False,False
Ample Hills Creamery with Jason Sheridan,232,Ample Hills Creamery,2019-12-12,False,,,Jason Sheridan,guest,4.5 forks,4.5,4.5,,False,False,False
Steak 'n Shake 4 with Evan Susser,233,Steak 'n Shake,2019-12-19,False,,,Nick Wiger,nick,3.75 forks,3.75,3.75,,False,False,False
Steak 'n Shake 4 with Evan Susser,233,Steak 'n Shake,2019-12-19,False,,,Mike Mitchell,mitch,3.75 forks,3.75,3.75,,False,False,False
Steak 'n Shake 4 with Evan Susser,233,Steak 'n Shake,2019-12-19,False,,,Evan Susser,guest,3.75 forks,3.75,3.75,,False,False,False
Harold's Chicken Shack with Jacquis Neal,234,Harold's Chicken Shack,2020-01-16,False,,,Nick Wiger,nick,4.5 forks,4.5,4.5,,False,False,False
Harold's Chicken Shack with Jacquis Neal,234,Harold's Chicken Shack,2020-01-16,False,,,Mike Mitchell,mitch,4.5 forks,4.5,4.5,,False,False,False
Harold's Chicken Shack with Jacquis Neal,234,Harold's Chicken Shack,2020-01-16,False,,,Jacquis Neal,guest,5 forks,5.0,5.0,,False,False,False
Culver's with Carl Tart,235,Culver's,2020-01-23,True,in person,"Milwaukee, WI",Nick Wiger,nick,5 forks,5.0,5.0,,False,False,False
Culver's with Carl Tart,235,Culver's,2020-01-23,True,in person,"Milwaukee, WI",Mike Mitchell,mitch,5 forks,5.0,5.0,,False,False,False
Culver's with Carl Tart,235,Culver's,2020-01-23,True,in person,"Milwaukee, WI",Carl Tart,guest,5 forks,5.0,5.0,,False,False,False
National Coney Island with Carl Tart,DD,National Coney Island,2020-01-28,True,in person,"Detroit, MI",Nick Wiger,nick,4 forks,4.0,4.0,,False,False,False
National Coney Island with Carl Tart,DD,National Coney Island,2020-01-28,True,in person,"Detroit, MI",Mike Mitchell,mitch,4.75 forks,4.75,4.75,,False,False,False
National Coney Island with Carl Tart,DD,National Coney Island,2020-01-28,True,in person,"Detroit, MI",Carl Tart,guest,4 forks,4.0,4.0,,False,False,False
Swensons with Carl Tart,236,Swensons,2020-01-30,True,in person,"Cleveland, OH",Nick Wiger,nick,5 forks,5.0,5.0,,False,False,False
Swensons with Carl Tart,236,Swensons,2020-01-30,True,in person,"Cleveland, OH",Mike Mitchell,mitch,5 forks,5.0,5.0,,False,False,False
Swensons with Carl Tart,236,Swensons,2020-01-30,True,in person,"Cleveland, OH",Carl Tart,guest,5 forks,5.0,5.0,,False,False,False
Boudin Bakery with The Sloppy Boys,237,Boudin Bakery,2020-02-06,True,in person,"San Francisco, CA",Nick Wiger,nick,1.5 forks,1.5,1.5,,False,False,False
Boudin Bakery with The Sloppy Boys,237,Boudin Bakery,2020-02-06,True,in person,"San Francisco, CA",Mike Mitchell,mitch,2 forks,2.0,2.0,,False,False,False
Boudin Bakery with The Sloppy Boys,237,Boudin Bakery,2020-02-06,True,in person,"San Francisco, CA",Jefferson Dutton,guest,3 forks,3.0,3.0,,False,False,False
Boudin Bakery with The Sloppy Boys,237,Boudin Bakery,2020-02-06,True,in person,"San Francisco, CA",Mike Hanford,guest,2 forks,2.0,2.0,,False,False,False
Boudin Bakery with The Sloppy Boys,237,Boudin Bakery,2020-02-06,True,in person,"San Francisco, CA",Tim Kalpakis,guest,3 forks,3.0,3.0,,False,False,False
Ezell's with Toni Charline Ramos,238,Ezell's,2020-02-13,True,in person,"Seattle, WA",Nick Wiger,nick,5 forks,5.0,5.0,,False,False,False
Ezell's with Toni Charline Ramos,238,Ezell's,2020-02-13,True,in person,"Seattle, WA",Mike Mitchell,mitch,4 forks,4.0,4.0,,False,False,False
Ezell's with Toni Charline Ramos,238,Ezell's,2020-02-13,True,in person,"Seattle, WA",Toni Charline,guest,4.17 forks,4.17,4.17,,False,False,False
The Habit with Emmy Blotnick,239,The Habit,2020-02-20,False,,,Nick Wiger,nick,3 forks,3.0,3.0,,False,False,False
The Habit with Emmy Blotnick,239,The Habit,2020-02-20,False,,,Mike Mitchell,mitch,3.5 forks,3.5,3.5,,False,False,False
The Habit with Emmy Blotnick,239,The Habit,2020-02-20,False,,,Emmy Blotnick,guest,3 forks,3.0,3.0,,False,False,False
A&W Canada with Jessica McKenna and Zach Reino (LIVE),240,A&W Canada,2020-02-27,True,in person,"Vancouver, BC",Nick Wiger,nick,5 forks,5.0,5.0,,False,False,False
A&W Canada with Jessica McKenna and Zach Reino (LIVE),240,A&W Canada,2020-02-27,True,in person,"Vancouver, BC",Mike Mitchell,mitch,5 forks,5.0,5.0,,False,False,False
A&W Canada with Jessica McKenna and Zach Reino (LIVE),240,A&W Canada,2020-02-27,True,in person,"Vancouver, BC",Jessica McKenna,guest,5 forks,5.0,5.0,,False,False,False
A&W Canada with Jessica McKenna and Zach Reino (LIVE),240,A&W Canada,2020-02-27,True,in person,"Vancouver, BC",Zach Reino,guest,5 forks,5.0,5.0,,False,False,False
Crown Burgers with Betsy Sodaro (Live),245,Crown Burgers,2020-04-02,True,in person,"Salt Lake City, UT",Nick Wiger,nick,4 forks,4.0,4.0,,False,False,False
Crown Burgers with Betsy Sodaro (Live),245,Crown Burgers,2020-04-02,True,in person,"Salt Lake City, UT",Mike Mitchell,mitch,4 forks,4.0,4.0,,False,False,False
Crown Burgers with Betsy Sodaro (Live),245,Crown Burgers,2020-04-02,True,in person,"Salt Lake City, UT",Betsy Sodaro,guest,4.5 forks,4.5,4.5,,False,False,False
Good Times Burgers with Betsy Sodaro (Live),246,Good Times Burgers,2020-04-09,True,in person,"Denver, CO",Nick Wiger,nick,4.5 forks,4.5,4.5,,False,False,False
Good Times Burgers with Betsy Sodaro (Live),246,Good Times Burgers,2020-04-09,True,in person,"Denver, CO",Mike Mitchell,mitch,5 forks,5.0,5.0,,False,False,False
Good Times Burgers with Betsy Sodaro (Live),246,Good Times Burgers,2020-04-09,True,in person,"Denver, CO",Betsy Sodaro,guest,5 forks,5.0,5.0,,False,False,False
Honeybaked Ham with Kevin T. Porter,247,Honeybaked Ham,2020-04-16,False,,,Nick Wiger,nick,4 forks,4.0,4.0,,False,False,False
Honeybaked Ham with Kevin T. Porter,247,Honeybaked Ham,2020-04-16,False,,,Mike Mitchell,mitch,3.75 forks,3.75,3.75,,False,False,False
Honeybaked Ham with Kevin T. Porter,247,Honeybaked Ham,2020-04-16,False,,,Kevin T. Porter,guest,4 forks,4.0,4.0,,False,False,False
Pizza Hut 2 with Jen D'Angelo,248,Pizza Hut,2020-04-23,False,,,Nick Wiger,nick,3 forks,3.0,3.0,,False,False,False
Pizza Hut 2 with Jen D'Angelo,248,Pizza Hut,2020-04-23,False,,,Mike Mitchell,mitch,2.25 forks,2.25,2.25,,False,False,False
Pizza Hut 2 with Jen D'Angelo,248,Pizza Hut,2020-04-23,False,,,Jen D'Angelo,guest,1 fork,1.0,1.0,,False,False,False
Chipotle 3 with Alan Aisenberg and Mike Castle,249,Chipotle,2020-04-30,False,,,Nick Wiger,nick,3.25 forks,3.25,3.25,,False,False,False
Chipotle 3 with Alan Aisenberg and Mike Castle,249,Chipotle,2020-04-30,False,,,Mike Mitchell,mitch,2.9 forks,2.9,2.9,,False,False,False
Chipotle 3 with Alan Aisenberg and Mike Castle,249,Chipotle,2020-04-30,False,,,Alan Aisenberg,guest,4.5 forks,4.5,4.5,,False,False,False
Chipotle 3 with Alan Aisenberg and Mike Castle,249,Chipotle,2020-04-30,False,,,Mike Castle,guest,2 forks,2.0,2.0,,False,False,False
Tombstone (the pizza) with Blank Check,250,Tombstone (the pizza),2020-05-07,False,,,Nick Wiger,nick,4 forks,4.0,4.0,,False,False,False
Tombstone (the pizza) with Blank Check,250,Tombstone (the pizza),2020-05-07,False,,,Mike Mitchell,mitch,<s>4 forks </s>3.75 forks,4.0,3.75,,True,False,False
Tombstone (the pizza) with Blank Check,250,Tombstone (the pizza),2020-05-07,False,,,David Sims,guest,4.5 forks,4.5,4.5,,False,False,False
Tombstone (the pizza) with Blank Check,250,Tombstone (the pizza),2020-05-07,False,,,Griffin Newman,guest,4.75 forks,4.75,4.75,,False,False,False
Topical Freeze: Tina's Burritos with Jamelle Bouie,251,Tina's Burritos,2020-05-14,False,,,Nick Wiger,nick,2.75 forks,2.75,2.75,,False,False,False
Topical Freeze: Tina's Burritos with Jamelle Bouie,251,Tina's Burritos,2020-05-14,False,,,Mike Mitchell,mitch,4 forks,4.0,4.0,,False,False,False
Topical Freeze: Tina's Burritos with Jamelle Bouie,251,Tina's Burritos,2020-05-14,False,,,Jamelle Bouie,guest,2.5 forks,2.5,2.5,,False,False,False
Topical Freeze: Ore-Ida with Jason Mantzoukas,252,Ore-Ida,2020-05-21,False,,,Nick Wiger,nick,3 forks,3.0,3.0,,False,False,False
Topical Freeze: Ore-Ida with Jason Mantzoukas,252,Ore-Ida,2020-05-21,False,,,Mike Mitchell,mitch,4 forks,4.0,4.0,,False,False,False
Topical Freeze: Ore-Ida with Jason Mantzoukas,252,Ore-Ida,2020-05-21,False,,,Jason Mantzoukas,guest,2.5 forks,2.5,2.5,,False,False,False
Topical Freeze: Marie Callender's Meals with Cat Solen,253,Marie Callender's Meals,2020-05-28,False,,,Nick Wiger,nick,2.88 forks,2.88,2.88,,False,False,False
Topical Freeze: Marie Callender's Meals with Cat Solen,253,Marie Callender's Meals,2020-05-28,False,,,Mike Mitchell,mitch,3 forks,3.0,3.0,,False,False,False
Topical Freeze: Marie Callender's Meals with Cat Solen,253,Marie Callender's Meals,2020-05-28,False,,,Cat Solen,guest,2.5 forks,2.5,2.5,,False,False,False
Chili's 2 with Joey Janela,255,Chili's,2020-06-11,False,,,Nick Wiger,nick,3 forks,3.0,3.0,,False,False,False
Chili's 2 with Joey Janela,255,Chili's,2020-06-11,False,,,Mike Mitchell,mitch,3 forks,3.0,3.0,,False,False,False
Chili's 2 with Joey Janela,255,Chili's,2020-06-11,False,,,Joey Janela,guest,3 forks,3.0,3.0,,False,False,False
Marco's Pizza with Jon Daly,256,Marco's Pizza,2020-06-18,False,,,Nick Wiger,nick,3 forks,3.0,3.0,,False,False,False
Marco's Pizza with Jon Daly,256,Marco's Pizza,2020-06-18,False,,,Mike Mitchell,mitch,4 forks,4.0,4.0,,False,False,False
Marco's Pizza with Jon Daly,256,Marco's Pizza,2020-06-18,False,,,Jon Daly,guest,2.75 forks,2.75,2.75,,False,False,False
Dog Haus with Dani Fernandez,257,Dog Haus,2020-06-25,False,,,Nick Wiger,nick,4 forks,4.0,4.0,,False,False,False
Dog Haus with Dani Fernandez,257,Dog Haus,2020-06-25,False,,,Mike Mitchell,mitch,4.5 forks,4.5,4.5,,False,False,False
Dog Haus with Dani Fernandez,257,Dog Haus,2020-06-25,False,,,Dani Fernandez,guest,4 forks,4.0,4.0,,False,False,False
Trader Joe's with John Hodgman and David Rees,258,Trader Joe's,2020-07-02,False,,,Nick Wiger,nick,7 carts and 1 basket,3.75,3.75,text: 7 carts and 1 basket,False,False,False
Trader Joe's with John Hodgman and David Rees,258,Trader Joe's,2020-07-02,False,,,Mike Mitchell,mitch,7 carts and 1 basket,3.75,3.75,text: 7 carts and 1 basket,False,False,False
Trader Joe's with John Hodgman and David Rees,258,Trader Joe's,2020-07-02,False,,,John Hodgman,guest,7 carts and 1 basket,3.75,3.75,text: 7 carts and 1 basket,False,False,False
Trader Joe's with John Hodgman and David Rees,258,Trader Joe's,2020-07-02,False,,,David Rees,guest,8 carts,4.0,4.0,text: 8 carts,False,False,False
Whole Foods with Fran Gillespie,259,Whole Foods,2020-07-09,False,,,Nick Wiger,nick,"3 carts, 1 basket",1.75,1.75,"text: 3 carts, 1 basket",False,False,False
Whole Foods with Fran Gillespie,259,Whole Foods,2020-07-09,False,,,Mike Mitchell,mitch,"4 carts, 1 basket",2.25,2.25,"text: 4 carts, 1 basket",False,False,False
Whole Foods with Fran Gillespie,259,Whole Foods,2020-07-09,False,,,Fran Gillespie,guest,3 carts,1.5,1.5,text: 3 carts,False,False,False
Costco with Griffin Newman,260,Costco,2020-07-16,False,,,Nick Wiger,nick,10 carts,5.0,5.0,rescaled from 10-point scale; text: 10 carts,False,False,False
Costco with Griffin Newman,260,Costco,2020-07-16,False,,,Mike Mitchell,mitch,10 carts,5.0,5.0,rescaled from 10-point scale; text: 10 carts,False,False,False
Costco with Griffin Newman,260,Costco,2020-07-16,False,,,Griffin Newman,guest,10 carts,5.0,5.0,rescaled from 10-point scale; text: 10 carts,False,False,False
Albertson's with Raj Desai,261,Albertson's,2020-07-23,False,,,Nick Wiger,nick,6 carts,3.0,3.0,rescaled from 10-point scale; text: 6 carts,False,False,False
Albertson's with Raj Desai,261,Albertson's,2020-07-23,False,,,Mike Mitchell,mitch,6.5 carts,3.25,3.25,rescaled from 10-point scale; text: 6.5 carts,False,False,False
Albertson's with Raj Desai,261,Albertson's,2020-07-23,False,,,Raj Desai,guest,5.5 carts,2.75,2.75,rescaled from 10-point scale; text: 5.5 carts,False,False,False
Kroger with Dave King and Esther Povitsky,262,Kroger,2020-07-30,False,,,Nick Wiger,nick,4 carts,2.0,2.0,rescaled from 10-point scale; text: 4 carts,False,False,False
Kroger with Dave King and Esther Povitsky,262,Kroger,2020-07-30,False,,,Mike Mitchell,mitch,2.5 carts,1.25,1.25,rescaled from 10-point scale; text: 2.5 carts,False,False,False
Kroger with Dave King and Esther Povitsky,262,Kroger,2020-07-30,False,,,Dave King,guest,3 carts,1.5,1.5,rescaled from 10-point scale; text: 3 carts,False,False,False
Kroger with Dave King and Esther Povitsky,262,Kroger,2020-07-30,False,,,Esther Povitsky,guest,3 carts,1.5,1.5,rescaled from 10-point scale; text: 3 carts,False,False,False
Wendy's Breakfast with The Sloppy Boys,263,Wendy's Breakfast,2020-08-06,False,,,Nick Wiger,nick,4 forks,4.0,4.0,,False,False,False
Wendy's Breakfast with The Sloppy Boys,263,Wendy's Breakfast,2020-08-06,False,,,Mike Mitchell,mitch,4 forks,4.0,4.0,,False,False,False
Wendy's Breakfast with The Sloppy Boys,263,Wendy's Breakfast,2020-08-06,False,,,Mike Hanford,guest,1 fork,1.0,1.0,,False,False,False
Wendy's Breakfast with The Sloppy Boys,263,Wendy's Breakfast,2020-08-06,False,,,Tim Kalpakis,guest,3.5 forks,3.5,3.5,,False,False,False
Wendy's Breakfast with The Sloppy Boys,263,Wendy's Breakfast,2020-08-06,False,,,Jefferson Dutton,guest,3.5 forks,3.5,3.5,,False,False,False
Bonchon Chicken with Ed Zitron,264,Bonchon Chicken,2020-08-13,False,,,Nick Wiger,nick,5 forks,5.0,5.0,,False,False,False
Bonchon Chicken with Ed Zitron,264,Bonchon Chicken,2020-08-13,False,,,Mike Mitchell,mitch,6 forks,6.0,6.0,,False,True,True
Bonchon Chicken with Ed Zitron,264,Bonchon Chicken,2020-08-13,False,,,Ed Zitron,guest,5 forks,5.0,5.0,,False,False,False
Buffalo Wild Wings 2 with Leslie Lee III,265,Buffalo Wild Wings,2020-08-20,False,,,Nick Wiger,nick,3 forks,3.0,3.0,,False,False,False
Buffalo Wild Wings 2 with Leslie Lee III,265,Buffalo Wild Wings,2020-08-20,False,,,Mike Mitchell,mitch,3.5 forks,3.5,3.5,,False,False,False
Buffalo Wild Wings 2 with Leslie Lee III,265,Buffalo Wild Wings,2020-08-20,False,,,Leslie Lee III,guest,2.5 forks,2.5,2.5,,False,False,False
Mooby's with Eva Anderson,266,Mooby's,2020-08-27,False,,,Nick Wiger,nick,0.5 forks,0.5,0.5,,False,False,False
Mooby's with Eva Anderson,266,Mooby's,2020-08-27,False,,,Mike Mitchell,mitch,-1 fork,-1.0,-1.0,,False,True,True
Mooby's with Eva Anderson,266,Mooby's,2020-08-27,False,,,Eva Anderson,guest,1 fork,1.0,1.0,,False,False,False
Potbelly Sandwich Shop with Colt Cabana,267,Potbelly Sandwich Shop,2020-09-03,False,,,Nick Wiger,nick,4 forks,4.0,4.0,,False,False,False
Potbelly Sandwich Shop with Colt Cabana,267,Potbelly Sandwich Shop,2020-09-03,False,,,Mike Mitchell,mitch,4 forks,4.0,4.0,,False,False,False
Potbelly Sandwich Shop with Colt Cabana,267,Potbelly Sandwich Shop,2020-09-03,False,,,Colt Cabana,guest,3.5 forks,3.5,3.5,,False,False,False
Blaze Pizza with Eliza Skinner,268,Blaze Pizza,2020-09-10,False,,,Nick Wiger,nick,2.5 forks,2.5,2.5,,False,False,False
Blaze Pizza with Eliza Skinner,268,Blaze Pizza,2020-09-10,False,,,Mike Mitchell,mitch,2 forks,2.0,2.0,,False,False,False
Blaze Pizza with Eliza Skinner,268,Blaze Pizza,2020-09-10,False,,,Eliza Skinner,guest,2 forks,2.0,2.0,,False,False,False
In-N-Out Burger 3 with Rob Lowe,269,In-N-Out Burger,2020-09-17,False,,,Nick Wiger,nick,5 forks,5.0,5.0,,False,False,False
In-N-Out Burger 3 with Rob Lowe,269,In-N-Out Burger,2020-09-17,False,,,Mike Mitchell,mitch,5 forks,5.0,5.0,,False,False,False
In-N-Out Burger 3 with Rob Lowe,269,In-N-Out Burger,2020-09-17,False,,,Rob Lowe,guest,5 forks,5.0,5.0,,False,False,False
The Cheesecake Factory 2 with Arden Myrin,270,The Cheesecake Factory,2020-09-24,False,,,Cookie Ass Wiger,guest,5 forks,5.0,5.0,,False,False,False
The Cheesecake Factory 2 with Arden Myrin,270,The Cheesecake Factory,2020-09-24,False,,,Mike Mitchell,mitch,5 forks,5.0,5.0,,False,False,False
The Cheesecake Factory 2 with Arden Myrin,270,The Cheesecake Factory,2020-09-24,False,,,Arden Myrin,guest,5 forks,5.0,5.0,,False,False,False
IHOP 4 with Dan Ahdoot,271,IHOP,2020-10-01,False,,,Nick Wiger,nick,2.5 forks,2.5,2.5,,False,False,False
IHOP 4 with Dan Ahdoot,271,IHOP,2020-10-01,False,,,Mike Mitchell,mitch,3 forks,3.0,3.0,,False,False,False
IHOP 4 with Dan Ahdoot,271,IHOP,2020-10-01,False,,,Dan Ahdoot,guest,2 forks,2.0,2.0,,False,False,False
ampm with Sierra Katow,272,ampm,2020-10-08,False,,,Nick Wiger,nick,3.25 forks,3.25,3.25,,False,False,False
ampm with Sierra Katow,272,ampm,2020-10-08,False,,,Mike Mitchell,mitch,3 forks,3.0,3.0,,False,False,False
ampm with Sierra Katow,272,ampm,2020-10-08,False,,,Sierra Katow,guest,3.5 forks,3.5,3.5,,False,False,False
Denny's 3 with Shaun Diston,273,Denny's,2020-10-15,False,,,Nick Wiger,nick,3.25 forks,3.25,3.25,,False,False,False
Denny's 3 with Shaun Diston,273,Denny's,2020-10-15,False,,,Mike Mitchell,mitch,3.25 forks,3.25,3.25,,False,False,False
Denny's 3 with Shaun Diston,273,Denny's,2020-10-15,False,,,Shaun Diston,guest,3.25 forks,3.25,3.25,,False,False,False
7-Eleven 2 with Jason Woliner,274,7-Eleven,2020-10-22,False,,,Nick Wiger,nick,2.5 forks,2.5,2.5,,False,False,False
7-Eleven 2 with Jason Woliner,274,7-Eleven,2020-10-22,False,,,Mike Mitchell,mitch,3 forks,3.0,3.0,,False,False,False
7-Eleven 2 with Jason Woliner,274,7-Eleven,2020-10-22,False,,,Jason Woliner,guest,2 forks,2.0,2.0,,False,False,False
Dunkin' 2 with Mookie Blaiklock,275,Dunkin',2020-10-29,False,,,Nick Wiger,nick,4 forks,4.0,4.0,,False,False,False
Dunkin' 2 with Mookie Blaiklock,275,Dunkin',2020-10-29,False,,,Mike Mitchell,mitch,5 forks,5.0,5.0,,False,False,False
Dunkin' 2 with Mookie Blaiklock,275,Dunkin',2020-10-29,False,,,Mookie Blaiklock,guest,4 forks,4.0,4.0,,False,False,False
Dunkin' 2 with Mookie Blaiklock,275,Dunkin',2020-10-29,False,,,Emma Erdbrink,guest,5 forks,5.0,5.0,,False,False,False
Paris Baguette with Lesley Tsina,276,Paris Baguette,2020-11-05,False,,,Nick Wiger,nick,4 forks,4.0,4.0,,False,False,False
Paris Baguette with Lesley Tsina,276,Paris Baguette,2020-11-05,False,,,Mike Mitchell,mitch,4 forks,4.0,4.0,,False,False,False
Paris Baguette with Lesley Tsina,276,Paris Baguette,2020-11-05,False,,,Lesley Tsina,guest,3.5 forks,3.5,3.5,,False,False,False
Boston Market 2 with Dewayne Perkins,277,Boston Market,2020-11-12,False,,,Nick Wiger,nick,3 forks,3.0,3.0,,False,False,False
Boston Market 2 with Dewayne Perkins,277,Boston Market,2020-11-12,False,,,Mike Mitchell,mitch,3.5 forks,3.5,3.5,,False,False,False
Boston Market 2 with Dewayne Perkins,277,Boston Market,2020-11-12,False,,,Dewayne Perkins,guest,4 forks,4.0,4.0,,False,False,False
Burger King 4 with Don't Stop or We'll Die,278,Burger King,2020-11-19,False,,,Nick Wiger,nick,4 forks,4.0,4.0,,False,False,False
Burger King 4 with Don't Stop or We'll Die,278,Burger King,2020-11-19,False,,,Mike Mitchell,mitch,4 forks,4.0,4.0,,False,False,False
Burger King 4 with Don't Stop or We'll Die,278,Burger King,2020-11-19,False,,,Paul Rust,guest,4 forks,4.0,4.0,,False,False,False
Burger King 4 with Don't Stop or We'll Die,278,Burger King,2020-11-19,False,,,Michael Cassady,guest,3.75 forks,3.75,3.75,,False,False,False
Peet's Coffee with Chelsea Peretti,279,Peet's Coffee,2020-12-03,False,,,Nick Wiger,nick,3 forks,3.0,3.0,,False,False,False
Peet's Coffee with Chelsea Peretti,279,Peet's Coffee,2020-12-03,False,,,Mike Mitchell,mitch,2.75 forks,2.75,2.75,,False,False,False
Peet's Coffee with Chelsea Peretti,279,Peet's Coffee,2020-12-03,False,,,Chelsea Peretti,guest,3.5 forks,3.5,3.5,,False,False,False
Domino's 2 with Jamelle Bouie,280,Domino's,2020-12-10,False,,,Nick Wiger,nick,4 forks,4.0,4.0,,False,False,False
Domino's 2 with Jamelle Bouie,280,Domino's,2020-12-10,False,,,Mike Mitchell,mitch,3.5 forks,3.5,3.5,,False,False,False
Domino's 2 with Jamelle Bouie,280,Domino's,2020-12-10,False,,,Mrs. Mitchell,guest,2.5 forks,2.5,2.5,,False,False,False
Domino's 2 with Jamelle Bouie,280,Domino's,2020-12-10,False,,,Jamelle Bouie,guest,3 forks,3.0,3.0,,False,False,False
Panera Bread 2 with Monica Ruiz and Chris O'Malley,282,Panera Bread,2021-01-07,False,,,Nick Wiger,nick,4 forks,4.0,4.0,,False,False,False
Panera Bread 2 with Monica Ruiz and Chris O'Malley,282,Panera Bread,2021-01-07,False,,,Mike Mitchell,mitch,3.9 forks,3.9,3.9,,False,False,False
Panera Bread 2 with Monica Ruiz and Chris O'Malley,282,Panera Bread,2021-01-07,False,,,Monica Ruiz,guest,4.5 forks,4.5,4.5,,False,False,False
Panera Bread 2 with Monica Ruiz and Chris O'Malley,282,Panera Bread,2021-01-07,False,,,Chris O'Malley,guest,3.5 forks,3.5,3.5,,False,False,False
Jersey Mike's 2 with Jon Daly,283,Jersey Mike's,2021-01-14,False,,,Nick Wiger,nick,4.5 ookie forks,4.5,4.5,text: 4.5 ookie forks,False,False,False
Jersey Mike's 2 with Jon Daly,283,Jersey Mike's,2021-01-14,False,,,Mike Mitchell,mitch,4 ookie forks,4.0,4.0,text: 4 ookie forks,False,False,False
Jersey Mike's 2 with Jon Daly,283,Jersey Mike's,2021-01-14,False,,,Jon Daly,guest,4 ookie forks,4.0,4.0,text: 4 ookie forks,False,False,False
Popeyes Louisiana Kitchen 3 with Phil Rosenthal,284,Popeyes Louisiana Kitchen,2021-01-21,False,,,Nick Wiger,nick,5 forks,5.0,5.0,,False,False,False
Popeyes Louisiana Kitchen 3 with Phil Rosenthal,284,Popeyes Louisiana Kitchen,2021-01-21,False,,,Mike Mitchell,mitch,5 forks,5.0,5.0,,False,False,False
Popeyes Louisiana Kitchen 3 with Phil Rosenthal,284,Popeyes Louisiana Kitchen,2021-01-21,False,,,Phil Rosenthal,guest,3.5 forks,3.5,3.5,,False,False,False
Subway 3 with Sean Clements & Hayes Davenport,285,Subway,2021-01-28,False,,,Nick Wiger,nick,2.5 forks,2.5,2.5,,False,False,False
Subway 3 with Sean Clements & Hayes Davenport,285,Subway,2021-01-28,False,,,Mr. Slice,guest,3.25 forks,3.25,3.25,,False,False,False
Subway 3 with Sean Clements & Hayes Davenport,285,Subway,2021-01-28,False,,,Sean Clements,guest,3 forks,3.0,3.0,,False,False,False
Subway 3 with Sean Clements & Hayes Davenport,285,Subway,2021-01-28,False,,,Hayes Davenport,guest,3.5 forks,3.5,3.5,,False,False,False
Panda Express 3 with Oscar Montoya,286,Panda Express,2021-02-04,False,,,Nick Wiger,nick,3.75 forks,3.75,3.75,,False,False,False
Panda Express 3 with Oscar Montoya,286,Panda Express,2021-02-04,False,,,Mike Mitchell,mitch,4 forks,4.0,4.0,,False,False,False
Panda Express 3 with Oscar Montoya,286,Panda Express,2021-02-04,False,,,Oscar Montoya,guest,3.5 forks,3.5,3.5,,False,False,False
Five Guys 2 with Andy Daly,287,Five Guys,2021-02-11,False,,,Nick Wiger,nick,3.5 forks,3.5,3.5,,False,False,False
Five Guys 2 with Andy Daly,287,Five Guys,2021-02-11,False,,,Mike Mitchell,mitch,3.5 forks,3.5,3.5,,False,False,False
Five Guys 2 with Andy Daly,287,Five Guys,2021-02-11,False,,,Andy Daly,guest,1 fork,1.0,1.0,,False,False,False
Papa John's 2 with Raiza Licea,288,Papa John's,2021-02-18,False,,,Nick Wiger,nick,3 tenedores,3.0,3.0,text: 3 tenedores,False,False,False
Papa John's 2 with Raiza Licea,288,Papa John's,2021-02-18,False,,,Mike Mitchell,mitch,3 tenedores,3.0,3.0,text: 3 tenedores,False,False,False
Papa John's 2 with Raiza Licea,288,Papa John's,2021-02-18,False,,,Raiza Licea,guest,3 tenedores,3.0,3.0,text: 3 tenedores,False,False,False
KFC 2 with Lauren Ash and Christy Oxborrow,289,KFC,2021-02-25,False,,,Nick Wiger,nick,2 forks,2.0,2.0,,False,False,False
KFC 2 with Lauren Ash and Christy Oxborrow,289,KFC,2021-02-25,False,,,Mike Mitchell,mitch,2 forks,2.0,2.0,,False,False,False
KFC 2 with Lauren Ash and Christy Oxborrow,289,KFC,2021-02-25,False,,,Lauren Ash,guest,2 forks,2.0,2.0,,False,False,False
KFC 2 with Lauren Ash and Christy Oxborrow,289,KFC,2021-02-25,False,,,Christy Oxborrow,guest,2.5 forks,2.5,2.5,,False,False,False
Wendy's 2 with Jacob Wysocki,294,Wendy's,2021-04-01,False,,,Nick Wiger,nick,4.75 forks,4.75,4.75,,False,False,False
Wendy's 2 with Jacob Wysocki,294,Wendy's,2021-04-01,False,,,Mike Mitchell,mitch,4.75 forks,4.75,4.75,,False,False,False
Wendy's 2 with Jacob Wysocki,294,Wendy's,2021-04-01,False,,,Jacob Wysocki,guest,4.75 forks,4.75,4.75,,False,False,False
Outback Steakhouse 3 with Joe Wengert,295,Outback Steakhouse,2021-04-08,False,,,Nick Wiger,nick,1.5 forks,1.5,1.5,,False,False,False
Outback Steakhouse 3 with Joe Wengert,295,Outback Steakhouse,2021-04-08,False,,,Mike Mitchell,mitch,2.5 forks,2.5,2.5,,False,False,False
Outback Steakhouse 3 with Joe Wengert,295,Outback Steakhouse,2021-04-08,False,,,Joe Wengert,guest,2 forks,2.0,2.0,,False,False,False
Raising Cane's Chicken Fingers with Matt Selman,296,Raising Cane's Chicken Fingers,2021-04-15,False,,,Nick Wiger,nick,incomplete,,,no rating: incomplete,False,False,False
Raising Cane's Chicken Fingers with Matt Selman,296,Raising Cane's Chicken Fingers,2021-04-15,False,,,Mike Mitchell,mitch,5 forks,5.0,5.0,,False,False,False
Raising Cane's Chicken Fingers with Matt Selman,296,Raising Cane's Chicken Fingers,2021-04-15,False,,,"Matt ""The Tinefather"" Selman",guest,3.75 forks,3.75,3.75,,False,False,False
Raising Cane's Chicken Fingers with Matt Selman,296,Raising Cane's Chicken Fingers,2021-04-15,False,,,Emma Erdbrink,guest,5 forks,5.0,5.0,,False,False,False
MrBeast Burger with Jason Concepcion,297,MrBeast Burger,2021-04-22,False,,,Nick Wiger,nick,2.5 forks,2.5,2.5,,False,False,False
MrBeast Burger with Jason Concepcion,297,MrBeast Burger,2021-04-22,False,,,Mike Mitchell,mitch,2 forks,2.0,2.0,,False,False,False
MrBeast Burger with Jason Concepcion,297,MrBeast Burger,2021-04-22,False,,,Jason Concepcion,guest,2 forks,2.0,2.0,,False,False,False
Olive Garden 3 with Alison Rosen,298,Olive Garden,2021-04-29,False,,,Nick Wiger,nick,3.5 forks,3.5,3.5,,False,False,False
Olive Garden 3 with Alison Rosen,298,Olive Garden,2021-04-29,False,,,Mike Mitchell,mitch,4 forks,4.0,4.0,,False,False,False
Olive Garden 3 with Alison Rosen,298,Olive Garden,2021-04-29,False,,,Alison Rosen,guest,2 forks,2.0,2.0,,False,False,False
Cosmic Wings with Jana Schmieding,299,Cosmic Wings,2021-05-06,False,,,Nick Wiger,nick,1.5 forks,1.5,1.5,,False,False,False
Cosmic Wings with Jana Schmieding,299,Cosmic Wings,2021-05-06,False,,,Mike Mitchell,mitch,1.5 forks,1.5,1.5,,False,False,False
Cosmic Wings with Jana Schmieding,299,Cosmic Wings,2021-05-06,False,,,Jana Schmieding,guest,2 forks,2.0,2.0,,False,False,False
Guy Fieri's Flavortown Kitchen with Eva Anderson,300,Guy Fieri's Flavortown Kitchen,2021-05-13,False,,,Nick Wiger,nick,2 forks,2.0,2.0,,False,False,False
Guy Fieri's Flavortown Kitchen with Eva Anderson,300,Guy Fieri's Flavortown Kitchen,2021-05-13,False,,,Mike Mitchell,mitch,3.4 forks,3.4,3.4,,False,False,False
Guy Fieri's Flavortown Kitchen with Eva Anderson,300,Guy Fieri's Flavortown Kitchen,2021-05-13,False,,,Eva Anderson,guest,4 forks,4.0,4.0,,False,False,False
Yard House 2 with Dave Schilling,301,Yard House,2021-05-20,False,,,Nick Wiger,nick,3 forks,3.0,3.0,,False,False,False
Yard House 2 with Dave Schilling,301,Yard House,2021-05-20,False,,,Mike Mitchell,mitch,4.5 forks,4.5,4.5,,False,False,False
Yard House 2 with Dave Schilling,301,Yard House,2021-05-20,False,,,Dave Schilling,guest,3.5 forks,3.5,3.5,,False,False,False
Taco Bell 5 with Christine Nangle & Carl Tart (Live),302,Taco Bell,2021-05-27,True,livestream,,Nick Wiger,nick,5 forks,5.0,5.0,,False,False,False
Taco Bell 5 with Christine Nangle & Carl Tart (Live),302,Taco Bell,2021-05-27,True,livestream,,Mike Mitchell,mitch,5 forks,5.0,5.0,,False,False,False
Taco Bell 5 with Christine Nangle & Carl Tart (Live),302,Taco Bell,2021-05-27,True,livestream,,Carl Tart,guest,4.75 forks,4.75,4.75,,False,False,False
Taco Bell 5 with Christine Nangle & Carl Tart (Live),302,Taco Bell,2021-05-27,True,livestream,,Christine Nangle,guest,4.5 reusable straws,4.5,4.5,text: 4.5 reusable straws,False,False,False
Auntie Anne's with Mary Lynn Rajskub,303,Auntie Anne's,2021-06-03,False,,,Nick Wiger,nick,4 forks,4.0,4.0,,False,False,False
Auntie Anne's with Mary Lynn Rajskub,303,Auntie Anne's,2021-06-03,False,,,Mike Mitchell,mitch,4 forks,4.0,4.0,,False,False,False
Auntie Anne's with Mary Lynn Rajskub,303,Auntie Anne's,2021-06-03,False,,,Mary Lynn Rajskub,guest,4 forks,4.0,4.0,,False,False,False
Arby's 3 with Larry Fong,304,Arby's,2021-06-10,False,,,Nick Wiger,nick,4 forks*,4.0,4.0,footnote,False,False,False
Arby's 3 with Larry Fong,304,Arby's,2021-06-10,False,,,Mike Mitchell,mitch,4 forks,4.0,4.0,,False,False,False
Arby's 3 with Larry Fong,304,Arby's,2021-06-10,False,,,Larry Fong,guest,3.5 forks,3.5,3.5,,False,False,False
Taco Bell 7 with Lorne Balfe,305,Taco Bell,2021-06-17,False,,,Nick Wiger,nick,5 forks,5.0,5.0,,False,False,False
Taco Bell 7 with Lorne Balfe,305,Taco Bell,2021-06-17,False,,,Mike Mitchell,mitch,5 forks,5.0,5.0,,False,False,False
Taco Bell 7 with Lorne Balfe,305,Taco Bell,2021-06-17,False,,,Lorne Balfe,guest,3 forks + 1 teaspoon,3.0,3.0,text: 3 forks + 1 teaspoon,False,False,False
MREats with Edwin Hodge,DD,MREats,2021-06-22,False,,,Nick Wiger,nick,2 stars,2.0,2.0,text: 2 stars,False,False,False
MREats with Edwin Hodge,DD,MREats,2021-06-22,False,,,Mike Mitchell,mitch,"0.5 stars for taste
3 stars for usefulness",,,multiple ratings: 0.5 stars for taste; 3 stars for usefulness,False,False,False
MREats with Edwin Hodge,DD,MREats,2021-06-22,False,,,Edwin Hodge,guest,3.5 stars,3.5,3.5,text: 3.5 stars,False,False,False
Fresh Brothers with Chris McKay & Samantha Nisenboim,306,Fresh Brothers,2021-06-24,False,,,Nick Wiger,nick,4 forks,4.0,4.0,,False,False,False
Fresh Brothers with Chris McKay & Samantha Nisenboim,306,Fresh Brothers,2021-06-24,False,,,Mike Mitchell,mitch,3.5 forks,3.5,3.5,,False,False,False
Fresh Brothers with Chris McKay & Samantha Nisenboim,306,Fresh Brothers,2021-06-24,False,,,Chris McKay,guest,4 forks,4.0,4.0,,False,False,False
Fresh Brothers with Chris McKay & Samantha Nisenboim,306,Fresh Brothers,2021-06-24,False,,,Samantha Nisenboim,guest,2.75 forks,2.75,2.75,,False,False,False
Burger King 5 with Sam Richardson,307,Burger King,2021-07-01,False,,,Nick Wiger,nick,4.5 forks,4.5,4.5,,False,False,False
Burger King 5 with Sam Richardson,307,Burger King,2021-07-01,False,,,Mike Mitchell,mitch,4.5 forks,4.5,4.5,,False,False,False
Burger King 5 with Sam Richardson,307,Burger King,2021-07-01,False,,,Sam Richardson,guest,4.5 forks,4.5,4.5,,False,False,False
Golden Road Brewing with Jordan Morris,308,Golden Road Brewing,2021-07-08,False,,,Nick Wiger,nick,"* Spicy Mango Cart Wheat Ale
* Pineapple Cart Wheat Ale
* Melon Cart Wheat Ale
* Chela Amber Lager
* Vegan Classic Burger
** Mixed Green Salad",,,"unparseable: Spicy Mango Cart Wheat Ale
 Pineapple Cart Wheat Ale
 Melon Cart Wheat Ale
 Chela Amber Lager
 Vegan Classic Burger
 Mixed Green Salad",False,False,False
Golden Road Brewing with Jordan Morris,308,Golden Road Brewing,2021-07-08,False,,,Mike Mitchell,mitch,"* Pineapple Cart Wheat Ale
* Palisades Pineapple Wheat Ale
* Guava Dia Blonde Ale
* Dodgers Blonde Ale
* Mango Cart Wheat Ale
* a mystery beer that nobody can remember
* GRB Griddle Burger
** Mixed Green Salad",,,"unparseable: Pineapple Cart Wheat Ale
 Palisades Pineapple Wheat Ale
 Guava Dia Blonde Ale
 Dodgers Blonde Ale
 Mango Cart Wheat Ale
 a mystery beer that nobody can remember
 GRB Griddle Burger
 Mixed Green Salad",False,False,False
Golden Road Brewing with Jordan Morris,308,Golden Road Brewing,2021-07-08,False,,,Jordan Morris,guest,"* Golden State Cerveza
* GRB Red Ale
* Passion Wolf Hazy IPA
* Classic Burger
** Mixed Green Salad",,,"unparseable: Golden State Cerveza
 GRB Red Ale
 Passion Wolf Hazy IPA
 Classic Burger
 Mixed Green Salad",False,False,False
Golden Road Brewing with Jordan Morris,308,Golden Road Brewing,2021-07-08,False,,,shared apps,guest,"* Pub Pretzel
* Tot-chos
* Carnitas Fries",,,"unparseable: Pub Pretzel
 Tot-chos
 Carnitas Fries",False,False,False
"Taco Bell 6 with John Hodgman, Paul F. Tompkins, and Arden Myrin (live)",309,Taco Bell,2021-07-15,True,livestream,,Nick Wiger,nick,5 forks,5.0,5.0,,False,False,False
"Taco Bell 6 with John Hodgman, Paul F. Tompkins, and Arden Myrin (live)",309,Taco Bell,2021-07-15,True,livestream,,Mike Mitchell,mitch,5 forks,5.0,5.0,,False,False,False
"Taco Bell 6 with John Hodgman, Paul F. Tompkins, and Arden Myrin (live)",309,Taco Bell,2021-07-15,True,livestream,,John Hodgman,guest,4 forks,4.0,4.0,,False,False,False
"Taco Bell 6 with John Hodgman, Paul F. Tompkins, and Arden Myrin (live)",309,Taco Bell,2021-07-15,True,livestream,,Paul F. Tompkins,guest,2 forks,2.0,2.0,,False,False,False
"Taco Bell 6 with John Hodgman, Paul F. Tompkins, and Arden Myrin (live)",309,Taco Bell,2021-07-15,True,livestream,,Arden Myrin,guest,4 forks,4.0,4.0,,False,False,False
Coca-Cola Freestyle with Chris Gethard,310,Coca-Cola Freestyle,2021-07-22,False,,,Nick Wiger,nick,3 forks,3.0,3.0,,False,False,False
Coca-Cola Freestyle with Chris Gethard,310,Coca-Cola Freestyle,2021-07-22,False,,,Mike Mitchell,mitch,2.5 forks,2.5,2.5,,False,False,False
Coca-Cola Freestyle with Chris Gethard,310,Coca-Cola Freestyle,2021-07-22,False,,,Chris Gethard,guest,2.5 forks,2.5,2.5,,False,False,False
Wahlburgers with Eliza Hooper,311,Wahlburgers,2021-07-29,False,,,Nick Wiger,nick,3.25 forks,3.25,3.25,,False,False,False
Wahlburgers with Eliza Hooper,311,Wahlburgers,2021-07-29,False,,,Mike Mitchell,mitch,4 forks,4.0,4.0,,False,False,False
Wahlburgers with Eliza Hooper,311,Wahlburgers,2021-07-29,False,,,Eliza Hooper,guest,2.5 forks,2.5,2.5,,False,False,False
Checkers and Rally's 2 with Tom Scharpling,312,Checkers and Rally's,2021-08-05,False,,,Nick Wiger,nick,1.75 forks,1.75,1.75,,False,False,False
Checkers and Rally's 2 with Tom Scharpling,312,Checkers and Rally's,2021-08-05,False,,,Mike Mitchell,mitch,1.75 forks,1.75,1.75,,False,False,False
Checkers and Rally's 2 with Tom Scharpling,312,Checkers and Rally's,2021-08-05,False,,,Tom Scharpling,guest,1 fork,1.0,1.0,,False,False,False
Mendocino Farms with Avital Ash,313,Mendocino Farms,2021-08-12,False,,,Nick Wiger,nick,4.5 forks,4.5,4.5,,False,False,False
Mendocino Farms with Avital Ash,313,Mendocino Farms,2021-08-12,False,,,Mike Mitchell,mitch,4.5 forks,4.5,4.5,,False,False,False
Mendocino Farms with Avital Ash,313,Mendocino Farms,2021-08-12,False,,,Avital Ash,guest,4 forks,4.0,4.0,,False,False,False
Shake Shack 2 with Libby Watson,314,Shake Shack,2021-08-19,False,,,Nick Wiger,nick,3 forks,3.0,3.0,,False,False,False
Shake Shack 2 with Libby Watson,314,Shake Shack,2021-08-19,False,,,Mike Mitchell,mitch,4 forks,4.0,4.0,,False,False,False
Shake Shack 2 with Libby Watson,314,Shake Shack,2021-08-19,False,,,Libby Watson,guest,3.75 forks,3.75,3.75,,False,False,False
Einstein Bros. Bagels with Tony Rodríguez,315,Einstein Bros. Bagels,2021-08-26,False,,,Nick Wiger,nick,<s>4</s> 3 forks*,4.0,3.0,footnote,True,False,False
Einstein Bros. Bagels with Tony Rodríguez,315,Einstein Bros. Bagels,2021-08-26,False,,,Mike Mitchell,mitch,2<sup>2</sup> forks,2.0,2.0,,False,False,False
Einstein Bros. Bagels with Tony Rodríguez,315,Einstein Bros. Bagels,2021-08-26,False,,,Tony Rodríguez,guest,4 forks,4.0,4.0,,False,False,False
MOD Pizza with Cody Ziglar,316,MOD Pizza,2021-09-02,False,,,Nick Wiger,nick,2.5 forks,2.5,2.5,,False,False,False
MOD Pizza with Cody Ziglar,316,MOD Pizza,2021-09-02,False,,,Mike Mitchell,mitch,2.5 forks,2.5,2.5,,False,False,False
MOD Pizza with Cody Ziglar,316,MOD Pizza,2021-09-02,False,,,"Cody ""The Checkout King"" Ziglar",guest,2.5 forks,2.5,2.5,,False,False,False
Little Caesars 2 with Marisa Pinson and David Neher,317,Little Caesars,2021-09-09,False,,,Nick Wiger,nick,4.5 forks,4.5,4.5,,False,False,False
Little Caesars 2 with Marisa Pinson and David Neher,317,Little Caesars,2021-09-09,False,,,Mike Mitchell,mitch,"2 forks, 2 forks",2.0,2.0,"text: 2 forks, 2 forks",False,False,False
Little Caesars 2 with Marisa Pinson and David Neher,317,Little Caesars,2021-09-09,False,,,Marisa Pinson,guest,3.25 forks,3.25,3.25,,False,False,False
Little Caesars 2 with Marisa Pinson and David Neher,317,Little Caesars,2021-09-09,False,,,"Dave ""The Wave"" Neher",guest,3 forks,3.0,3.0,,False,False,False
Winchell's Donut House with Mike Horowitz,318,Winchell's Donut House,2021-09-16,False,,,Nick Wiger,nick,3.75 forks,3.75,3.75,,False,False,False
Winchell's Donut House with Mike Horowitz,318,Winchell's Donut House,2021-09-16,False,,,Mike Mitchell,mitch,3.75 forks,3.75,3.75,,False,False,False
Winchell's Donut House with Mike Horowitz,318,Winchell's Donut House,2021-09-16,False,,,Mike Horowitz,guest,3.75 forks,3.75,3.75,,False,False,False
Charleys Philly Steaks with Derek Waters,319,Charleys Philly Steaks,2021-09-23,False,,,Nick Wiger,nick,3 forks,3.0,3.0,,False,False,False
Charleys Philly Steaks with Derek Waters,319,Charleys Philly Steaks,2021-09-23,False,,,Mike Mitchell,mitch,3.25 forks,3.25,3.25,,False,False,False
Charleys Philly Steaks with Derek Waters,319,Charleys Philly Steaks,2021-09-23,False,,,Derek Waters,guest,2 forks,2.0,2.0,,False,False,False
Insomnia Cookies with Mary Sohn,320,Insomnia Cookies,2021-09-30,False,,,Nick Wiger,nick,4.5 forks,4.5,4.5,,False,False,False
Insomnia Cookies with Mary Sohn,320,Insomnia Cookies,2021-09-30,False,,,Mike Mitchell,mitch,4.5 forks,4.5,4.5,,False,False,False
Insomnia Cookies with Mary Sohn,320,Insomnia Cookies,2021-09-30,False,,,Mary Sohn,guest,5 forks,5.0,5.0,,False,False,False
Sonic Drive-In with Matt Apodaca,321,Sonic Drive-In,2021-10-07,False,,,Nick Wiger,nick,5 forks,5.0,5.0,,False,False,False
Sonic Drive-In with Matt Apodaca,321,Sonic Drive-In,2021-10-07,False,,,Mike Mitchell,mitch,5 forks,5.0,5.0,,False,False,False
Sonic Drive-In with Matt Apodaca,321,Sonic Drive-In,2021-10-07,False,,,Matt Apodaca,guest,5 forks,5.0,5.0,,False,False,False
Costco 2 with Excalibur,322,Costco,2021-10-14,False,,,Nick Wiger,nick,5 forks,5.0,5.0,,False,False,False
Costco 2 with Excalibur,322,Costco,2021-10-14,False,,,Mike Mitchell,mitch,3.75 forks,3.75,4.0,,True,False,False
Costco 2 with Excalibur,322,Costco,2021-10-14,False,,,Excalibur,guest,3.5 forks,3.5,3.5,,False,False,False
AMC Theatres with Adam Gertler,323,AMC Theatres,2021-10-21,False,,,Nick Wiger,nick,4 forks,4.0,4.0,,False,False,False
AMC Theatres with Adam Gertler,323,AMC Theatres,2021-10-21,False,,,Mike Mitchell,mitch,4 forks,4.0,4.0,,False,False,False
AMC Theatres with Adam Gertler,323,AMC Theatres,2021-10-21,False,,,Adam Gertler,guest,4 forks,4.0,4.0,,False,False,False
"Nathan's Famous with Jon Gabrus, Mike Hanford & Griffin Newman (live)",324,Nathan's Famous,2021-10-28,True,in person,"New York, NY",Nick Wiger,nick,3 forks,3.0,3.0,,False,False,False
"Nathan's Famous with Jon Gabrus, Mike Hanford & Griffin Newman (live)",324,Nathan's Famous,2021-10-28,True,in person,"New York, NY",Mike Mitchell,mitch,2.5 forks,2.5,2.5,,False,False,False
"Nathan's Famous with Jon Gabrus, Mike Hanford & Griffin Newman (live)",324,Nathan's Famous,2021-10-28,True,in person,"New York, NY",Jon Gabrus,guest,2.5 forks,2.5,2.5,,False,False,False
"Nathan's Famous with Jon Gabrus, Mike Hanford & Griffin Newman (live)",324,Nathan's Famous,2021-10-28,True,in person,"New York, NY",Mike Hanford,guest,5 forks,5.0,5.0,,False,False,False
"Nathan's Famous with Jon Gabrus, Mike Hanford & Griffin Newman (live)",324,Nathan's Famous,2021-10-28,True,in person,"New York, NY",Griffin Newman,guest,3 forks,3.0,3.0,,False,False,False
800 Degrees with Betsy Sodaro,325,800 Degrees,2021-11-04,False,,,Nick Wiger,nick,4.25 forks,4.25,4.25,,False,False,False
800 Degrees with Betsy Sodaro,325,800 Degrees,2021-11-04,False,,,Mike Mitchell,mitch,4.5 forks,4.5,4.5,,False,False,False
800 Degrees with Betsy Sodaro,325,800 Degrees,2021-11-04,False,,,Betsy Sodaro,guest,4 forks,4.0,4.0,,False,False,False
Kreation Organic with Jackie Johnson,326,Kreation Organic,2021-11-11,False,,,Nick Wiger,nick,3 forks,3.0,3.0,,False,False,False
Kreation Organic with Jackie Johnson,326,Kreation Organic,2021-11-11,False,,,Mike Mitchell,mitch,2 forks,2.0,2.0,,False,False,False
Kreation Organic with Jackie Johnson,326,Kreation Organic,2021-11-11,False,,,"Jackie ""The Jackster"" Johnson",guest,3 forks,3.0,3.0,,False,False,False
The Capital Grille with Negin Farsad,327,The Capital Grille,2021-11-18,False,,,Nick Wiger,nick,4.5 forks,4.5,4.5,,False,False,False
The Capital Grille with Negin Farsad,327,The Capital Grille,2021-11-18,False,,,Mike Mitchell,mitch,5 forks,5.0,5.0,,False,False,False
The Capital Grille with Negin Farsad,327,The Capital Grille,2021-11-18,False,,,Negin Farsad,guest,4.5 forks,4.5,4.5,,False,False,False
The Capital Grille with Negin Farsad,327,The Capital Grille,2021-11-18,False,,,David Phillips,guest,4.1 forks,4.1,4.1,,False,False,False
Umami Burger 3 with Judd Apatow,328,Umami Burger,2021-12-02,False,,,Nick Wiger,nick,3.75 forks,3.75,3.75,,False,False,False
Umami Burger 3 with Judd Apatow,328,Umami Burger,2021-12-02,False,,,Mike Mitchell,mitch,3.75 forks,3.75,3.75,,False,False,False
Umami Burger 3 with Judd Apatow,328,Umami Burger,2021-12-02,False,,,Judd Apatow,guest,4.5 forks,4.5,4.5,,False,False,False
McPlant with Eric Edelstein,329,McPlant,2021-12-09,False,,,Nick Wiger,nick,4 forks,4.0,4.0,,False,False,False
McPlant with Eric Edelstein,329,McPlant,2021-12-09,False,,,Mike Mitchell,mitch,4 forks,4.0,4.0,,False,False,False
McPlant with Eric Edelstein,329,McPlant,2021-12-09,False,,,Eric Edelstein,guest,"* 3.5 forks (as is)
* 5 forks (if you add your own condiments)",,,multiple ratings: 3.5 forks (as is);  5 forks (if you add your own condiments),False,False,False
Monty's Good Burger with Evan Susser,330,Monty's Good Burger,2021-12-16,False,,,Nick Wiger,nick,5 forks,5.0,5.0,,False,False,False
Monty's Good Burger with Evan Susser,330,Monty's Good Burger,2021-12-16,False,,,Mike Mitchell,mitch,5 forks,5.0,5.0,,False,False,False
Monty's Good Burger with Evan Susser,330,Monty's Good Burger,2021-12-16,False,,,Evan Susser,guest,3.75 forks,3.75,3.75,,False,False,False
Lemonade with Jessica McKenna,331,Lemonade,2022-01-06,False,,,Nick Wiger,nick,3.5 forks,3.5,3.5,,False,False,False
Lemonade with Jessica McKenna,331,Lemonade,2022-01-06,False,,,Mike Mitchell,mitch,3.75 forks,3.75,3.75,,False,False,False
Lemonade with Jessica McKenna,331,Lemonade,2022-01-06,False,,,Jessica McKenna,guest,3.5 forks,3.5,3.5,,False,False,False
QDOBA with Jamelle Bouie,332,QDOBA,2022-01-13,False,,,Nick Wiger,nick,3 forks,3.0,3.0,,False,False,False
QDOBA with Jamelle Bouie,332,QDOBA,2022-01-13,False,,,Mike Mitchell,mitch,2.9 forks,2.9,2.9,,False,False,False
QDOBA with Jamelle Bouie,332,QDOBA,2022-01-13,False,,,Jamelle Bouie,guest,3.5 forks,3.5,3.5,,False,False,False
Thighstop with Jon Gabrus,333,Thighstop,2022-01-20,True,livestream,,Nick Wiger,nick,4 forks,4.0,4.0,,False,False,False
Thighstop with Jon Gabrus,333,Thighstop,2022-01-20,True,livestream,,Mike Mitchell,mitch,4 forks,4.0,4.0,,False,False,False
Thighstop with Jon Gabrus,333,Thighstop,2022-01-20,True,livestream,,Jon Gabrus,guest,3.5 forks,3.5,3.5,,False,False,False
Sweet Chick with Tami Sagher,334,Sweet Chick,2022-01-27,False,,,Nick Wiger,nick,4.5 forks,4.5,4.5,,False,False,False
Sweet Chick with Tami Sagher,334,Sweet Chick,2022-01-27,False,,,Mike Mitchell,mitch,4.5 forks,4.5,4.5,,False,False,False
Sweet Chick with Tami Sagher,334,Sweet Chick,2022-01-27,False,,,Tami Sagher,guest,4.5 forks,4.5,4.5,,False,False,False
KFC Beyond with Mike Sacks,335,KFC Beyond,2022-02-03,False,,,Nick Wiger,nick,4 forks,4.0,4.0,,False,False,False
KFC Beyond with Mike Sacks,335,KFC Beyond,2022-02-03,False,,,Mike Mitchell,mitch,3.5 forks,3.5,3.5,,False,False,False
KFC Beyond with Mike Sacks,335,KFC Beyond,2022-02-03,False,,,Mike Sacks,guest,3.5 forks,3.5,3.5,,False,False,False
Smashburger with Carlos Santos,336,Smashburger,2022-02-10,False,,,Nick Wiger,nick,? forks,,,unparseable: ? forks,False,False,False
Smashburger with Carlos Santos,336,Smashburger,2022-02-10,False,,,Mike Mitchell,mitch,3 forks,3.0,3.0,,False,False,False
Smashburger with Carlos Santos,336,Smashburger,2022-02-10,False,,,Carlos Santos,guest,1.875 forks,1.875,1.875,,False,False,False
Din Tai Fung with Farley Elliott,337,Din Tai Fung,2022-02-17,False,,,Nick Wiger,nick,5 forks,5.0,5.0,,False,False,False
Din Tai Fung with Farley Elliott,337,Din Tai Fung,2022-02-17,False,,,Mike Mitchell,mitch,6 forks,6.0,6.0,,False,True,True
Din Tai Fung with Farley Elliott,337,Din Tai Fung,2022-02-17,False,,,Farley Elliott,guest,5 forks,5.0,5.0,,False,False,False
Tyga Bites with John Hodgman & David Rees,338,Tyga Bites,2022-02-24,False,,,Nick Wiger,nick,0.12 forks,0.12,0.12,,False,False,False
Tyga Bites with John Hodgman & David Rees,338,Tyga Bites,2022-02-24,False,,,Mike Mitchell,mitch,0.75 forks,0.75,0.75,,False,False,False
Tyga Bites with John Hodgman & David Rees,338,Tyga Bites,2022-02-24,False,,,John Hodgman,guest,0.25 forks,0.25,0.25,,False,False,False
Tyga Bites with John Hodgman & David Rees,338,Tyga Bites,2022-02-24,False,,,David Rees,guest,0 forks,0.0,0.0,,False,False,False
Veggie Grill with Mary Sasson,344,Veggie Grill,2022-04-07,False,,,Nick Wiger,nick,4 forks,4.0,4.0,,False,False,False
Veggie Grill with Mary Sasson,344,Veggie Grill,2022-04-07,False,,,Mike Mitchell,mitch,4.5 forks,4.5,4.5,,False,False,False
Veggie Grill with Mary Sasson,344,Veggie Grill,2022-04-07,False,,,Mary Sasson,guest,3.5 forks,3.5,3.5,,False,False,False
True Food Kitchen with Claudia O'Doherty,345,True Food Kitchen,2022-04-14,False,,,Nick Wiger,nick,3 forks,3.0,3.0,,False,False,False
True Food Kitchen with Claudia O'Doherty,345,True Food Kitchen,2022-04-14,False,,,Mike Mitchell,mitch,2.75 forks,2.75,2.75,,False,False,False
True Food Kitchen with Claudia O'Doherty,345,True Food Kitchen,2022-04-14,False,,,Claudia O'Doherty,guest,2.5 forks,2.5,2.5,,False,False,False
Popeyes 4 with Van Robichaux,346,Popeyes,2022-04-21,False,,,Nick Wiger,nick,5 forks,5.0,5.0,,False,False,False
Popeyes 4 with Van Robichaux,346,Popeyes,2022-04-21,False,,,Mike Mitchell,mitch,5 forks,5.0,5.0,,False,False,False
Popeyes 4 with Van Robichaux,346,Popeyes,2022-04-21,False,,,Van Robichaux,guest,5 forks,5.0,5.0,,False,False,False
Popeyes 4 with Van Robichaux,346,Popeyes,2022-04-21,False,,,"James, the Tech Guy",guest,4 forks,4.0,4.0,,False,False,False
Bojangles with Jesse Farrar and Mike Hale (live),347,Bojangles,2022-04-28,True,in person,"Nashville, TN",Nick Wiger,nick,4 forks,4.0,4.0,,False,False,False
Bojangles with Jesse Farrar and Mike Hale (live),347,Bojangles,2022-04-28,True,in person,"Nashville, TN",Mike Mitchell,mitch,4 forks,4.0,4.0,,False,False,False
Bojangles with Jesse Farrar and Mike Hale (live),347,Bojangles,2022-04-28,True,in person,"Nashville, TN",Jesse Farrar,guest,4.5 forks,4.5,4.5,,False,False,False
Bojangles with Jesse Farrar and Mike Hale (live),347,Bojangles,2022-04-28,True,in person,"Nashville, TN",Mike Hale,guest,4.5 forks,4.5,4.5,,False,False,False
Cornish Pasty with Jon Gabrus (live),348,Cornish Pasty,2022-05-05,True,in person,"Phoenix, AZ",Nick Wiger,nick,5 forks,5.0,5.0,,False,False,False
Cornish Pasty with Jon Gabrus (live),348,Cornish Pasty,2022-05-05,True,in person,"Phoenix, AZ",Mike Mitchell,mitch,5 forks,5.0,5.0,,False,False,False
Cornish Pasty with Jon Gabrus (live),348,Cornish Pasty,2022-05-05,True,in person,"Phoenix, AZ",Jon Gabrus,guest,4.5 forks,4.5,4.5,,False,False,False
Burgerville with Jordan Morris and Bill Oakley (live),349,Burgerville,2022-05-12,True,in person,"Portland, OR",Nick Wiger,nick,4 forks,4.0,4.0,,False,False,False
Burgerville with Jordan Morris and Bill Oakley (live),349,Burgerville,2022-05-12,True,in person,"Portland, OR",Mike Mitchell,mitch,4 forks,4.0,4.0,,False,False,False
Burgerville with Jordan Morris and Bill Oakley (live),349,Burgerville,2022-05-12,True,in person,"Portland, OR",Jordan Morris,guest,4 forks,4.0,4.0,,False,False,False
Burgerville with Jordan Morris and Bill Oakley (live),349,Burgerville,2022-05-12,True,in person,"Portland, OR",Bill Oakley,guest,4 forks,4.0,4.0,,False,False,False
D'Angelo with Jon Gabrus and Carl Tart (live),350,D'Angelo,2022-05-19,True,in person,"Ledyard, CT",Nick Wiger,nick,4.5 forks,4.5,4.5,,False,False,False
D'Angelo with Jon Gabrus and Carl Tart (live),350,D'Angelo,2022-05-19,True,in person,"Ledyard, CT",Mike Mitchell,mitch,5 forks,5.0,5.0,,False,False,False
D'Angelo with Jon Gabrus and Carl Tart (live),350,D'Angelo,2022-05-19,True,in person,"Ledyard, CT",Jon Gabrus,guest,4.5 forks,4.5,4.5,,False,False,False
D'Angelo with Jon Gabrus and Carl Tart (live),350,D'Angelo,2022-05-19,True,in person,"Ledyard, CT",Carl Tart,guest,4.89 forks,4.89,4.89,,False,False,False
Kelly's Roast Beef with Jon Gabrus and Carl Tart (live),351,Kelly's Roast Beef,2022-05-26,True,in person,"Boston, MA",Nick Wiger,nick,3.5 forks,3.5,3.5,,False,False,False
Kelly's Roast Beef with Jon Gabrus and Carl Tart (live),351,Kelly's Roast Beef,2022-05-26,True,in person,"Boston, MA",Mike Mitchell,mitch,5 forks,5.0,5.0,,False,False,False
Kelly's Roast Beef with Jon Gabrus and Carl Tart (live),351,Kelly's Roast Beef,2022-05-26,True,in person,"Boston, MA",Jon Gabrus,guest,3.5 forks,3.5,3.5,,False,False,False
Kelly's Roast Beef with Jon Gabrus and Carl Tart (live),351,Kelly's Roast Beef,2022-05-26,True,in person,"Boston, MA",Carl Tart,guest,3.12 forks,3.12,3.12,,False,False,False
Bertucci's with Jon Gabrus and Carl Tart (live),352,Bertucci's,2022-06-02,True,in person,"Boston, MA",Nick Wiger,nick,2.5 forks,2.5,2.5,,False,False,False
Bertucci's with Jon Gabrus and Carl Tart (live),352,Bertucci's,2022-06-02,True,in person,"Boston, MA",Mike Mitchell,mitch,5 forks,5.0,5.0,,False,False,False
Bertucci's with Jon Gabrus and Carl Tart (live),352,Bertucci's,2022-06-02,True,in person,"Boston, MA",Jon Gabrus,guest,2.5 forks,2.5,2.5,,False,False,False
Bertucci's with Jon Gabrus and Carl Tart (live),352,Bertucci's,2022-06-02,True,in person,"Boston, MA",Carl Tart,guest,3.75 forks,3.75,3.75,,False,False,False
Dave's Hot Chicken with Joe Randazzo,353,Dave's Hot Chicken,2022-06-09,False,,,Nick Wiger,nick,<s>4</s> 4.25 forks,4.0,4.25,,True,False,False
Dave's Hot Chicken with Joe Randazzo,353,Dave's Hot Chicken,2022-06-09,False,,,Mike Mitchell,mitch,4 forks,4.0,4.0,,False,False,False
Dave's Hot Chicken with Joe Randazzo,353,Dave's Hot Chicken,2022-06-09,False,,,Joe Randazzo,guest,4 forks,4.0,4.0,,False,False,False
El Farolito with Mookie Blaiklock (live),354,El Farolito,2022-06-16,True,in person,"San Francisco, CA",Nick Wiger,nick,5 forks,5.0,5.0,,False,False,False
El Farolito with Mookie Blaiklock (live),354,El Farolito,2022-06-16,True,in person,"San Francisco, CA",Mike Mitchell,mitch,5 forks,5.0,5.0,,False,False,False
El Farolito with Mookie Blaiklock (live),354,El Farolito,2022-06-16,True,in person,"San Francisco, CA",Mookie Blaiklock,guest,5 forks,5.0,5.0,,False,False,False
Ivar's Acres of Clams with Mookie Blaiklock (live),355,Ivar's Acres of Clams,2022-06-23,True,in person,"Seattle, WA",Nick Wiger,nick,1.5 forks,1.5,1.5,,False,False,False
Ivar's Acres of Clams with Mookie Blaiklock (live),355,Ivar's Acres of Clams,2022-06-23,True,in person,"Seattle, WA",Mike Mitchell,mitch,2 forks,2.0,2.0,,False,False,False
Ivar's Acres of Clams with Mookie Blaiklock (live),355,Ivar's Acres of Clams,2022-06-23,True,in person,"Seattle, WA",Mookie Blaiklock,guest,2 forks,2.0,2.0,,False,False,False
Dough Zone with Mookie Blaiklock (live),356,Dough Zone,2022-06-30,True,in person,"Seattle, WA",Nick Wiger,nick,5 forks,5.0,5.0,,False,False,False
Dough Zone with Mookie Blaiklock (live),356,Dough Zone,2022-06-30,True,in person,"Seattle, WA",Mike Mitchell,mitch,5 forks,5.0,5.0,,False,False,False
Dough Zone with Mookie Blaiklock (live),356,Dough Zone,2022-06-30,True,in person,"Seattle, WA",Mookie Blaiklock,guest,5 forks,5.0,5.0,,False,False,False
Raising Cane's Chicken Fingers 2 with John Early,357,Raising Cane's Chicken Fingers,2022-07-07,False,,,Nick Wiger,nick,4 forks,4.0,4.0,,False,False,False
Raising Cane's Chicken Fingers 2 with John Early,357,Raising Cane's Chicken Fingers,2022-07-07,False,,,Mike Mitchell,mitch,5 forks,5.0,5.0,,False,False,False
Raising Cane's Chicken Fingers 2 with John Early,357,Raising Cane's Chicken Fingers,2022-07-07,False,,,John Early,guest,3 forks,3.0,3.0,,False,False,False
Burger King 6 with Jon Gabrus & Adam Pally,358,Burger King,2022-07-14,False,,,Nick Wiger,nick,4 forks,4.0,4.0,,False,False,False
Burger King 6 with Jon Gabrus & Adam Pally,358,Burger King,2022-07-14,False,,,Mike Mitchell,mitch,3.5 forks,3.5,3.5,,False,False,False
Burger King 6 with Jon Gabrus & Adam Pally,358,Burger King,2022-07-14,False,,,Jon Gabrus,guest,2.5 forks,2.5,2.5,,False,False,False
Burger King 6 with Jon Gabrus & Adam Pally,358,Burger King,2022-07-14,False,,,Adam Pally,guest,0.5 forks,0.5,0.5,,False,False,False
IHOP 5: Minions Menu with Shaun Diston,359,IHOP,2022-07-21,False,,,Nick Wigru,guest,5 Ba-na-nas,5.0,5.0,text: 5 Ba-na-nas,False,False,False
IHOP 5: Minions Menu with Shaun Diston,359,IHOP,2022-07-21,False,,,"Mike ""The Gru-nman"" Mitchell",guest,5 Ba-na-nas,5.0,5.0,text: 5 Ba-na-nas,False,False,False
IHOP 5: Minions Menu with Shaun Diston,359,IHOP,2022-07-21,False,,,Shaun Diston,guest,4 Ba-na-nas,4.0,4.0,text: 4 Ba-na-nas,False,False,False
Pizza Hut 3 with Brendan James,360,Pizza Hut,2022-07-28,False,,,Nick Wiger,nick,1.5 forks,1.5,1.5,,False,False,False
Pizza Hut 3 with Brendan James,360,Pizza Hut,2022-07-28,False,,,Mike Mitchell,mitch,2 forks,2.0,2.0,,False,False,False
Pizza Hut 3 with Brendan James,360,Pizza Hut,2022-07-28,False,,,Brendan James,guest,1.5 forks,1.5,1.5,,False,False,False
Nothing Bundt Cakes with Becky Feldman,361,Nothing Bundt Cakes,2022-08-04,False,,,Nick Wiger,nick,4 forks,4.0,4.0,,False,False,False
Nothing Bundt Cakes with Becky Feldman,361,Nothing Bundt Cakes,2022-08-04,False,,,Mike Mitchell,mitch,3.75 forks,3.75,3.75,,False,False,False
Nothing Bundt Cakes with Becky Feldman,361,Nothing Bundt Cakes,2022-08-04,False,,,Becky Feldman,guest,4 forks,4.0,4.0,,False,False,False
sweetgreen 2 with Emmy Blotnick,362,sweetgreen,2022-08-11,False,,,Nick Wiger,nick,4.5 forks,4.5,4.5,,False,False,False
sweetgreen 2 with Emmy Blotnick,362,sweetgreen,2022-08-11,False,,,Mike Mitchell,mitch,3.75 forks,3.75,3.75,,False,False,False
sweetgreen 2 with Emmy Blotnick,362,sweetgreen,2022-08-11,False,,,Emmy Blotnick,guest,3.5 forks,3.5,3.5,,False,False,False
Kopp's Frozen Custard with Marisa Pinson (live),363,Kopp's Frozen Custard,2022-08-18,True,in person,"Milwaukee, WI",Nick Wiger,nick,4.5 forks,4.5,4.5,,False,False,False
Kopp's Frozen Custard with Marisa Pinson (live),363,Kopp's Frozen Custard,2022-08-18,True,in person,"Milwaukee, WI",Mike Mitchell,mitch,"4.5 forks 
(Score revised to 0 forks on October 3rd, 2022)<ref>https://twitter.com/BDayBoysMitch/status/1577031985322606593</ref>",4.5,0.0,revised: 4.5 forks ,True,False,False
Kopp's Frozen Custard with Marisa Pinson (live),363,Kopp's Frozen Custard,2022-08-18,True,in person,"Milwaukee, WI",Marisa Pinson,guest,4.5 forks,4.5,4.5,,False,False,False
Buddy's Detroit-Style Pizza with Marisa Pinson (live),364,Buddy's Detroit-Style Pizza,2022-08-25,True,in person,"Detroit, MI",Nick Wiger,nick,5 forks,5.0,5.0,,False,False,False
Buddy's Detroit-Style Pizza with Marisa Pinson (live),364,Buddy's Detroit-Style Pizza,2022-08-25,True,in person,"Detroit, MI",Mike Mitchell,mitch,5 forks,5.0,5.0,,False,False,False
Buddy's Detroit-Style Pizza with Marisa Pinson (live),364,Buddy's Detroit-Style Pizza,2022-08-25,True,in person,"Detroit, MI",Marisa Pinson,guest,4.5 forks,4.5,4.5,,False,False,False
Cold Stone Nintendo with Heather Anne Campbell and Matt Apodaca,365,Cold Stone Nintendo,2022-09-01,False,,,Nick Wiger,nick,1 spoon,1.0,1.0,text: 1 spoon,False,False,False
Cold Stone Nintendo with Heather Anne Campbell and Matt Apodaca,365,Cold Stone Nintendo,2022-09-01,False,,,Mike Mitchell,mitch,1.5 spoons,1.5,1.5,text: 1.5 spoons,False,False,False
Cold Stone Nintendo with Heather Anne Campbell and Matt Apodaca,365,Cold Stone Nintendo,2022-09-01,False,,,Heather Anne Campbell,guest,1 spoon,1.0,1.0,text: 1 spoon,False,False,False
Cold Stone Nintendo with Heather Anne Campbell and Matt Apodaca,365,Cold Stone Nintendo,2022-09-01,False,,,Matt Apodaca,guest,2 spoons,2.0,2.0,text: 2 spoons,False,False,False
Hot Dog On A Stick with Paul F. Tompkins,366,Hot Dog On A Stick,2022-09-08,False,,,Nick Wiger,nick,4 forks,4.0,4.0,,False,False,False
Hot Dog On A Stick with Paul F. Tompkins,366,Hot Dog On A Stick,2022-09-08,False,,,Mike Mitchell,mitch,4 forks,4.0,4.0,,False,False,False
Hot Dog On A Stick with Paul F. Tompkins,366,Hot Dog On A Stick,2022-09-08,False,,,Paul F. Tompkins,guest,4 forks,4.0,4.0,,False,False,False
Pressed with Arden Myrin,367,Pressed,2022-09-15,False,,,Nick Wiger,nick,4 forks,4.0,4.0,,False,False,False
Pressed with Arden Myrin,367,Pressed,2022-09-15,False,,,Mike Mitchell,mitch,4 forks,4.0,4.0,,False,False,False
Pressed with Arden Myrin,367,Pressed,2022-09-15,False,,,Arden Myrin,guest,5 forks,5.0,5.0,,False,False,False
Fat Sal's with Matt Christman,368,Fat Sal's,2022-09-22,False,,,Nick Wiger,nick,2.5 forks,2.5,2.5,,False,False,False
Fat Sal's with Matt Christman,368,Fat Sal's,2022-09-22,False,,,Mike Mitchell,mitch,3 forks,3.0,3.0,,False,False,False
Fat Sal's with Matt Christman,368,Fat Sal's,2022-09-22,False,,,Matt Christman,guest,2 forks,2.0,2.0,,False,False,False
Fazoli's with Mitra Jouhari,369,Fazoli's,2022-09-29,False,,,Nick Wiger,nick,4 forks,4.0,4.0,,False,False,False
Fazoli's with Mitra Jouhari,369,Fazoli's,2022-09-29,False,,,Mike Mitchell,mitch,4 forks,4.0,4.0,,False,False,False
Fazoli's with Mitra Jouhari,369,Fazoli's,2022-09-29,False,,,Mitra Jouhari,guest,4 forks,4.0,4.0,,False,False,False
Fazoli's with Mitra Jouhari,369,Fazoli's,2022-09-29,False,,,shared (Nick and Mitch),guest,,,,no rating,False,False,False
Pirate's Booty with John Hodgman,370,Pirate's Booty,2022-10-06,False,,,Nick Wiger,nick,2 Pieces of Eight,2.0,2.0,text: 2 Pieces of Eight,False,False,False
Pirate's Booty with John Hodgman,370,Pirate's Booty,2022-10-06,False,,,Mike Mitchell,mitch,2.75 Pieces of Eight,2.75,2.75,text: 2.75 Pieces of Eight,False,False,False
Pirate's Booty with John Hodgman,370,Pirate's Booty,2022-10-06,False,,,Patchy Beard,guest,2.5 Pieces of Eight,2.5,2.5,text: 2.5 Pieces of Eight,False,False,False
Pirates of the Caribbean Ride with Kyle Mooney,DD,Pirates of the Caribbean Ride,2022-10-11,False,,,Nick Wiger,nick,5 Piece of Eight,5.0,5.0,text: 5 Piece of Eight,False,False,False
Pirates of the Caribbean Ride with Kyle Mooney,DD,Pirates of the Caribbean Ride,2022-10-11,False,,,Mike Mitchell,mitch,5 Pieces of Eight,5.0,5.0,text: 5 Pieces of Eight,False,False,False
Pirates of the Caribbean Ride with Kyle Mooney,DD,Pirates of the Caribbean Ride,2022-10-11,False,,,Kyle Mooney,guest,5 Pieces of Eight,5.0,5.0,text: 5 Pieces of Eight,False,False,False
Pirates Dinner Adventure with Eva Anderson,371,Pirates Dinner Adventure,2022-10-13,False,,,The Dread Podcaster,guest,5 Skull and Crossbones,5.0,5.0,text: 5 Skull and Crossbones,False,False,False
Pirates Dinner Adventure with Eva Anderson,371,Pirates Dinner Adventure,2022-10-13,False,,,The Spoondog,guest,5 Skull and Crossbones,5.0,5.0,text: 5 Skull and Crossbones,False,False,False
Pirates Dinner Adventure with Eva Anderson,371,Pirates Dinner Adventure,2022-10-13,False,,,Evil No Handerson,guest,5 Skull and Crossbones,5.0,5.0,text: 5 Skull and Crossbones,False,False,False
Long John Silver's with Mano Agapion and Betsy Sodaro,372,Long John Silver's,2022-10-20,False,,,The Dread Podcaster,guest,3.5 Pieces of Eight,3.5,3.5,text: 3.5 Pieces of Eight,False,False,False
Long John Silver's with Mano Agapion and Betsy Sodaro,372,Long John Silver's,2022-10-20,False,,,Spoondog,guest,3 Pieces of Eight + a Golden Hook,3.0,3.0,text: 3 Pieces of Eight + a Golden Hook,False,False,False
Long John Silver's with Mano Agapion and Betsy Sodaro,372,Long John Silver's,2022-10-20,False,,,Long Dong Silver,guest,3 Pieces of Eight,3.0,3.0,text: 3 Pieces of Eight,False,False,False
Long John Silver's with Mano Agapion and Betsy Sodaro,372,Long John Silver's,2022-10-20,False,,,Brown Plate,guest,3.5 Pieces of Eight,3.5,3.5,text: 3.5 Pieces of Eight,False,False,False
Blue Bayou with Podcast the Ride,373,Blue Bayou,2022-10-27,False,,,Jolly Old St. Nick Wiger,guest,4 Pieces of Eight,4.0,4.0,text: 4 Pieces of Eight,False,False,False
Blue Bayou with Podcast the Ride,373,Blue Bayou,2022-10-27,False,,,Spoontey Jones,guest,5 Pieces of Eight,5.0,5.0,text: 5 Pieces of Eight,False,False,False
Blue Bayou with Podcast the Ride,373,Blue Bayou,2022-10-27,False,,,Sauvignon Blanc Beard,guest,4 Pieces of Eight,4.0,4.0,text: 4 Pieces of Eight,False,False,False
Blue Bayou with Podcast the Ride,373,Blue Bayou,2022-10-27,False,,,Captain Snack Tarot,guest,4 Pieces of Eight,4.0,4.0,text: 4 Pieces of Eight,False,False,False
Blue Bayou with Podcast the Ride,373,Blue Bayou,2022-10-27,False,,,Captain Jason Barbosa,guest,3 Pieces of Eight,3.0,3.0,text: 3 Pieces of Eight,False,False,False
Blue Bayou with Podcast the Ride,373,Blue Bayou,2022-10-27,False,,,Michael Will Turner Carlson,guest,4.5 Pieces of Eight,4.5,4.5,text: 4.5 Pieces of Eight,False,False,False
The Butcher's Daughter with Zach Cherry,374,The Butcher's Daughter,2022-11-03,False,,,Nick Wiger,nick,4.5 forks,4.5,4.5,,False,False,False
The Butcher's Daughter with Zach Cherry,374,The Butcher's Daughter,2022-11-03,False,,,Mike Mitchell,mitch,4.5 forks,4.5,4.5,,False,False,False
The Butcher's Daughter with Zach Cherry,374,The Butcher's Daughter,2022-11-03,False,,,Zach Cherry,guest,4.25 forks,4.25,4.25,,False,False,False
The Butcher's Daughter with Zach Cherry,374,The Butcher's Daughter,2022-11-03,False,,,Evan Susser,guest,,,,no rating,False,False,False
Subway Breakfast with Lily Sullivan,375,Subway Breakfast,2022-11-10,False,,,Nick Wiger,nick,2.25 forks,2.25,2.25,,False,False,False
Subway Breakfast with Lily Sullivan,375,Subway Breakfast,2022-11-10,False,,,Mike Mitchell,mitch,4.25 forks,4.25,4.25,,False,False,False
Subway Breakfast with Lily Sullivan,375,Subway Breakfast,2022-11-10,False,,,Lily Sullivan,guest,1 fork,1.0,1.0,,False,False,False
Eataly with Griffin Newman and David Sims,376,Eataly,2022-11-17,False,,,Nick Wiger,nick,4 forks,4.0,4.0,,False,False,False
Eataly with Griffin Newman and David Sims,376,Eataly,2022-11-17,False,,,Mike Mitchell,mitch,5 forks,5.0,5.0,,False,False,False
Eataly with Griffin Newman and David Sims,376,Eataly,2022-11-17,False,,,Griffin Newman,guest,4.5 forks,4.5,4.5,,False,False,False
Eataly with Griffin Newman and David Sims,376,Eataly,2022-11-17,False,,,David Sims,guest,4 forks,4.0,4.0,,False,False,False
Eataly with Griffin Newman and David Sims,376,Eataly,2022-11-17,False,,,"Nick, Mitch, Griffin shared",guest,,,,no rating,False,False,False
Krispy Kreme 2 with Sam Sanders,377,Krispy Kreme,2022-12-01,False,,,Nick Wiger,nick,4.25 forks,4.25,4.25,,False,False,False
Krispy Kreme 2 with Sam Sanders,377,Krispy Kreme,2022-12-01,False,,,Mike Mitchell,mitch,4 forks,4.0,4.0,,False,False,False
Krispy Kreme 2 with Sam Sanders,377,Krispy Kreme,2022-12-01,False,,,Sam Sanders,guest,6 forks,6.0,6.0,,False,True,True
85°C Bakery Cafe with Lauren McGuire,378,85°C Bakery Cafe,2022-12-08,False,,,Nick Wiger,nick,3 forks,3.0,3.0,,False,False,False
85°C Bakery Cafe with Lauren McGuire,378,85°C Bakery Cafe,2022-12-08,False,,,Mike Mitchell,mitch,2.5 forks,2.5,2.5,,False,False,False
85°C Bakery Cafe with Lauren McGuire,378,85°C Bakery Cafe,2022-12-08,False,,,Lauren McGuire,guest,2.5 forks,2.5,2.5,,False,False,False
Shake Shack 3 with Evan Susser,379,Shake Shack,2022-12-15,False,,,Nick Wiger,nick,3 forks,3.0,3.0,,False,False,False
Shake Shack 3 with Evan Susser,379,Shake Shack,2022-12-15,False,,,Mike Mitchell,mitch,4 forks,4.0,4.0,,False,False,False
Shake Shack 3 with Evan Susser,379,Shake Shack,2022-12-15,False,,,Evan Susser,guest,4 forks,4.0,4.0,,False,False,False
Shake Shack 3 with Evan Susser,379,Shake Shack,2022-12-15,False,,,Mitch and Susser shared,guest,,,,no rating,False,False,False
SushiStop with Alie Ward,380,SushiStop,2023-01-12,False,,,Nick Wiger,nick,3 forks,3.0,3.0,,False,False,False
SushiStop with Alie Ward,380,SushiStop,2023-01-12,False,,,Mike Mitchell,mitch,3 forks,3.0,3.0,,False,False,False
SushiStop with Alie Ward,380,SushiStop,2023-01-12,False,,,Alie Ward,guest,3.5 forks,3.5,3.5,,False,False,False
MIXT with Ryan Perez,381,MIXT,2023-01-19,False,,,Nick Wiger,nick,3 forks,3.0,3.0,,False,False,False
MIXT with Ryan Perez,381,MIXT,2023-01-19,False,,,Mike Mitchell,mitch,2.5 forks,2.5,2.5,,False,False,False
MIXT with Ryan Perez,381,MIXT,2023-01-19,False,,,Ryan Perez,guest,2.5 forks,2.5,2.5,,False,False,False
Jack in the Box 2 with Don't Stop or We'll Die,382,Jack in the Box,2023-01-26,False,,,Nick Wiger,nick,4 forks,4.0,4.0,,False,False,False
Jack in the Box 2 with Don't Stop or We'll Die,382,Jack in the Box,2023-01-26,False,,,Mike Mitchell,mitch,4 forks,4.0,4.0,,False,False,False
Jack in the Box 2 with Don't Stop or We'll Die,382,Jack in the Box,2023-01-26,False,,,Paul Rust,guest,3.5 forks,3.5,3.5,,False,False,False
Jack in the Box 2 with Don't Stop or We'll Die,382,Jack in the Box,2023-01-26,False,,,Michael Cassady,guest,3.75 forks,3.75,3.75,,False,False,False
Corner Bakery with Marques Ray,383,Corner Bakery,2023-02-02,False,,,Nick Wiger,nick,4 forks,4.0,4.0,,False,False,False
Corner Bakery with Marques Ray,383,Corner Bakery,2023-02-02,False,,,Mike Mitchell,mitch,3.5 forks,3.5,3.5,,False,False,False
Corner Bakery with Marques Ray,383,Corner Bakery,2023-02-02,False,,,Marques Ray,guest,4.5 forks,4.5,4.5,,False,False,False
Corner Bakery with Marques Ray,383,Corner Bakery,2023-02-02,False,,,Mitch and Marques shared,guest,,,,no rating,False,False,False
Jeni's Splendid Ice Creams with Lilan Bowden,384,Jeni's Splendid Ice Creams,2023-02-09,False,,,Nick Wiger,nick,5 forks,5.0,5.0,,False,False,False
Jeni's Splendid Ice Creams with Lilan Bowden,384,Jeni's Splendid Ice Creams,2023-02-09,False,,,Mike Mitchell,mitch,5 spoons,5.0,5.0,text: 5 spoons,False,False,False
Jeni's Splendid Ice Creams with Lilan Bowden,384,Jeni's Splendid Ice Creams,2023-02-09,False,,,Lilan Bowden,guest,5 forks,5.0,5.0,,False,False,False
Sonic Drive-In 2 with Alana Johnston and Norm Sousa,385,Sonic Drive-In,2023-02-16,False,,,Nick Wiger,nick,5 rings,5.0,5.0,text: 5 rings,False,False,False
Sonic Drive-In 2 with Alana Johnston and Norm Sousa,385,Sonic Drive-In,2023-02-16,False,,,Mike Mitchell,mitch,5 forks,5.0,5.0,,False,False,False
Sonic Drive-In 2 with Alana Johnston and Norm Sousa,385,Sonic Drive-In,2023-02-16,False,,,Alana Johnston 🔪,guest,4 knives,4.0,4.0,text: 4 knives,False,False,False
Sonic Drive-In 2 with Alana Johnston and Norm Sousa,385,Sonic Drive-In,2023-02-16,False,,,Norm Sousa,guest,3.5 forks,3.5,3.5,,False,False,False
All Elite Podcasting: Tuesday Night Dynabite with Evan Susser,DD,All Elite Podcasting: Tuesday Night Dynabite,2023-02-21,False,,,Nick Wiger,nick,4 forks,4.0,4.0,,False,False,False
All Elite Podcasting: Tuesday Night Dynabite with Evan Susser,DD,All Elite Podcasting: Tuesday Night Dynabite,2023-02-21,False,,,Mike Mitchell,mitch,4.25 forks,4.25,4.25,,False,False,False
Spitz with John Hodgman,386,Spitz,2023-02-23,False,,,Nick Wiger,nick,4 forks,4.0,4.0,,False,False,False
Spitz with John Hodgman,386,Spitz,2023-02-23,False,,,Mike Mitchell,mitch,4.25 forks,4.25,4.25,,False,False,False
Spitz with John Hodgman,386,Spitz,2023-02-23,False,,,John Hodgman,guest,4 forks,4.0,4.0,,False,False,False
Honeybee Burger with Mort Burke,392,Honeybee Burger,2023-04-06,False,,,Nick Wiger,nick,4 Morts,4.0,4.0,text: 4 Morts,False,False,False
Honeybee Burger with Mort Burke,392,Honeybee Burger,2023-04-06,False,,,Mike Mitchell,mitch,4 Morts,4.0,4.0,text: 4 Morts,False,False,False
Honeybee Burger with Mort Burke,392,Honeybee Burger,2023-04-06,False,,,Fork Burp,guest,4 Morts,4.0,4.0,text: 4 Morts,False,False,False
Two Hands Corn Dogs with Jamie Loftus,393,Two Hands Corn Dogs,2023-04-13,False,,,Nick Wiger,nick,3 forks,3.0,3.0,,False,False,False
Two Hands Corn Dogs with Jamie Loftus,393,Two Hands Corn Dogs,2023-04-13,False,,,Mike Mitchell,mitch,3 forks,3.0,3.0,,False,False,False
Two Hands Corn Dogs with Jamie Loftus,393,Two Hands Corn Dogs,2023-04-13,False,,,Jamie Loftus,guest,3 forks,3.0,3.0,,False,False,False
Crumbl Cookies with Mary Jane Gibson and Mike Glazer,394,Crumbl Cookies,2023-04-20,False,,,Nick Wiger,nick,3.5 blunts,3.5,3.5,text: 3.5 blunts,False,False,False
Crumbl Cookies with Mary Jane Gibson and Mike Glazer,394,Crumbl Cookies,2023-04-20,False,,,Mike Mitchell,mitch,3.5 blunts,3.5,3.5,text: 3.5 blunts,False,False,False
Crumbl Cookies with Mary Jane Gibson and Mike Glazer,394,Crumbl Cookies,2023-04-20,False,,,Mary Jane Gibson,guest,3 blunts,3.0,3.0,text: 3 blunts,False,False,False
Crumbl Cookies with Mary Jane Gibson and Mike Glazer,394,Crumbl Cookies,2023-04-20,False,,,Mike Glazer,guest,4 blunts,4.0,4.0,text: 4 blunts,False,False,False
Orange Julius with Scott Aukerman,395,Orange Julius,2023-04-27,False,,,Nick Wiger,nick,4 forks,4.0,4.0,,False,False,False
Orange Julius with Scott Aukerman,395,Orange Julius,2023-04-27,False,,,Mike Mitchell,mitch,4 forks,4.0,4.0,,False,False,False
Orange Julius with Scott Aukerman,395,Orange Julius,2023-04-27,False,,,Scott Aukerman,guest,4.5 forks,4.5,4.5,,False,False,False
Erewhon with Dan Lippert and Ryan Rosenberg,396,Erewhon,2023-05-04,False,,,Nick Wiger,nick,3 forks,3.0,3.0,,False,False,False
Erewhon with Dan Lippert and Ryan Rosenberg,396,Erewhon,2023-05-04,False,,,Mike Mitchell,mitch,2.5 forks,2.5,2.5,,False,False,False
Erewhon with Dan Lippert and Ryan Rosenberg,396,Erewhon,2023-05-04,False,,,Dan Lippert,guest,1 fork,1.0,1.0,,False,False,False
Erewhon with Dan Lippert and Ryan Rosenberg,396,Erewhon,2023-05-04,False,,,Ryan Rosenberg,guest,3 forks,3.0,3.0,,False,False,False
Kura with Jesse Farrar and Mike Hale,397,Kura,2023-05-11,False,,,Nick Wiger,nick,4 forks,4.0,4.0,,False,False,False
Kura with Jesse Farrar and Mike Hale,397,Kura,2023-05-11,False,,,Mike Mitchell,mitch,4 forks,4.0,4.0,,False,False,False
Kura with Jesse Farrar and Mike Hale,397,Kura,2023-05-11,False,,,Jesse Farrar,guest,4.5 forks,4.5,4.5,,False,False,False
Kura with Jesse Farrar and Mike Hale,397,Kura,2023-05-11,False,,,Mike Hale,guest,5 forks,5.0,5.0,,False,False,False
Fatburger 2 with Andrea Jin,398,Fatburger,2023-05-18,False,,,Nick Wiger,nick,4.5 forks,4.5,4.5,,False,False,False
Fatburger 2 with Andrea Jin,398,Fatburger,2023-05-18,False,,,Mike Mitchell,mitch,4.25 forks,4.25,4.25,,False,False,False
Fatburger 2 with Andrea Jin,398,Fatburger,2023-05-18,False,,,Andrea Jin,guest,4.00000001 forks,4.00000001,4.00000001,,False,False,False
Domino's 3 Loaded Tots with Emily Gonzalez and Henley Cox,399,Domino's,2023-05-25,False,,,Nick Wiger,nick,5 forks,5.0,5.0,,False,False,False
Domino's 3 Loaded Tots with Emily Gonzalez and Henley Cox,399,Domino's,2023-05-25,False,,,Mike Mitchell,mitch,5 forks,5.0,5.0,,False,False,False
Domino's 3 Loaded Tots with Emily Gonzalez and Henley Cox,399,Domino's,2023-05-25,False,,,Emily Gonzalez,guest,5 forks,5.0,5.0,,False,False,False
Domino's 3 Loaded Tots with Emily Gonzalez and Henley Cox,399,Domino's,2023-05-25,False,,,Henley Cox,guest,5 forks,5.0,5.0,,False,False,False
Good Humor with Evan Susser,400,Good Humor,2023-06-01,False,,,Nick Wiger,nick,5 forks,5.0,5.0,,False,False,False
Good Humor with Evan Susser,400,Good Humor,2023-06-01,False,,,Mike Mitchell,mitch,5 forks,5.0,5.0,,False,False,False
Good Humor with Evan Susser,400,Good Humor,2023-06-01,False,,,Evan Susser,guest,5 forks,5.0,5.0,,False,False,False
Jollibee 2 with John Early and Claudia O'Doherty,401,Jollibee,2023-06-08,False,,,Nick Wiger,nick,4 forks,4.0,4.0,,False,False,False
Jollibee 2 with John Early and Claudia O'Doherty,401,Jollibee,2023-06-08,False,,,Mike Mitchell,mitch,5 forks,5.0,5.0,,False,False,False
Jollibee 2 with John Early and Claudia O'Doherty,401,Jollibee,2023-06-08,False,,,John Early,guest,4.25 forks,4.25,4.25,,False,False,False
Jollibee 2 with John Early and Claudia O'Doherty,401,Jollibee,2023-06-08,False,,,Claudia O'Doherty,guest,4.5 forks,4.5,4.5,,False,False,False
KazuNori with Joanna Calo,402,KazuNori,2023-06-15,False,,,Nick Wiger,nick,4.25 forks,4.25,4.25,,False,False,False
KazuNori with Joanna Calo,402,KazuNori,2023-06-15,False,,,Mike Mitchell,mitch,4.25 forks,4.25,4.25,,False,False,False
KazuNori with Joanna Calo,402,KazuNori,2023-06-15,False,,,Joanna Calo,guest,4.5 forks,4.5,4.5,,False,False,False
Ledo Pizza with Jamelle Bouie & Tami Sagher,403,Ledo Pizza,2023-06-22,True,in person,"Washington, DC",Nick Wiger,nick,3 forks,3.0,3.0,,False,False,False
Ledo Pizza with Jamelle Bouie & Tami Sagher,403,Ledo Pizza,2023-06-22,True,in person,"Washington, DC",Mike Mitchell,mitch,4 forks,4.0,4.0,,False,False,False
Ledo Pizza with Jamelle Bouie & Tami Sagher,403,Ledo Pizza,2023-06-22,True,in person,"Washington, DC",Jamelle Bouie,guest,2.5 forks,2.5,2.5,,False,False,False
Ledo Pizza with Jamelle Bouie & Tami Sagher,403,Ledo Pizza,2023-06-22,True,in person,"Washington, DC",Tami Sagher,guest,2.5 forks,2.5,2.5,,False,False,False
"Gray's Papaya with Zach Cherry, Mike Hanford, & Tami Sagher",404,Gray's Papaya,2023-06-29,True,in person,"New York, NY",Nick Wiger,nick,4.5 forks,4.5,4.5,,False,False,False
"Gray's Papaya with Zach Cherry, Mike Hanford, & Tami Sagher",404,Gray's Papaya,2023-06-29,True,in person,"New York, NY",Mike Mitchell,mitch,5 forks,5.0,5.0,,False,False,False
"Gray's Papaya with Zach Cherry, Mike Hanford, & Tami Sagher",404,Gray's Papaya,2023-06-29,True,in person,"New York, NY",Zach Cherry,guest,4 forks,4.0,4.0,,False,False,False
"Gray's Papaya with Zach Cherry, Mike Hanford, & Tami Sagher",404,Gray's Papaya,2023-06-29,True,in person,"New York, NY",Mike Hanford,guest,5 forks,5.0,5.0,,False,False,False
"Gray's Papaya with Zach Cherry, Mike Hanford, & Tami Sagher",404,Gray's Papaya,2023-06-29,True,in person,"New York, NY",Tami Sagher,guest,4.25 forks,4.25,4.25,,False,False,False
"Tasty Burger with Mookie Blaiklock, Zach Cherry, & Mike Hanford",405,Tasty Burger,2023-07-06,True,in person,"Medford, MA",Nick Wiger,nick,4 forks,4.0,4.0,,False,False,False
"Tasty Burger with Mookie Blaiklock, Zach Cherry, & Mike Hanford",405,Tasty Burger,2023-07-06,True,in person,"Medford, MA",Mike Mitchell,mitch,5 forks,5.0,5.0,,False,False,False
"Tasty Burger with Mookie Blaiklock, Zach Cherry, & Mike Hanford",405,Tasty Burger,2023-07-06,True,in person,"Medford, MA",Zach Cherry,guest,4.75 forks,4.75,4.75,,False,False,False
"Tasty Burger with Mookie Blaiklock, Zach Cherry, & Mike Hanford",405,Tasty Burger,2023-07-06,True,in person,"Medford, MA",Mike Hanford,guest,2 forks,2.0,2.0,,False,False,False
Taco John's with Carl Tart,406,Taco John's,2023-07-13,True,in person,"Minneapolis, MN",Nick Wiger,nick,2.5 forks,2.5,2.5,,False,False,False
Taco John's with Carl Tart,406,Taco John's,2023-07-13,True,in person,"Minneapolis, MN",Mike Mitchell,mitch,3.25 forks,3.25,3.25,,False,False,False
Taco John's with Carl Tart,406,Taco John's,2023-07-13,True,in person,"Minneapolis, MN",Carl Tart,guest,2.8 forks,2.8,2.8,,False,False,False
Taco Bell VIII with Samoa Joe,407,Taco Bell VIII,2023-07-20,False,,,Nick Wiger,nick,5 forks,5.0,5.0,,False,False,False
Taco Bell VIII with Samoa Joe,407,Taco Bell VIII,2023-07-20,False,,,Mike Mitchell,mitch,5 forks,5.0,5.0,,False,False,False
Taco Bell VIII with Samoa Joe,407,Taco Bell VIII,2023-07-20,False,,,Samoa Joe,guest,3 forks,3.0,3.0,,False,False,False
HomeState with Stephanie Beatriz,408,HomeState,2023-07-27,False,,,Nick Wiger,nick,5 forks,5.0,5.0,,False,False,False
HomeState with Stephanie Beatriz,408,HomeState,2023-07-27,False,,,Mike Mitchell,mitch,5 forks,5.0,5.0,,False,False,False
HomeState with Stephanie Beatriz,408,HomeState,2023-07-27,False,,,Stephanie Beatriz,guest,5 forks,5.0,5.0,,False,False,False
Do-Rite Donuts with Carl Tart,409,Do-Rite Donuts,2023-08-03,True,in person,"Chicago, IL",Nick Wiger,nick,5 forks,5.0,5.0,,False,False,False
Do-Rite Donuts with Carl Tart,409,Do-Rite Donuts,2023-08-03,True,in person,"Chicago, IL",Mike Mitchell,mitch,5 forks,5.0,5.0,,False,False,False
Do-Rite Donuts with Carl Tart,409,Do-Rite Donuts,2023-08-03,True,in person,"Chicago, IL",Carl Tart,guest,4.75 forks,4.75,4.75,,False,False,False
Rick's Drive In & Out with Ashley Ray,410,Rick's Drive In & Out,2023-08-10,False,,,Nick Wiger,nick,4 forks,4.0,4.0,,False,False,False
Rick's Drive In & Out with Ashley Ray,410,Rick's Drive In & Out,2023-08-10,False,,,Mike Mitchell,mitch,4 forks,4.0,4.0,,False,False,False
Rick's Drive In & Out with Ashley Ray,410,Rick's Drive In & Out,2023-08-10,False,,,Ashley Ray,guest,4 forks,4.0,4.0,,False,False,False
Howlin' Rays with Kumail Nanjiani,411,Howlin' Rays,2023-08-17,False,,,Nick Wiger,nick,5 forks,5.0,5.0,,False,False,False
Howlin' Rays with Kumail Nanjiani,411,Howlin' Rays,2023-08-17,False,,,Mike Mitchell,mitch,5 forks,5.0,5.0,,False,False,False
Howlin' Rays with Kumail Nanjiani,411,Howlin' Rays,2023-08-17,False,,,Kumail Nanjiani,guest,4 forks,4.0,4.0,,False,False,False
Sombrero with Neil Campbell and Fran Gillespie,412,Sombrero,2023-08-24,True,in person,"San Diego, CA",Nick Wiger,nick,3 forks,3.0,3.0,,False,False,False
Sombrero with Neil Campbell and Fran Gillespie,412,Sombrero,2023-08-24,True,in person,"San Diego, CA",Mike Mitchell,mitch,4 forks,4.0,4.0,,False,False,False
Sombrero with Neil Campbell and Fran Gillespie,412,Sombrero,2023-08-24,True,in person,"San Diego, CA",Neil Campbell,guest,2.5 forks,2.5,2.5,,False,False,False
Sombrero with Neil Campbell and Fran Gillespie,412,Sombrero,2023-08-24,True,in person,"San Diego, CA",Fran Gillespie,guest,4 forks,4.0,4.0,,False,False,False
Qwench Juice Bar with Eliza Skinner,413,Qwench Juice Bar,2023-08-31,False,,,Nick Wiger,nick,4.5 forks,4.5,4.5,,False,False,False
Qwench Juice Bar with Eliza Skinner,413,Qwench Juice Bar,2023-08-31,False,,,Mike Mitchell,mitch,3.75 forks,3.75,3.75,,False,False,False
Qwench Juice Bar with Eliza Skinner,413,Qwench Juice Bar,2023-08-31,False,,,Eliza Skinner,guest,4.5 forks,4.5,4.5,,False,False,False
Pollo Campero with Jack Allison and Kate Shapiro,414,Pollo Campero,2023-09-07,False,,,Nick Wiger,nick,4.5 forks,4.5,4.5,,False,False,False
Pollo Campero with Jack Allison and Kate Shapiro,414,Pollo Campero,2023-09-07,False,,,Mike Mitchell,mitch,5 forks,5.0,5.0,,False,False,False
Pollo Campero with Jack Allison and Kate Shapiro,414,Pollo Campero,2023-09-07,False,,,Jack Allison,guest,5 forks,5.0,5.0,,False,False,False
Pollo Campero with Jack Allison and Kate Shapiro,414,Pollo Campero,2023-09-07,False,,,Kate Shapiro,guest,3.5 forks,3.5,3.5,,False,False,False
Sidecar Doughnuts with David Wain,415,Sidecar Doughnuts,2023-09-14,False,,,Nick Wiger,nick,3 forks,3.0,3.0,,False,False,False
Sidecar Doughnuts with David Wain,415,Sidecar Doughnuts,2023-09-14,False,,,Mike Mitchell,mitch,2.75 forks,2.75,2.75,,False,False,False
Sidecar Doughnuts with David Wain,415,Sidecar Doughnuts,2023-09-14,False,,,David Wain,guest,3.1 forks,3.1,3.1,,False,False,False
Guisados with Lamar Woods,416,Guisados,2023-09-21,False,,,Nick Wiger,nick,6 forks,6.0,6.0,,False,True,True
Guisados with Lamar Woods,416,Guisados,2023-09-21,False,,,Mike Mitchell,mitch,6 forks,6.0,6.0,,False,True,True
Guisados with Lamar Woods,416,Guisados,2023-09-21,False,,,Lamar Woods,guest,4 forks,4.0,4.0,,False,False,False
Hungry Howies with Joe Kwaczala,417,Hungry Howies,2023-09-28,False,,,Nick Wiger,nick,2.5 forks,2.5,2.5,,False,False,False
Hungry Howies with Joe Kwaczala,417,Hungry Howies,2023-09-28,False,,,Mike Mitchell,mitch,2.25 forks,2.25,2.25,,False,False,False
Hungry Howies with Joe Kwaczala,417,Hungry Howies,2023-09-28,False,,,Joe Kwaczala,guest,3.75 forks,3.75,3.75,,False,False,False
Hungry Howies with Joe Kwaczala,417,Hungry Howies,2023-09-28,False,,,Becky Feldman,guest,3 forks,3.0,3.0,,False,False,False
Voodoo Doughnut with Oscar Montoya,418,Voodoo Doughnut,2023-10-05,False,,,"Nick ""Peanut Butter"" Wiger",guest,3 pitchforks,3.0,3.0,text: 3 pitchforks,False,False,False
Voodoo Doughnut with Oscar Montoya,418,Voodoo Doughnut,2023-10-05,False,,,"Mike ""Jelly"" Mitchell",guest,3.5 pitchforks,3.5,3.5,text: 3.5 pitchforks,False,False,False
Voodoo Doughnut with Oscar Montoya,418,Voodoo Doughnut,2023-10-05,False,,,Oscar Montoya,guest,3 pitchforks,3.0,3.0,text: 3 pitchforks,False,False,False
Voodoo Doughnut with Oscar Montoya,418,Voodoo Doughnut,2023-10-05,False,,,Amelia Marino,guest,4 pitchforks,4.0,4.0,text: 4 pitchforks,False,False,False
Zankou Chicken with Jason Mantzoukas,419,Zankou Chicken,2023-10-12,False,,,Joker Wiger,guest,5 pitchforks,5.0,5.0,text: 5 pitchforks,False,False,False
Zankou Chicken with Jason Mantzoukas,419,Zankou Chicken,2023-10-12,False,,,The Batspoonman,guest,6 pitchforks,6.0,6.0,text: 6 pitchforks,False,True,True
Zankou Chicken with Jason Mantzoukas,419,Zankou Chicken,2023-10-12,False,,,Jason Mantzoukas,guest,6 10.0 pitchfork.com ratings,6.0,6.0,text: 6 10.0 pitchfork.com ratings,False,True,True
Zankou Chicken with Jason Mantzoukas,419,Zankou Chicken,2023-10-12,False,,,Amelia Marino,guest,4.5 forks,4.5,4.5,,False,False,False
Lucifers Pizza with Eva Anderson,420,Lucifers Pizza,2023-10-19,False,,,Luigi Wiger,guest,3 pitchforks,3.0,3.0,text: 3 pitchforks,False,False,False
Lucifers Pizza with Eva Anderson,420,Lucifers Pizza,2023-10-19,False,,,Mario Mitchell,guest,3.75 pitchforks,3.75,3.75,text: 3.75 pitchforks,False,False,False
Lucifers Pizza with Eva Anderson,420,Lucifers Pizza,2023-10-19,False,,,Bart Anderson,guest,3 pitchforks,3.0,3.0,text: 3 pitchforks,False,False,False
Boo's Philly Cheesesteaks with Don't Stop or We'll Die,421,Boo's Philly Cheesesteaks,2023-10-26,True,in person,"Los Angeles, CA",Wendy Wiger,guest,3.5 pitchforks,3.5,3.5,text: 3.5 pitchforks,False,False,False
Boo's Philly Cheesesteaks with Don't Stop or We'll Die,421,Boo's Philly Cheesesteaks,2023-10-26,True,in person,"Los Angeles, CA",Wendy Mitchell,guest,3.25 pitchforks,3.25,3.25,text: 3.25 pitchforks,False,False,False
Boo's Philly Cheesesteaks with Don't Stop or We'll Die,421,Boo's Philly Cheesesteaks,2023-10-26,True,in person,"Los Angeles, CA",Dave Thomas Rust,guest,4 pitchforks,4.0,4.0,text: 4 pitchforks,False,False,False
Boo's Philly Cheesesteaks with Don't Stop or We'll Die,421,Boo's Philly Cheesesteaks,2023-10-26,True,in person,"Los Angeles, CA",Dave Thomas Cassady,guest,3.75 pitchforks,3.75,3.75,text: 3.75 pitchforks,False,False,False
Big Chicken with Dan Black,422,Big Chicken,2023-11-02,False,,,Nick Wiger,nick,1 fork,1.0,1.0,,False,False,False
Big Chicken with Dan Black,422,Big Chicken,2023-11-02,False,,,Mike Mitchell,mitch,1 fork,1.0,1.0,,False,False,False
Big Chicken with Dan Black,422,Big Chicken,2023-11-02,False,,,Dan Black,guest,0.5 forks,0.5,0.5,,False,False,False
Black Angus Steakhouse with Tim Heidecker,423,Black Angus Steakhouse,2023-11-09,False,,,Nick Wiger,nick,2.75 forks,2.75,2.75,,False,False,False
Black Angus Steakhouse with Tim Heidecker,423,Black Angus Steakhouse,2023-11-09,False,,,Mike Mitchell,mitch,2.25 forks,2.25,2.25,,False,False,False
Black Angus Steakhouse with Tim Heidecker,423,Black Angus Steakhouse,2023-11-09,False,,,Tim Heidecker,guest,2 forks,2.0,2.0,,False,False,False
Milk Bar with Lisa Gilroy,424,Milk Bar,2023-11-16,False,,,Nick Wiger,nick,3 forks,3.0,3.0,,False,False,False
Milk Bar with Lisa Gilroy,424,Milk Bar,2023-11-16,False,,,Mike Mitchell,mitch,3 forks,3.0,3.0,,False,False,False
Milk Bar with Lisa Gilroy,424,Milk Bar,2023-11-16,False,,,Lisa Gilroy,guest,3 forks,3.0,3.0,,False,False,False
Robeks with Ben Rodgers,425,Robeks,2023-11-30,False,,,Nick Wiger,nick,3.5 forks,3.5,3.5,,False,False,False
Robeks with Ben Rodgers,425,Robeks,2023-11-30,False,,,Mike Mitchell,mitch,3.5 forks,3.5,3.5,,False,False,False
Robeks with Ben Rodgers,425,Robeks,2023-11-30,False,,,Ben Rodgers,guest,3 forks,3.0,3.0,,False,False,False
Salt & Straw with Neil Campbell and Andy Samberg,426,Salt & Straw,2023-12-07,False,,,Nick Wiger,nick,4 spoons,4.0,4.0,text: 4 spoons,False,False,False
Salt & Straw with Neil Campbell and Andy Samberg,426,Salt & Straw,2023-12-07,False,,,Mike Mitchell,mitch,4.5 spoons,4.5,4.5,text: 4.5 spoons,False,False,False
Salt & Straw with Neil Campbell and Andy Samberg,426,Salt & Straw,2023-12-07,False,,,Neil Campbell,guest,5 spoons,5.0,5.0,text: 5 spoons,False,False,False
Salt & Straw with Neil Campbell and Andy Samberg,426,Salt & Straw,2023-12-07,False,,,Andy Samberg,guest,4.5 spoons,4.5,4.5,text: 4.5 spoons,False,False,False
The Musso & Frank Grill with Evan Susser,427,The Musso & Frank Grill,2023-12-14,False,,,Nick Wiger,nick,5 forks,5.0,5.0,,False,False,False
The Musso & Frank Grill with Evan Susser,427,The Musso & Frank Grill,2023-12-14,False,,,Mike Mitchell,mitch,6 forks,6.0,6.0,,False,True,True
The Musso & Frank Grill with Evan Susser,427,The Musso & Frank Grill,2023-12-14,False,,,Evan Susser,guest,5 forks,5.0,5.0,,False,False,False
Rudolph's Roadside with King Christmas and Uncle Donny Pecker,DD,Rudolph's Roadside,2023-12-19,False,,,Nick Wiger,nick,5 Candy Canes = 3.5 forks,3.5,3.5,converted: 5 Candy Canes = 3.5 forks,False,False,False
Rudolph's Roadside with King Christmas and Uncle Donny Pecker,DD,Rudolph's Roadside,2023-12-19,False,,,Mike Mitchell,mitch,4 forks,4.0,4.0,,False,False,False
Rudolph's Roadside with King Christmas and Uncle Donny Pecker,DD,Rudolph's Roadside,2023-12-19,False,,,King Christmas,guest,3 forks,3.0,3.0,,False,False,False
Rudolph's Roadside with King Christmas and Uncle Donny Pecker,DD,Rudolph's Roadside,2023-12-19,False,,,Uncle Donny Pecker,guest,3 forks,3.0,3.0,,False,False,False
Rudolph's Roadside with King Christmas and Uncle Donny Pecker,DD,Rudolph's Roadside,2023-12-19,False,,,Mel Gibson,guest,5 forks,5.0,5.0,,False,False,False
Chop Stop with Tim Baltz,428,Chop Stop,2024-01-11,False,,,Nick Wiger,nick,2 forks,2.0,2.0,,False,False,False
Chop Stop with Tim Baltz,428,Chop Stop,2024-01-11,False,,,Mike Mitchell,mitch,1.5 forks,1.5,1.5,,False,False,False
Chop Stop with Tim Baltz,428,Chop Stop,2024-01-11,False,,,Tim Baltz,guest,1 fork,1.0,1.0,,False,False,False
Nick the Greek with Becky Feldman,429,Nick the Greek,2024-01-18,False,,,Nick Wiger,nick,3 forks,3.0,3.0,,False,False,False
Nick the Greek with Becky Feldman,429,Nick the Greek,2024-01-18,False,,,Mike Mitchell,mitch,3.25 forks,3.25,3.25,,False,False,False
Nick the Greek with Becky Feldman,429,Nick the Greek,2024-01-18,False,,,Becky Feldman,guest,2.5 forks,2.5,2.5,,False,False,False
Del Taco 3 with Libby Watson,430,Del Taco,2024-01-25,False,,,Nick Wiger,nick,5 forks,5.0,5.0,,False,False,False
Del Taco 3 with Libby Watson,430,Del Taco,2024-01-25,False,,,Mike Mitchell,mitch,4 forks,4.0,4.0,,False,False,False
Del Taco 3 with Libby Watson,430,Del Taco,2024-01-25,False,,,Libby Watson,guest,4 forks,4.0,4.0,,False,False,False
Goop Kitchen with Luke Del Tredici,431,Goop Kitchen,2024-02-01,False,,,Nick Wiger,nick,4 forks,4.0,4.0,,False,False,False
Goop Kitchen with Luke Del Tredici,431,Goop Kitchen,2024-02-01,False,,,Mike Mitchell,mitch,4 forks,4.0,4.0,,False,False,False
Goop Kitchen with Luke Del Tredici,431,Goop Kitchen,2024-02-01,False,,,Luke Del Tredici,guest,4.5 forks,4.5,4.5,,False,False,False
Eggslut with Raiza Licea,432,Eggslut,2024-02-08,False,,,Nick Wiger,nick,4 forks,4.0,4.0,,False,False,False
Eggslut with Raiza Licea,432,Eggslut,2024-02-08,False,,,Mike Mitchell,mitch,3.5 forks,3.5,3.5,,False,False,False
Eggslut with Raiza Licea,432,Eggslut,2024-02-08,False,,,Raiza Licea,guest,4 sporks,4.0,4.0,text: 4 sporks,False,False,False
See's Candies with John Hodgman,433,See's Candies,2024-02-15,False,,,Nick Wiger,nick,3 forks,3.0,3.0,,False,False,False
See's Candies with John Hodgman,433,See's Candies,2024-02-15,False,,,Mike Mitchell,mitch,3 forks,3.0,3.0,,False,False,False
See's Candies with John Hodgman,433,See's Candies,2024-02-15,False,,,John Hodgman,guest,3 forks,3.0,3.0,,False,False,False
Whole Foods 2 with Emily Yoshida,434,Whole Foods,2024-02-22,False,,,Nick Wiger,nick,1.5 forks,1.5,1.5,,False,False,False
Whole Foods 2 with Emily Yoshida,434,Whole Foods,2024-02-22,False,,,Mike Mitchell,mitch,1.5 forks,1.5,1.5,,False,False,False
Whole Foods 2 with Emily Yoshida,434,Whole Foods,2024-02-22,False,,,Emily Yoshida,guest,2 forks,2.0,2.0,,False,False,False
Subway 4 with Andre Hyland,435,Subway,2024-02-29,False,,,Nick Wiger,nick,1.5 forks,1.5,1.5,,False,False,False
Subway 4 with Andre Hyland,435,Subway,2024-02-29,False,,,Mike Mitchell,mitch,2.25 forks,2.25,2.25,,False,False,False
Subway 4 with Andre Hyland,435,Subway,2024-02-29,False,,,Andre Hyland,guest,"* sandwich: 2.8
* cookie: 5
* big cookie: 3.5
* everything all together: 2.5",,,multiple ratings: sandwich: 2.8;  cookie: 5;  big cookie: 3.5;  everything all together: 2.5,False,False,False
Oakberry with Johnny TV and Taya Valkyrie,440,Oakberry,2024-04-04,False,,,Nick Wiger,nick,1.5 spoons,1.5,1.5,text: 1.5 spoons,False,False,False
Oakberry with Johnny TV and Taya Valkyrie,440,Oakberry,2024-04-04,False,,,Mike Mitchell,mitch,2 spoons,2.0,2.0,text: 2 spoons,False,False,False
Oakberry with Johnny TV and Taya Valkyrie,440,Oakberry,2024-04-04,False,,,Johnny Doughboy,guest,2 spoons,2.0,2.0,text: 2 spoons,False,False,False
Oakberry with Johnny TV and Taya Valkyrie,440,Oakberry,2024-04-04,False,,,Taya Valkyrie,guest,-1 spoons,-1.0,-1.0,text: -1 spoons,False,True,True
Buffalo Wild Wings 3 with Johnny Pemberton,441,Buffalo Wild Wings,2024-04-11,False,,,Nick Wiger,nick,3.5 forks,3.5,3.5,,False,False,False
Buffalo Wild Wings 3 with Johnny Pemberton,441,Buffalo Wild Wings,2024-04-11,False,,,Mike Mitchell,mitch,4 forks,4.0,4.0,,False,False,False
Buffalo Wild Wings 3 with Johnny Pemberton,441,Buffalo Wild Wings,2024-04-11,False,,,Johnny Pemberton,guest,3.5 forks,3.5,3.5,,False,False,False
Mr. Charlie's Told Me So with Jackie Johnson,442,Mr. Charlie's Told Me So,2024-04-18,False,,,Nick Wiger,nick,4 forks,4.0,4.0,,False,False,False
Mr. Charlie's Told Me So with Jackie Johnson,442,Mr. Charlie's Told Me So,2024-04-18,False,,,Mike Mitchell,mitch,4 forks,4.0,4.0,,False,False,False
Mr. Charlie's Told Me So with Jackie Johnson,442,Mr. Charlie's Told Me So,2024-04-18,False,,,Jackie Johnson,guest,4 forks,4.0,4.0,,False,False,False
California Pizza Kitchen 2 with Avital Ash,443,California Pizza Kitchen,2024-04-25,False,,,Nick Wiger,nick,4 forks,4.0,4.0,,False,False,False
California Pizza Kitchen 2 with Avital Ash,443,California Pizza Kitchen,2024-04-25,False,,,Mike Mitchell,mitch,4 forks,4.0,4.0,,False,False,False
California Pizza Kitchen 2 with Avital Ash,443,California Pizza Kitchen,2024-04-25,False,,,Avital Ash,guest,4 forks,4.0,4.0,,False,False,False
KFC 3: Saucy Nuggets with John Early and Claudia O'Doherty,444,KFC,2024-05-02,False,,,Nick Wiger,nick,3 forks,3.0,3.0,,False,False,False
KFC 3: Saucy Nuggets with John Early and Claudia O'Doherty,444,KFC,2024-05-02,False,,,Mike Mitchell,mitch,4 forks,4.0,4.0,,False,False,False
KFC 3: Saucy Nuggets with John Early and Claudia O'Doherty,444,KFC,2024-05-02,False,,,John Early,guest,4 forks,4.0,4.0,,False,False,False
KFC 3: Saucy Nuggets with John Early and Claudia O'Doherty,444,KFC,2024-05-02,False,,,Claudia O'Doherty,guest,5 forks,5.0,5.0,,False,False,False
Irv's Burgers with Sam Brown,445,Irv's Burgers,2024-05-09,False,,,Nick Wiger,nick,5 forks,5.0,5.0,,False,False,False
Irv's Burgers with Sam Brown,445,Irv's Burgers,2024-05-09,False,,,Mike Mitchell,mitch,4 forks,4.0,4.0,,False,False,False
Irv's Burgers with Sam Brown,445,Irv's Burgers,2024-05-09,False,,,Sam Brown,guest,4 forks,4.0,4.0,,False,False,False
Jimmy John's 2 with Mary Sohn,446,Jimmy John's,2024-05-16,False,,,Nick Wiger,nick,4 forks,4.0,4.0,,False,False,False
Jimmy John's 2 with Mary Sohn,446,Jimmy John's,2024-05-16,False,,,Mike Mitchell,mitch,3.5 forks,3.5,3.5,,False,False,False
Jimmy John's 2 with Mary Sohn,446,Jimmy John's,2024-05-16,False,,,Mary Sohn,guest,4.5 forks,4.5,4.5,,False,False,False
Poké Bar with Payman Benz,447,Poké Bar,2024-05-23,False,,,Nick Wiger,nick,2.5 forks,2.5,1.5,,True,False,False
Poké Bar with Payman Benz,447,Poké Bar,2024-05-23,False,,,Mike Mitchell,mitch,2.5 forks,2.5,2.5,,False,False,False
Poké Bar with Payman Benz,447,Poké Bar,2024-05-23,False,,,Payman Benz,guest,3 forks,3.0,3.0,,False,False,False
IHOP 6: Sonic Menu with Bryan Quinby,448,IHOP,2024-05-30,False,,,Nick Wiger,nick,"* 4 forks for IHOP
* 2 forks for the Sonic menu",,,multiple ratings: 4 forks for IHOP;  2 forks for the Sonic menu,False,False,False
IHOP 6: Sonic Menu with Bryan Quinby,448,IHOP,2024-05-30,False,,,Mike Mitchell,mitch,"* 4 forks for IHOP
* 2 forks for the Sonic menu",,,multiple ratings: 4 forks for IHOP;  2 forks for the Sonic menu,False,False,False
IHOP 6: Sonic Menu with Bryan Quinby,448,IHOP,2024-05-30,False,,,Bryan Quinby,guest,2 forks for the Sonic menu,2.0,2.0,text: 2 forks for the Sonic menu,False,False,False
Sbarro with Griffin Newman,449,Sbarro,2024-06-06,False,,,Nick Wiger,nick,3 forks,3.0,3.0,,False,False,False
Sbarro with Griffin Newman,449,Sbarro,2024-06-06,False,,,Mike Mitchell,mitch,3.5 forks,3.5,3.5,,False,False,False
Sbarro with Griffin Newman,449,Sbarro,2024-06-06,False,,,Griffin Newman,guest,3 forks,3.0,3.0,,False,False,False
Tender Greens 2 with Niccole Thurman,450,Tender Greens,2024-06-13,False,,,Nick Wiger,nick,3.5 forks,3.5,3.5,,False,False,False
Tender Greens 2 with Niccole Thurman,450,Tender Greens,2024-06-13,False,,,Mike Mitchell,mitch,3.5 forks,3.5,3.5,,False,False,False
Tender Greens 2 with Niccole Thurman,450,Tender Greens,2024-06-13,False,,,Niccole Thurman,guest,3.5 forks,3.5,3.5,,False,False,False
Bowlero with Allan McLeod,451,Bowlero,2024-06-20,False,,,Nick Wiger,nick,3 forks,3.0,3.0,,False,False,False
Bowlero with Allan McLeod,451,Bowlero,2024-06-20,False,,,Mike Mitchell,mitch,3.5 forks,3.5,3.5,,False,False,False
Bowlero with Allan McLeod,451,Bowlero,2024-06-20,False,,,Allan McLeod aka Molasses Boy,guest,3.5 forks,3.5,3.5,,False,False,False
Silverlake Ramen with Sierra Katow,452,Silverlake Ramen,2024-06-27,False,,,"Nick ""Mr. Soup"" Wiger",guest,4 forks,4.0,4.0,,False,False,False
Silverlake Ramen with Sierra Katow,452,Silverlake Ramen,2024-06-27,False,,,Mike Mitchell,mitch,4 forks,4.0,4.0,,False,False,False
Silverlake Ramen with Sierra Katow,452,Silverlake Ramen,2024-06-27,False,,,Sierra Katow,guest,4 forks,4.0,4.0,,False,False,False
Nordstrom's Bar Verde with Jordan Morris,454,Nordstrom's Bar Verde,2024-07-11,False,,,Nick Wiger,nick,4 forks,4.0,4.0,,False,False,False
Nordstrom's Bar Verde with Jordan Morris,454,Nordstrom's Bar Verde,2024-07-11,False,,,Mike Mitchell,mitch,4 forks,4.0,4.0,,False,False,False
Nordstrom's Bar Verde with Jordan Morris,454,Nordstrom's Bar Verde,2024-07-11,False,,,Jordan Morris,guest,3 forks,3.0,3.0,,False,False,False
Willie Mae's Scotch House with Matt Selman,455,Willie Mae's Scotch House,2024-07-18,False,,,Nick Wiger,nick,5 forks,5.0,5.0,,False,False,False
Willie Mae's Scotch House with Matt Selman,455,Willie Mae's Scotch House,2024-07-18,False,,,Mike Mitchell,mitch,5 forks,5.0,5.0,,False,False,False
Willie Mae's Scotch House with Matt Selman,455,Willie Mae's Scotch House,2024-07-18,False,,,"""Fried Chicken Matt"" Selman",guest,5 forks,5.0,5.0,,False,False,False
bb.q chicken with Tansu Philip,456,bb.q chicken,2024-07-25,False,,,Nick Wiger,nick,5 forks,5.0,5.0,,False,False,False
bb.q chicken with Tansu Philip,456,bb.q chicken,2024-07-25,False,,,Mike Mitchell,mitch,5 forks,5.0,5.0,,False,False,False
bb.q chicken with Tansu Philip,456,bb.q chicken,2024-07-25,False,,,Tansu Philip,guest,4.5 forks,4.5,4.5,,False,False,False
Broccoli with Lindsay Katai and Kelly Nugent,457,Broccoli,2024-08-01,False,,,Nick Wiger,nick,4 Salad Forks,4.0,4.0,text: 4 Salad Forks,False,False,False
Broccoli with Lindsay Katai and Kelly Nugent,457,Broccoli,2024-08-01,False,,,Mike Mitchell,mitch,3 Salad Forks,3.0,3.0,text: 3 Salad Forks,False,False,False
Broccoli with Lindsay Katai and Kelly Nugent,457,Broccoli,2024-08-01,False,,,Lindsay Katai,guest,4 Salad Forks,4.0,4.0,text: 4 Salad Forks,False,False,False
Broccoli with Lindsay Katai and Kelly Nugent,457,Broccoli,2024-08-01,False,,,Kelly Nugent,guest,3 Salad Forks,3.0,3.0,text: 3 Salad Forks,False,False,False
Strawberries with Lily Sullivan and Shelby Wolstein,DD,Strawberries,2024-08-06,False,,,Nick Wiger,nick,5 Fruit Salad Forks,5.0,5.0,text: 5 Fruit Salad Forks,False,False,False
Strawberries with Lily Sullivan and Shelby Wolstein,DD,Strawberries,2024-08-06,False,,,Mike Mitchell,mitch,4.5 Fruit Salad Forks,4.5,4.5,text: 4.5 Fruit Salad Forks,False,False,False
Strawberries with Lily Sullivan and Shelby Wolstein,DD,Strawberries,2024-08-06,False,,,Lily Sullivan,guest,4.5 Fruit Salad Forks,4.5,4.5,text: 4.5 Fruit Salad Forks,False,False,False
Strawberries with Lily Sullivan and Shelby Wolstein,DD,Strawberries,2024-08-06,False,,,Shelby Wolstein,guest,4.6 Fruit Salad Forks,4.6,4.6,text: 4.6 Fruit Salad Forks,False,False,False
Endives with Jess Rona,458,Endives,2024-08-08,False,,,Nick Wiger,nick,4 Salad Forks,4.0,4.0,text: 4 Salad Forks,False,False,False
Endives with Jess Rona,458,Endives,2024-08-08,False,,,Mike Mitchell,mitch,4 Salad Forks,4.0,4.0,text: 4 Salad Forks,False,False,False
Endives with Jess Rona,458,Endives,2024-08-08,False,,,Jess Rona,guest,5 Salad Forks,5.0,5.0,text: 5 Salad Forks,False,False,False
Mangos with Marques Ray,DD,Mangos,2024-08-13,False,,,Nick Wiger,nick,5 Fruit Salad Forks,5.0,5.0,text: 5 Fruit Salad Forks,False,False,False
Mangos with Marques Ray,DD,Mangos,2024-08-13,False,,,Mike Mitchell,mitch,5 Fruit Salad Forks,5.0,5.0,text: 5 Fruit Salad Forks,False,False,False
Mangos with Marques Ray,DD,Mangos,2024-08-13,False,,,Marques Ray,guest,5 Fruit Salad Forks,5.0,5.0,text: 5 Fruit Salad Forks,False,False,False
Onions with Arden Myrin,459,Onions,2024-08-15,False,,,Nick Wiger,nick,5 Salad Forks,5.0,5.0,text: 5 Salad Forks,False,False,False
Onions with Arden Myrin,459,Onions,2024-08-15,False,,,Mike Mitchell,mitch,5 Salad Forks,5.0,5.0,text: 5 Salad Forks,False,False,False
Onions with Arden Myrin,459,Onions,2024-08-15,False,,,Arden Myrin,guest,5 Salad Forks,5.0,5.0,text: 5 Salad Forks,False,False,False
Pineapple with Lauren McGuire,DD,Pineapple,2024-08-20,False,,,Nick Wiger,nick,5 Fruit Salad Forks,5.0,5.0,text: 5 Fruit Salad Forks,False,False,False
Pineapple with Lauren McGuire,DD,Pineapple,2024-08-20,False,,,Mike Mitchell,mitch,5 Fruit Salad Forks,5.0,5.0,text: 5 Fruit Salad Forks,False,False,False
Pineapple with Lauren McGuire,DD,Pineapple,2024-08-20,False,,,Lauren McGuire,guest,5 Fruit Salad Forks,5.0,5.0,text: 5 Fruit Salad Forks,False,False,False
Sweet Potatoes with Dani Fernandez,460,Sweet Potatoes,2024-08-22,False,,,Nick Wiger,nick,5.0 Salad Forks,5.0,5.0,text: 5.0 Salad Forks,False,False,False
Sweet Potatoes with Dani Fernandez,460,Sweet Potatoes,2024-08-22,False,,,Mike Mitchell,mitch,4.0 Salad Forks,4.0,4.0,text: 4.0 Salad Forks,False,False,False
Sweet Potatoes with Dani Fernandez,460,Sweet Potatoes,2024-08-22,False,,,Dani Fernandez,guest,5.0 Salad Forks,5.0,5.0,text: 5.0 Salad Forks,False,False,False
Watermelon with Becky Feldman,DD,Watermelon,2024-08-27,False,,,Nick Wiger,nick,5 Fruit Salad Forks,5.0,5.0,text: 5 Fruit Salad Forks,False,False,False
Watermelon with Becky Feldman,DD,Watermelon,2024-08-27,False,,,Mike Mitchell,mitch,5 Fruit Salad Forks,5.0,5.0,text: 5 Fruit Salad Forks,False,False,False
Watermelon with Becky Feldman,DD,Watermelon,2024-08-27,False,,,Becky Feldman,guest,5 Fruit Salad Forks,5.0,5.0,text: 5 Fruit Salad Forks,False,False,False
Carrots with Jon Glover and Marisa Pinson,461,Carrots,2024-08-29,False,,,Nick Wiger,nick,3.0 Salad Forks,3.0,3.0,text: 3.0 Salad Forks,False,False,False
Carrots with Jon Glover and Marisa Pinson,461,Carrots,2024-08-29,False,,,"Mike ""Tater Top"" Mitchell",guest,4.0 Salad Forks,4.0,4.0,text: 4.0 Salad Forks,False,False,False
Carrots with Jon Glover and Marisa Pinson,461,Carrots,2024-08-29,False,,,Jon Glover,guest,2.5 Salad Forks,2.5,2.5,text: 2.5 Salad Forks,False,False,False
Carrots with Jon Glover and Marisa Pinson,461,Carrots,2024-08-29,False,,,Marisa Pinson,guest,5.0 Salad Forks,5.0,5.0,text: 5.0 Salad Forks,False,False,False
Popeyes Wings with David Brown and Jon Mackey,462,Popeyes Wings,2024-09-05,False,,,Nick Wiger,nick,5 forks,5.0,5.0,,False,False,False
Popeyes Wings with David Brown and Jon Mackey,462,Popeyes Wings,2024-09-05,False,,,Mike Mitchell,mitch,4.5 forks,4.5,4.5,,False,False,False
Popeyes Wings with David Brown and Jon Mackey,462,Popeyes Wings,2024-09-05,False,,,David Brown,guest,4.5 forks,4.5,4.5,,False,False,False
Popeyes Wings with David Brown and Jon Mackey,462,Popeyes Wings,2024-09-05,False,,,Jon Mackey,guest,4.5 forks,4.5,4.5,,False,False,False
Ameci Pizza and Pasta with Gilli Nissim,463,Ameci Pizza and Pasta,2024-09-12,False,,,Nick Wiger,nick,2.5 forks,2.5,2.5,,False,False,False
Ameci Pizza and Pasta with Gilli Nissim,463,Ameci Pizza and Pasta,2024-09-12,False,,,Mike Mitchell,mitch,3.5 forks,3.5,3.5,,False,False,False
Ameci Pizza and Pasta with Gilli Nissim,463,Ameci Pizza and Pasta,2024-09-12,False,,,Gilli Nissim,guest,3 forks,3.0,3.0,,False,False,False
Alamo Drafthouse with Drew McWeeny,464,Alamo Drafthouse,2024-09-19,False,,,Nick Wiger,nick,4 forks,4.0,4.0,,False,False,False
Alamo Drafthouse with Drew McWeeny,464,Alamo Drafthouse,2024-09-19,False,,,Mike Mitchell,mitch,4 forks,4.0,4.0,,False,False,False
Alamo Drafthouse with Drew McWeeny,464,Alamo Drafthouse,2024-09-19,False,,,Drew McWeeny,guest,4 forks,4.0,4.0,,False,False,False
Backyard Bowls with Erin Keif,465,Backyard Bowls,2024-09-26,False,,,Nick Wiger,nick,3.5 forks,3.5,3.5,,False,False,False
Backyard Bowls with Erin Keif,465,Backyard Bowls,2024-09-26,False,,,Mike Mitchell,mitch,3.5 forks,3.5,3.5,,False,False,False
Backyard Bowls with Erin Keif,465,Backyard Bowls,2024-09-26,False,,,Erin Keif,guest,3.8 forks,3.8,3.8,,False,False,False
Tim Hortons with Stephanie Beatriz and Alana Johnston,466,Tim Hortons,2024-10-03,True,in person,"Toronto, ON",Nick Wiger,nick,2.5 Forks,2.5,2.5,,False,False,False
Tim Hortons with Stephanie Beatriz and Alana Johnston,466,Tim Hortons,2024-10-03,True,in person,"Toronto, ON","Mike ""Jerk King"" Mitchell",guest,5 Forks,5.0,5.0,,False,False,False
Tim Hortons with Stephanie Beatriz and Alana Johnston,466,Tim Hortons,2024-10-03,True,in person,"Toronto, ON",Stephanie Beatriz,guest,2 Forks,2.0,2.0,,False,False,False
Tim Hortons with Stephanie Beatriz and Alana Johnston,466,Tim Hortons,2024-10-03,True,in person,"Toronto, ON",Alana Johnston 🔪,guest,5 Knives = 2 Forks,2.0,2.0,converted: 5 Knives = 2 Forks,False,False,False
Harvey's with Shaun Diston,467,Harvey's,2024-10-10,False,,,Nick Wiger,nick,3.5 forks,3.5,3.5,,False,False,False
Harvey's with Shaun Diston,467,Harvey's,2024-10-10,False,,,Mike Mitchell,mitch,3.5 forks,3.5,3.5,,False,False,False
Harvey's with Shaun Diston,467,Harvey's,2024-10-10,False,,,Shaun Diston,guest,4 forks,4.0,4.0,,False,False,False
Harvey's with Shaun Diston,467,Harvey's,2024-10-10,False,,,Nick and Mitch shared,guest,,,,no rating,False,False,False
Swiss Chalet with Alana Johnston,468,Swiss Chalet,2024-10-17,False,,,Nick Wiger,nick,4.5 forks,4.5,4.5,,False,False,False
Swiss Chalet with Alana Johnston,468,Swiss Chalet,2024-10-17,False,,,Mike Mitchell,mitch,4.5 forks,4.5,4.5,,False,False,False
Swiss Chalet with Alana Johnston,468,Swiss Chalet,2024-10-17,False,,,Alana Johnston 🔪,guest,4.5 forks,4.5,4.5,,False,False,False
Boston Pizza with Samoa Joe,469,Boston Pizza,2024-10-24,False,,,Nick Wiger,nick,3 forks,3.0,3.0,,False,False,False
Boston Pizza with Samoa Joe,469,Boston Pizza,2024-10-24,False,,,Mike Mitchell,mitch,3 forks,3.0,3.0,,False,False,False
Boston Pizza with Samoa Joe,469,Boston Pizza,2024-10-24,False,,,Samoa Joe,guest,3 forks,3.0,3.0,,False,False,False
Little Canada with Taylor Davis and Carson Pinch,DD,Little Canada,2024-10-29,False,,,Nick Wiger,nick,5 Little Forks,5.0,5.0,text: 5 Little Forks,False,False,False
Little Canada with Taylor Davis and Carson Pinch,DD,Little Canada,2024-10-29,False,,,Mike Mitchell,mitch,5 Little Forks,5.0,5.0,text: 5 Little Forks,False,False,False
Little Canada with Taylor Davis and Carson Pinch,DD,Little Canada,2024-10-29,False,,,Taylor Davis,guest,5 Little Forks,5.0,5.0,text: 5 Little Forks,False,False,False
Little Canada with Taylor Davis and Carson Pinch,DD,Little Canada,2024-10-29,False,,,Carson Pinch,guest,5 Little Forks,5.0,5.0,text: 5 Little Forks,False,False,False
McDonald's Canada with Mike Hanford,470,McDonald's Canada,2024-10-31,False,,,Nick Wiger,nick,5 forks,5.0,5.0,,False,False,False
McDonald's Canada with Mike Hanford,470,McDonald's Canada,2024-10-31,False,,,Mike Mitchell,mitch,5 forks,5.0,5.0,,False,False,False
McDonald's Canada with Mike Hanford,470,McDonald's Canada,2024-10-31,False,,,Mike Hanford,guest,5 forks,5.0,5.0,,False,False,False
Blue Bottle with Kate Berlant,471,Blue Bottle,2024-11-07,False,,,Nick Wiger,nick,3 forks,3.0,3.0,,False,False,False
Blue Bottle with Kate Berlant,471,Blue Bottle,2024-11-07,False,,,Mike Mitchell,mitch,3 forks,3.0,2.0,,True,False,False
Blue Bottle with Kate Berlant,471,Blue Bottle,2024-11-07,False,,,Kate Berlant,guest,3.5 forks,3.5,3.5,,False,False,False
Krusty Burger with Henry Gilbert and Bob Mackey,472,Krusty Burger,2024-11-14,False,,,Nick Wiger,nick,3 forks,3.0,3.0,,False,False,False
Krusty Burger with Henry Gilbert and Bob Mackey,472,Krusty Burger,2024-11-14,False,,,Mike Mitchell,mitch,4 forks,4.0,4.0,,False,False,False
Krusty Burger with Henry Gilbert and Bob Mackey,472,Krusty Burger,2024-11-14,False,,,Henry Gilbert,guest,3 forks,3.0,3.0,,False,False,False
Krusty Burger with Henry Gilbert and Bob Mackey,472,Krusty Burger,2024-11-14,False,,,Bob Mackey,guest,3 forks,3.0,3.0,,False,False,False
Applebee's with Nicole Byer,474,Applebee's,2024-12-05,False,,,Nick Wiger,nick,3 forks,3.0,3.0,,False,False,False
Applebee's with Nicole Byer,474,Applebee's,2024-12-05,False,,,Mike Mitchell,mitch,3 forks,3.0,3.0,,False,False,False
Applebee's with Nicole Byer,474,Applebee's,2024-12-05,False,,,Nicole Byer,guest,4 forks,4.0,4.0,,False,False,False
IHOP Xbox Indiana Jones Menu with Mary Holland,475,IHOP Xbox Indiana Jones Menu,2024-12-12,False,,,Nick Wiger,nick,3.5 forks,3.5,3.5,,False,False,False
IHOP Xbox Indiana Jones Menu with Mary Holland,475,IHOP Xbox Indiana Jones Menu,2024-12-12,False,,,Mike Mitchell,mitch,4 forks,4.0,4.0,,False,False,False
IHOP Xbox Indiana Jones Menu with Mary Holland,475,IHOP Xbox Indiana Jones Menu,2024-12-12,False,,,Mary Holland,guest,2.5 forks,2.5,2.5,,False,False,False
IHOP Xbox Indiana Jones Menu with Mary Holland,475,IHOP Xbox Indiana Jones Menu,2024-12-12,False,,,shared (Nick & Mitch),guest,,,,no rating,False,False,False
Slice House with Evan Susser,476,Slice House,2024-12-19,True,in person,"Los Angeles, CA",Tiger Wiger,guest,3.5 forks,3.5,3.5,,False,False,False
Slice House with Evan Susser,476,Slice House,2024-12-19,True,in person,"Los Angeles, CA",Mike Mitchell,mitch,4 forks,4.0,4.0,,False,False,False
Slice House with Evan Susser,476,Slice House,2024-12-19,True,in person,"Los Angeles, CA",Evan Susser,guest,3.99 forks,3.99,3.99,,False,False,False
Crumbl Cookies with Santa & Mrs. Claus,DD,Crumbl Cookies,2024-12-24,False,,,Jolly Old St. Nick Wiger,guest,2.5 Christmas forks,2.5,2.5,text: 2.5 Christmas forks,False,False,False
Crumbl Cookies with Santa & Mrs. Claus,DD,Crumbl Cookies,2024-12-24,False,,,Frosty the Spoonman,guest,4 Christmas Forks,4.0,4.0,text: 4 Christmas Forks,False,False,False
Crumbl Cookies with Santa & Mrs. Claus,DD,Crumbl Cookies,2024-12-24,False,,,Santa Claus,guest,4 Christmas Forks,4.0,4.0,text: 4 Christmas Forks,False,False,False
Crumbl Cookies with Santa & Mrs. Claus,DD,Crumbl Cookies,2024-12-24,False,,,Mrs. Claus,guest,2.8 Christmas Forks,2.8,2.8,text: 2.8 Christmas Forks,False,False,False
Little Caesars 3 with Johnno Wilson,477,Little Caesars,2025-01-09,False,,,Nick Wiger,nick,4.5 forks,4.5,4.5,,False,False,False
Little Caesars 3 with Johnno Wilson,477,Little Caesars,2025-01-09,False,,,Mike Mitchell,mitch,5 forks,5.0,5.0,,False,False,False
Little Caesars 3 with Johnno Wilson,477,Little Caesars,2025-01-09,False,,,Johnno Wilson,guest,4.5 forks,4.5,4.5,,False,False,False
Big Mama's & Papa's Pizzeria with Zach Cherry,478,Big Mama's & Papa's Pizzeria,2025-01-16,False,,,Nick Wiger,nick,3.75 forks,3.75,3.75,,False,False,False
Big Mama's & Papa's Pizzeria with Zach Cherry,478,Big Mama's & Papa's Pizzeria,2025-01-16,False,,,Mike Mitchell,mitch,4 forks,4.0,4.0,,False,False,False
Big Mama's & Papa's Pizzeria with Zach Cherry,478,Big Mama's & Papa's Pizzeria,2025-01-16,False,,,Zach Cherry,guest,3.99 forks,3.99,3.99,,False,False,False
Krispy Kreme x Pop-tarts with Jess McKenna,479,Krispy Kreme x Pop-tarts,2025-01-23,False,,,Nick Wiger,nick,4 forks,4.0,4.0,,False,False,False
Krispy Kreme x Pop-tarts with Jess McKenna,479,Krispy Kreme x Pop-tarts,2025-01-23,False,,,Mike Mitchell,mitch,4 forks,4.0,4.0,,False,False,False
Krispy Kreme x Pop-tarts with Jess McKenna,479,Krispy Kreme x Pop-tarts,2025-01-23,False,,,Jess McKenna,guest,4 forks,4.0,4.0,,False,False,False
Krispy Kreme x Pop-tarts with Jess McKenna,479,Krispy Kreme x Pop-tarts,2025-01-23,False,,,Evan Susser,guest,4 forks,4.0,4.0,,False,False,False
Handel's with Aniz Adam Ansari,480,Handel's,2025-01-30,False,,,Nick Wiger,nick,5 forks,5.0,5.0,,False,False,False
Handel's with Aniz Adam Ansari,480,Handel's,2025-01-30,False,,,Mike Mitchell,mitch,4.5 spoons,4.5,4.5,text: 4.5 spoons,False,False,False
Handel's with Aniz Adam Ansari,480,Handel's,2025-01-30,False,,,Aniz Adam Ansari,guest,4.5 forks,4.5,4.5,,False,False,False
Handel's with Aniz Adam Ansari,480,Handel's,2025-01-30,False,,,Amelia Marino,guest,5 stars,5.0,5.0,text: 5 stars,False,False,False
Handel's with Aniz Adam Ansari,480,Handel's,2025-01-30,False,,,Emma Erdbrink,guest,,,,no rating,False,False,False
Souvla with Jordan Morris,DD,Souvla,2025-02-04,True,in person,"San Francisco, CA",Nick Wiger,nick,4 forks,4.0,4.0,,False,False,False
Souvla with Jordan Morris,DD,Souvla,2025-02-04,True,in person,"San Francisco, CA",Mike Mitchell,mitch,4 forks,4.0,4.0,,False,False,False
Souvla with Jordan Morris,DD,Souvla,2025-02-04,True,in person,"San Francisco, CA",Jordan Morris,guest,4 forks,4.0,4.0,,False,False,False
KFC Bowls with Carmen Christopher,481,KFC Bowls,2025-02-06,False,,,Nick Wiger,nick,3 forks,3.0,3.0,,False,False,False
KFC Bowls with Carmen Christopher,481,KFC Bowls,2025-02-06,False,,,Mike Mitchell,mitch,4 forks,4.0,4.0,,False,False,False
KFC Bowls with Carmen Christopher,481,KFC Bowls,2025-02-06,False,,,Carmen Christopher,guest,1 forks,1.0,1.0,,False,False,False
Chuck E. Cheese 2 with Griffin Newman,482,Chuck E. Cheese,2025-02-13,False,,,Tiger Wiger,guest,1 fork,1.0,1.0,,False,False,False
Chuck E. Cheese 2 with Griffin Newman,482,Chuck E. Cheese,2025-02-13,False,,,Mike Mitchell,mitch,0.5 forks,0.5,0.5,,False,False,False
Chuck E. Cheese 2 with Griffin Newman,482,Chuck E. Cheese,2025-02-13,False,,,King of Kranch Newman,guest,1.75 forks,1.75,1.75,,False,False,False
Chuck E. Cheese 2 with Griffin Newman,482,Chuck E. Cheese,2025-02-13,False,,,Amelia Marino,guest,0.5 stars,0.5,0.5,text: 0.5 stars,False,False,False
Chick-fil-A 3 with John Hodgman,483,Chick-fil-A,2025-02-20,False,,,Nick Wiger,nick,4 forks,4.0,4.0,,False,False,False
Chick-fil-A 3 with John Hodgman,483,Chick-fil-A,2025-02-20,False,,,Mike Mitchell,mitch,3.9 forks,3.9,3.9,,False,False,False
Chick-fil-A 3 with John Hodgman,483,Chick-fil-A,2025-02-20,False,,,John Hodgman,guest,3.75 forks,3.75,3.75,,False,False,False
Mrs. Fields with Matt Singer,484,Mrs. Fields,2025-02-27,False,,,Nick Wiger,nick,3.5 forks,3.5,3.5,,False,False,False
Mrs. Fields with Matt Singer,484,Mrs. Fields,2025-02-27,False,,,Mike Mitchell,mitch,3.5 forks,3.5,3.5,,False,False,False
Mrs. Fields with Matt Singer,484,Mrs. Fields,2025-02-27,False,,,Matt Singer,guest,3.5 forks,3.5,3.5,,False,False,False
Cafe Gratitude with Bryan Quinby,489,Cafe Gratitude,2025-04-03,False,,,Nick Wiger,nick,1 fork,1.0,1.0,,False,False,False
Cafe Gratitude with Bryan Quinby,489,Cafe Gratitude,2025-04-03,False,,,Mike Mitchell,mitch,1.5 forks,1.5,1.5,,False,False,False
Cafe Gratitude with Bryan Quinby,489,Cafe Gratitude,2025-04-03,False,,,Bryan Quinby,guest,1.5 forks,1.5,1.5,,False,False,False
Carl's Jr./Hardee's 4 with Stavros Halkias,490,Carl's Jr./Hardee's,2025-04-10,False,,,Nick Wiger,nick,3.5 forks,3.5,3.5,,False,False,False
Carl's Jr./Hardee's 4 with Stavros Halkias,490,Carl's Jr./Hardee's,2025-04-10,False,,,Mike Mitchell,mitch,4 forks,4.0,4.0,,False,False,False
Carl's Jr./Hardee's 4 with Stavros Halkias,490,Carl's Jr./Hardee's,2025-04-10,False,,,Stavros Halkias,guest,3.75 forks,3.75,3.75,,False,False,False
Dickey's Barbecue Pit with Jamelle Bouie,491,Dickey's Barbecue Pit,2025-04-17,False,,,Nick Wiger,nick,1 fork,1.0,1.0,,False,False,False
Dickey's Barbecue Pit with Jamelle Bouie,491,Dickey's Barbecue Pit,2025-04-17,False,,,Mike Mitchell,mitch,2 forks,2.0,2.0,,False,False,False
Dickey's Barbecue Pit with Jamelle Bouie,491,Dickey's Barbecue Pit,2025-04-17,False,,,Jamelle Bouie,guest,2 forks,2.0,2.0,,False,False,False
Subway 5: Doritos Footlong Nachos with Toni Charline Ramos,492,Subway,2025-04-24,False,,,Nick Wiger,nick,1 fork,1.0,1.0,,False,False,False
Subway 5: Doritos Footlong Nachos with Toni Charline Ramos,492,Subway,2025-04-24,False,,,Mike Mitchell,mitch,1 fork,1.0,1.0,,False,False,False
Subway 5: Doritos Footlong Nachos with Toni Charline Ramos,492,Subway,2025-04-24,False,,,Toni Charline Ramos,guest,2 forks,2.0,2.0,,False,False,False
Wendy's 4 with Brooks Wheelan,493,Wendy's,2025-05-01,False,,,Nick Wiger,nick,4.5 forks,4.5,4.5,,False,False,False
Wendy's 4 with Brooks Wheelan,493,Wendy's,2025-05-01,False,,,Mike Mitchell,mitch,4.5 forks,4.5,4.5,,False,False,False
Wendy's 4 with Brooks Wheelan,493,Wendy's,2025-05-01,False,,,Brooks Wheelan,guest,3 forks,3.0,3.0,,False,False,False
Popeyes 6 with Tim Baltz,494,Popeyes,2025-05-08,False,,,Nick Wiger,nick,5 forks,5.0,5.0,,False,False,False
Popeyes 6 with Tim Baltz,494,Popeyes,2025-05-08,False,,,Mike Mitchell,mitch,5 forks,5.0,5.0,,False,False,False
Popeyes 6 with Tim Baltz,494,Popeyes,2025-05-08,False,,,Tim Baltz,guest,5 forks,5.0,5.0,,False,False,False
Panera 3 with Kimia Behpoornia,495,Panera,2025-05-15,False,,,Nick Wiger,nick,4 forks,4.0,4.0,,False,False,False
Panera 3 with Kimia Behpoornia,495,Panera,2025-05-15,False,,,Mike Mitchell,mitch,3.5 forks,3.5,3.5,,False,False,False
Panera 3 with Kimia Behpoornia,495,Panera,2025-05-15,False,,,Kimia Behpoornia,guest,4 forks,4.0,4.0,,False,False,False
Pret a Manger with Charlotte McDonnell and Libby Watson,496,Pret a Manger,2025-05-22,False,,,Nick Wiger,nick,3 forks,3.0,3.0,,False,False,False
Pret a Manger with Charlotte McDonnell and Libby Watson,496,Pret a Manger,2025-05-22,False,,,Mike Mitchell,mitch,2.5 forks,2.5,2.5,,False,False,False
Pret a Manger with Charlotte McDonnell and Libby Watson,496,Pret a Manger,2025-05-22,False,,,Charlotte McDonnell,guest,4 forks,4.0,4.0,,False,False,False
Pret a Manger with Charlotte McDonnell and Libby Watson,496,Pret a Manger,2025-05-22,False,,,Libby Watson,guest,3 forks,3.0,3.0,,False,False,False
Planet Hollywood with Griffin Newman and David Sims,497,Planet Hollywood,2025-05-29,False,,,Nick Wiger,nick,0 fork,0.0,0.0,,False,False,False
Planet Hollywood with Griffin Newman and David Sims,497,Planet Hollywood,2025-05-29,False,,,Mike Mitchell,mitch,1 fork,1.0,1.0,,False,False,False
Planet Hollywood with Griffin Newman and David Sims,497,Planet Hollywood,2025-05-29,False,,,Griffin Newman,guest,1 fork,1.0,1.0,,False,False,False
Planet Hollywood with Griffin Newman and David Sims,497,Planet Hollywood,2025-05-29,False,,,David Sims,guest,1 fork,1.0,1.0,,False,False,False
Randy's Donuts with Gareth Reynolds,498,Randy's Donuts,2025-06-05,False,,,Nick Wiger,nick,4 forks,4.0,4.0,,False,False,False
Randy's Donuts with Gareth Reynolds,498,Randy's Donuts,2025-06-05,False,,,Mike Mitchell,mitch,4.5 forks,4.5,4.5,,False,False,False
Randy's Donuts with Gareth Reynolds,498,Randy's Donuts,2025-06-05,False,,,Gareth Reynolds,guest,5 forks,5.0,5.0,,False,False,False
Burger King 7 with Andrea Jin,499,Burger King,2025-06-12,False,,,Nick Wiger,nick,3 forks,3.0,3.0,,False,False,False
Burger King 7 with Andrea Jin,499,Burger King,2025-06-12,False,,,Mike Mitchell,mitch,2 forks,2.0,2.0,,False,False,False
Burger King 7 with Andrea Jin,499,Burger King,2025-06-12,False,,,Andrea Jin,guest,2.5 forks,2.5,2.5,,False,False,False
Chili's 3 with Eva Anderson,500,Chili's,2025-06-19,False,,,Nick Wiger,nick,4 forks,4.0,4.0,,False,False,False
Chili's 3 with Eva Anderson,500,Chili's,2025-06-19,False,,,Mike Mitchell,mitch,4.5 forks,4.5,4.5,,False,False,False
Chili's 3 with Eva Anderson,500,Chili's,2025-06-19,False,,,Eva Anderson,guest,4.5 forks,4.5,4.5,,False,False,False
Panda Express 4 with Matt Kowalick and Holly Prazoff,501,Panda Express,2025-06-26,False,,,Nick Wiger,nick,5 forks,5.0,5.0,,False,False,False
Panda Express 4 with Matt Kowalick and Holly Prazoff,501,Panda Express,2025-06-26,False,,,Mike Mitchell,mitch,5 forks,5.0,5.0,,False,False,False
Panda Express 4 with Matt Kowalick and Holly Prazoff,501,Panda Express,2025-06-26,False,,,Matt Kowalick,guest,5 forks,5.0,5.0,,False,False,False
Panda Express 4 with Matt Kowalick and Holly Prazoff,501,Panda Express,2025-06-26,False,,,Holly Prazoff,guest,5 forks,5.0,5.0,,False,False,False
Taco Bell IX with Beck Bennett,502,Taco Bell IX,2025-07-03,False,,,Nick Wiger,nick,4.5 forks,4.5,4.5,,False,False,False
Taco Bell IX with Beck Bennett,502,Taco Bell IX,2025-07-03,False,,,Mike Mitchell,mitch,4.5 forks,4.5,4.5,,False,False,False
Taco Bell IX with Beck Bennett,502,Taco Bell IX,2025-07-03,False,,,Beck Bennett,guest,4 forks,4.0,4.0,,False,False,False
&pizza with Jon Gabrus and Griffin Newman,DD,&pizza,2025-07-08,True,in person,"Washington, DC",Nick Wiger,nick,4.5 forks,4.5,4.5,,False,False,False
&pizza with Jon Gabrus and Griffin Newman,DD,&pizza,2025-07-08,True,in person,"Washington, DC",Mike Mitchell,mitch,4 forks,4.0,4.0,,False,False,False
&pizza with Jon Gabrus and Griffin Newman,DD,&pizza,2025-07-08,True,in person,"Washington, DC",Jon Gabrus,guest,3.75 forks,3.75,3.75,,False,False,False
&pizza with Jon Gabrus and Griffin Newman,DD,&pizza,2025-07-08,True,in person,"Washington, DC",Griffin Newman,guest,4 forks,4.0,4.0,,False,False,False
Pizza Hut 4 with Neil Campbell and Mitra Jouhari,503,Pizza Hut,2025-07-10,False,,,Nick Wiger,nick,1 fork,1.0,1.0,,False,False,False
Pizza Hut 4 with Neil Campbell and Mitra Jouhari,503,Pizza Hut,2025-07-10,False,,,Mike Mitchell,mitch,1 fork,1.0,1.0,,False,False,False
Pizza Hut 4 with Neil Campbell and Mitra Jouhari,503,Pizza Hut,2025-07-10,False,,,Neil Campbell,guest,1 fork,1.0,1.0,,False,False,False
Pizza Hut 4 with Neil Campbell and Mitra Jouhari,503,Pizza Hut,2025-07-10,False,,,Mitra Jouhari,guest,1.5 forks,1.5,1.5,,False,False,False
Silver Diner with Jon Gabrus and Tami Sagher,DD,Silver Diner,2025-07-15,True,in person,"Washington, DC",Nick Wiger,nick,2 forks,2.0,2.0,,False,False,False
Silver Diner with Jon Gabrus and Tami Sagher,DD,Silver Diner,2025-07-15,True,in person,"Washington, DC",Mike Mitchell,mitch,4 forks,4.0,4.0,,False,False,False
Silver Diner with Jon Gabrus and Tami Sagher,DD,Silver Diner,2025-07-15,True,in person,"Washington, DC",Jon Gabrus,guest,2.5 forks,2.5,2.5,,False,False,False
Silver Diner with Jon Gabrus and Tami Sagher,DD,Silver Diner,2025-07-15,True,in person,"Washington, DC",Tami Sagher,guest,4 forks,4.0,4.0,,False,False,False
Little Caesars 4 with Josh Gondelman,504,Little Caesars,2025-07-17,False,,,Nick Wiger,nick,3.75 forks,3.75,3.75,,False,False,False
Little Caesars 4 with Josh Gondelman,504,Little Caesars,2025-07-17,False,,,Mike Mitchell,mitch,3.75 forks,3.75,3.75,,False,False,False
Little Caesars 4 with Josh Gondelman,504,Little Caesars,2025-07-17,False,,,Josh Gondelman,guest,3.5 forks,3.5,3.5,,False,False,False
Playa Bowls with Zach Cherry and Jon Gabrus,DD,Playa Bowls,2025-07-22,True,in person,"Newark, NJ",Nick Wiger,nick,5 forks,5.0,5.0,,False,False,False
Playa Bowls with Zach Cherry and Jon Gabrus,DD,Playa Bowls,2025-07-22,True,in person,"Newark, NJ",Mike Mitchell,mitch,5 forks,5.0,5.0,,False,False,False
Playa Bowls with Zach Cherry and Jon Gabrus,DD,Playa Bowls,2025-07-22,True,in person,"Newark, NJ",Zach Cherry,guest,5 forks and 1 protein ball,5.0,5.0,text: 5 forks and 1 protein ball,False,False,False
Playa Bowls with Zach Cherry and Jon Gabrus,DD,Playa Bowls,2025-07-22,True,in person,"Newark, NJ",Jon Gabrus,guest,5 forks,5.0,5.0,,False,False,False
Papa Johns 3 with Steve Sladkowski,505,Papa Johns,2025-07-24,False,,,Nick Wiger,nick,3.5 forks,3.5,3.5,,False,False,False
Papa Johns 3 with Steve Sladkowski,505,Papa Johns,2025-07-24,False,,,Mike Mitchell,mitch,3.5 forks,3.5,3.5,,False,False,False
Papa Johns 3 with Steve Sladkowski,505,Papa Johns,2025-07-24,False,,,Steve Sladkowski,guest,3.25 forks,3.25,3.25,,False,False,False
Legal Sea Foods with Jon Gabrus and John Hodgman,DD,Legal Sea Foods,2025-07-29,True,in person,"Boston, MA",Nick Wiger,nick,4 forks,4.0,4.0,,False,False,False
Legal Sea Foods with Jon Gabrus and John Hodgman,DD,Legal Sea Foods,2025-07-29,True,in person,"Boston, MA",Mike Mitchell,mitch,5 forks,5.0,5.0,,False,False,False
Legal Sea Foods with Jon Gabrus and John Hodgman,DD,Legal Sea Foods,2025-07-29,True,in person,"Boston, MA",Jon Gabrus,guest,4 forks,4.0,4.0,,False,False,False
Legal Sea Foods with Jon Gabrus and John Hodgman,DD,Legal Sea Foods,2025-07-29,True,in person,"Boston, MA",John Hodgman,guest,4.5 forks,4.5,4.5,,False,False,False
Jeni's Splendid Ice Creams 2 with Stephanie Beatriz and Michael Jonathan Smith,506,Jeni's Splendid Ice Creams,2025-07-31,False,,,Nick Wiger,nick,4.5 Headbands,4.5,4.5,text: 4.5 Headbands,False,False,False
Jeni's Splendid Ice Creams 2 with Stephanie Beatriz and Michael Jonathan Smith,506,Jeni's Splendid Ice Creams,2025-07-31,False,,,Mike Mitchell,mitch,5 Headbands,5.0,5.0,text: 5 Headbands,False,False,False
Jeni's Splendid Ice Creams 2 with Stephanie Beatriz and Michael Jonathan Smith,506,Jeni's Splendid Ice Creams,2025-07-31,False,,,Stephanie Beatriz,guest,4.25 Headbands,4.25,4.25,text: 4.25 Headbands,False,False,False
Jeni's Splendid Ice Creams 2 with Stephanie Beatriz and Michael Jonathan Smith,506,Jeni's Splendid Ice Creams,2025-07-31,False,,,Michael Jonathan Smith,guest,4 Headbands,4.0,4.0,text: 4 Headbands,False,False,False
Salt & Straw 2 with Saylor Curda and Tiana Okoye,507,Salt & Straw,2025-08-07,False,,,Nick Wiger,nick,4 Ice Cream Trucks,4.0,4.0,text: 4 Ice Cream Trucks,False,False,False
Salt & Straw 2 with Saylor Curda and Tiana Okoye,507,Salt & Straw,2025-08-07,False,,,Mike Mitchell,mitch,4 Ice Cream Trucks,4.0,4.0,text: 4 Ice Cream Trucks,False,False,False
Salt & Straw 2 with Saylor Curda and Tiana Okoye,507,Salt & Straw,2025-08-07,False,,,Saylor Bell Curda,guest,4.3 Ice Cream Trucks,4.3,4.3,text: 4.3 Ice Cream Trucks,False,False,False
Salt & Straw 2 with Saylor Curda and Tiana Okoye,507,Salt & Straw,2025-08-07,False,,,Tiana Okoye,guest,4.5 Ice Cream Trucks,4.5,4.5,text: 4.5 Ice Cream Trucks,False,False,False
Pinkberry 2 with Grant Dekernion and Patty Guggenheim,508,Pinkberry,2025-08-14,False,,,Nick Wiger,nick,1.5 ''Twisted Metal'' on PS1 Discs,1.5,1.5,text: 1.5 Twisted Metal on PS1 Discs,False,False,False
Pinkberry 2 with Grant Dekernion and Patty Guggenheim,508,Pinkberry,2025-08-14,False,,,Mike Mitchell,mitch,2 ''Twisted Metal'' on PS1 Discs,2.0,2.0,text: 2 Twisted Metal on PS1 Discs,False,False,False
Pinkberry 2 with Grant Dekernion and Patty Guggenheim,508,Pinkberry,2025-08-14,False,,,Grant Dekernion,guest,1 ''Twisted Metal'' on PS1 Disc,1.0,1.0,text: 1 Twisted Metal on PS1 Disc,False,False,False
Pinkberry 2 with Grant Dekernion and Patty Guggenheim,508,Pinkberry,2025-08-14,False,,,Patty Guggenheim,guest,1.5 ''Twisted Metal'' on PS1 Discs,1.5,1.5,text: 1.5 Twisted Metal on PS1 Discs,False,False,False
Pinkberry 2 with Grant Dekernion and Patty Guggenheim,508,Pinkberry,2025-08-14,False,,,Amelia Marino,guest,,,,no rating,False,False,False
Jersey Mike's 3 with Jon Daly,DD,Jersey Mike's,2025-08-19,False,,,Nick Wiger,nick,5 forks,5.0,5.0,,False,False,False
Jersey Mike's 3 with Jon Daly,DD,Jersey Mike's,2025-08-19,False,,,Mike Mitchell,mitch,5 forks,5.0,5.0,,False,False,False
Jersey Mike's 3 with Jon Daly,DD,Jersey Mike's,2025-08-19,False,,,Jon Daly,guest,4.75 forks,4.75,4.75,,False,False,False
Jersey Mike's 3 with Jon Daly,DD,Jersey Mike's,2025-08-19,False,,,Emma Erdbrink,guest,,,,no rating,False,False,False
Jersey Mike's 3 with Jon Daly,DD,Jersey Mike's,2025-08-19,False,,,Amelia Marino,guest,,,,no rating,False,False,False
Cold Stone Creamery 3 with Shaun Diston and Gilli Nissim,509,Cold Stone Creamery,2025-08-21,False,,,Nick Wiger,nick,3 Stu's Pubes,3.0,3.0,text: 3 Stu's Pubes,False,False,False
Cold Stone Creamery 3 with Shaun Diston and Gilli Nissim,509,Cold Stone Creamery,2025-08-21,False,,,Mike Mitchell,mitch,1.5 Stu's Pubes,1.5,1.5,text: 1.5 Stu's Pubes,False,False,False
Cold Stone Creamery 3 with Shaun Diston and Gilli Nissim,509,Cold Stone Creamery,2025-08-21,False,,,Shaun Diston,guest,2.25 Stu's Pubes,2.25,2.25,text: 2.25 Stu's Pubes,False,False,False
Cold Stone Creamery 3 with Shaun Diston and Gilli Nissim,509,Cold Stone Creamery,2025-08-21,False,,,Gilli Nissim,guest,2 Stu's Pubes,2.0,2.0,text: 2 Stu's Pubes,False,False,False
McDonald's Ice Cream with Samoa Joe,510,McDonald's Ice Cream,2025-08-28,False,,,Nick Wiger,nick,4 Harolds,4.0,4.0,text: 4 Harolds,False,False,False
McDonald's Ice Cream with Samoa Joe,510,McDonald's Ice Cream,2025-08-28,False,,,Mike Mitchell,mitch,5 Harolds,5.0,5.0,text: 5 Harolds,False,False,False
McDonald's Ice Cream with Samoa Joe,510,McDonald's Ice Cream,2025-08-28,False,,,Samoa Joe,guest,5 Harolds,5.0,5.0,text: 5 Harolds,False,False,False
Philz Coffee with Corin Wells,511,Philz Coffee,2025-09-04,False,,,Nick Wiger,nick,3.5 forks,3.5,3.5,,False,False,False
Philz Coffee with Corin Wells,511,Philz Coffee,2025-09-04,False,,,Mike Mitchell,mitch,2.5 forks,2.5,2.5,,False,False,False
Philz Coffee with Corin Wells,511,Philz Coffee,2025-09-04,False,,,Corin Wells,guest,2 forks,2.0,2.0,,False,False,False
Alfred Coffee with Sean Clements and Hayes Davenport,512,Alfred Coffee,2025-09-11,False,,,Nick Wiger,nick,2.5 forks,2.5,2.5,,False,False,False
Alfred Coffee with Sean Clements and Hayes Davenport,512,Alfred Coffee,2025-09-11,False,,,Mike Mitchell,mitch,2 forks,2.0,2.0,,False,False,False
Alfred Coffee with Sean Clements and Hayes Davenport,512,Alfred Coffee,2025-09-11,False,,,Sean Clements,guest,3.3 forks,3.3,3.3,,False,False,False
Alfred Coffee with Sean Clements and Hayes Davenport,512,Alfred Coffee,2025-09-11,False,,,Hayes Davenport,guest,2 forks,2.0,2.0,,False,False,False
Alfred Coffee with Sean Clements and Hayes Davenport,512,Alfred Coffee,2025-09-11,False,,,Nick & Mitch shared,guest,,,,no rating,False,False,False
Deluca's Italian Deli with Alana Hope Levinson and Dan O'Sullivan,513,Deluca's Italian Deli,2025-09-18,False,,,Nick Wiger,nick,1.5 forks,1.5,1.5,,False,False,False
Deluca's Italian Deli with Alana Hope Levinson and Dan O'Sullivan,513,Deluca's Italian Deli,2025-09-18,False,,,Mike Mitchell,mitch,3 forks,3.0,3.0,,False,False,False
Deluca's Italian Deli with Alana Hope Levinson and Dan O'Sullivan,513,Deluca's Italian Deli,2025-09-18,False,,,Alana Hope Levinson,guest,1 fork,1.0,1.0,,False,False,False
Deluca's Italian Deli with Alana Hope Levinson and Dan O'Sullivan,513,Deluca's Italian Deli,2025-09-18,False,,,Dan O'Sullivan,guest,2.5 forks,2.5,2.5,,False,False,False
Plant Power Fast Food with Ashly Burch and Mort Burke,514,Plant Power Fast Food,2025-09-25,False,,,Tiger Wiger,guest,3 forks,3.0,3.0,,False,False,False
Plant Power Fast Food with Ashly Burch and Mort Burke,514,Plant Power Fast Food,2025-09-25,False,,,Mr. Slice,guest,3 forks,3.0,3.0,,False,False,False
Plant Power Fast Food with Ashly Burch and Mort Burke,514,Plant Power Fast Food,2025-09-25,False,,,Hashly Burp,guest,3 forks,3.0,3.0,,False,False,False
Plant Power Fast Food with Ashly Burch and Mort Burke,514,Plant Power Fast Food,2025-09-25,False,,,Fork Burp,guest,3 forks,3.0,3.0,,False,False,False
Silverlake Ramen with Betsy Sodaro,515,Silverlake Ramen,2025-10-02,False,,,"Nick ""Mr. Soup"" Wiger",guest,4.5 Soup Forks,4.5,4.5,text: 4.5 Soup Forks,False,False,False
Silverlake Ramen with Betsy Sodaro,515,Silverlake Ramen,2025-10-02,False,,,Mike Mitchell,mitch,4.5 Soup Forks,4.5,4.5,text: 4.5 Soup Forks,False,False,False
Silverlake Ramen with Betsy Sodaro,515,Silverlake Ramen,2025-10-02,False,,,Betsy Sodaro,guest,5 Soup Forks,5.0,5.0,text: 5 Soup Forks,False,False,False
Le Pain Quotidien 2 with Christine Nangle,516,Le Pain Quotidien,2025-10-09,False,,,Nick Wiger,nick,2 Gator Peens,2.0,2.0,text: 2 Gator Peens,False,False,False
Le Pain Quotidien 2 with Christine Nangle,516,Le Pain Quotidien,2025-10-09,False,,,Mike Mitchell,mitch,1.5 Gator Peens,1.5,1.5,text: 1.5 Gator Peens,False,False,False
Le Pain Quotidien 2 with Christine Nangle,516,Le Pain Quotidien,2025-10-09,False,,,Christine Nangle,guest,2 Gator Peens,2.0,2.0,text: 2 Gator Peens,False,False,False
Panera 4 with Jason Concepcion,517,Panera,2025-10-16,False,,,Nick Wiger,nick,4 Phoenix Hogs,4.0,4.0,text: 4 Phoenix Hogs,False,False,False
Panera 4 with Jason Concepcion,517,Panera,2025-10-16,False,,,Mike Mitchell,mitch,5 Phoenix Hogs,5.0,5.0,text: 5 Phoenix Hogs,False,False,False
Panera 4 with Jason Concepcion,517,Panera,2025-10-16,False,,,Jason Concepcion,guest,4.5 Phoenix Hogs,4.5,4.5,text: 4.5 Phoenix Hogs,False,False,False
The Original Soup Kitchen with Stavros Halkias,518,The Original Soup Kitchen,2025-10-23,False,,,Nick Wiger,nick,3 Afternooners,3.0,3.0,text: 3 Afternooners,False,False,False
The Original Soup Kitchen with Stavros Halkias,518,The Original Soup Kitchen,2025-10-23,False,,,Mike Mitchell,mitch,3.5 Afternooners,3.5,3.5,text: 3.5 Afternooners,False,False,False
The Original Soup Kitchen with Stavros Halkias,518,The Original Soup Kitchen,2025-10-23,False,,,Stavros Halkias,guest,2 Afternooners,2.0,2.0,text: 2 Afternooners,False,False,False
Daikokuya with Sandy Honig,519,Daikokuya,2025-10-30,False,,,Nick Wiger,nick,5 oyster crackers,5.0,5.0,text: 5 oyster crackers,False,False,False
Daikokuya with Sandy Honig,519,Daikokuya,2025-10-30,False,,,Mike Mitchell,mitch,5 oyster crackers,5.0,5.0,text: 5 oyster crackers,False,False,False
Daikokuya with Sandy Honig,519,Daikokuya,2025-10-30,False,,,Sandy Honig,guest,5 oyster crackers,5.0,5.0,text: 5 oyster crackers,False,False,False
Denny's 4 with Jesse Farrar,520,Denny's,2025-11-06,False,,,Nick Wiger,nick,2.5 forks,2.5,2.5,,False,False,False
Denny's 4 with Jesse Farrar,520,Denny's,2025-11-06,False,,,Mike Mitchell,mitch,2 forks,2.0,2.0,,False,False,False
Denny's 4 with Jesse Farrar,520,Denny's,2025-11-06,False,,,Jesse Farrar,guest,0.5 forks,0.5,0.5,,False,False,False
Jimmy John's 3 with Zach Cherry,521,Jimmy John's,2025-11-13,False,,,Nick Wiger,nick,"2 Pickles (1 Pickle, 10 Gherkins)",2.0,2.0,"text: 2 Pickles (1 Pickle, 10 Gherkins)",False,False,False
Jimmy John's 3 with Zach Cherry,521,Jimmy John's,2025-11-13,False,,,Mike Mitchell,mitch,"1.5 Pickles (1 Pickle, 5 Gherkins)",1.5,1.5,"text: 1.5 Pickles (1 Pickle, 5 Gherkins)",False,False,False
Jimmy John's 3 with Zach Cherry,521,Jimmy John's,2025-11-13,False,,,Zach Cherry,guest,2.32 Pickles,2.32,2.32,text: 2.32 Pickles,False,False,False
Costco 3 with Jesse Thorn,522,Costco,2025-11-20,False,,,Nick Wiger,nick,5 forks,5.0,5.0,,False,False,False
Costco 3 with Jesse Thorn,522,Costco,2025-11-20,False,,,Mike Mitchell,mitch,4 forks,4.0,4.0,,False,False,False
Costco 3 with Jesse Thorn,522,Costco,2025-11-20,False,,,Jesse Thorn,guest,4 forks,4.0,4.0,,False,False,False
The Toothsome Chocolate Emporium & Savory Feast Kitchen with Mark Rennie,523,The Toothsome Chocolate Emporium & Savory Feast Kitchen,2025-12-04,False,,,Nick Wiger,nick,0.25 forks,0.25,0.25,,False,False,False
The Toothsome Chocolate Emporium & Savory Feast Kitchen with Mark Rennie,523,The Toothsome Chocolate Emporium & Savory Feast Kitchen,2025-12-04,False,,,Mike Mitchell,mitch,0 forks,0.0,0.0,,False,False,False
The Toothsome Chocolate Emporium & Savory Feast Kitchen with Mark Rennie,523,The Toothsome Chocolate Emporium & Savory Feast Kitchen,2025-12-04,False,,,Mark Rennie,guest,0.5 forks,0.5,0.5,,False,False,False
Sizzler 2 with Nicole Byer,524,Sizzler,2025-12-11,False,,,Nick Wiger,nick,4 forks,4.0,4.0,,False,False,False
Sizzler 2 with Nicole Byer,524,Sizzler,2025-12-11,False,,,Mike Mitchell,mitch,4 forks,4.0,4.0,,False,False,False
Sizzler 2 with Nicole Byer,524,Sizzler,2025-12-11,False,,,Nicole Byer,guest,5 forks,5.0,5.0,,False,False,False
Steak 'n Shake 10 with Evan Susser,525,Steak 'n Shake,2025-12-18,False,,,Nick Wiger,nick,5 forks,5.0,5.0,,False,False,False
Steak 'n Shake 10 with Evan Susser,525,Steak 'n Shake,2025-12-18,False,,,Mike Mitchell,mitch,1 forks,1.0,1.0,,False,False,False
Steak 'n Shake 10 with Evan Susser,525,Steak 'n Shake,2025-12-18,False,,,Evan Susser,guest,5 forks,5.0,5.0,,False,False,False
Salt & Straw with Comet,DD,Salt & Straw,2025-12-23,False,,,Nick Wiger,nick,5 forks in hooves,5.0,5.0,text: 5 forks in hooves,False,False,False
Salt & Straw with Comet,DD,Salt & Straw,2025-12-23,False,,,Mike Mitchell,mitch,5 hooves,5.0,5.0,text: 5 hooves,False,False,False
Salt & Straw with Comet,DD,Salt & Straw,2025-12-23,False,,,Comet,guest,5 forks,5.0,5.0,,False,False,False
La Colombe with Vic Michaelis,527,La Colombe,2026-01-15,False,,,Nick Wiger,nick,3 forks,3.0,3.0,,False,False,False
La Colombe with Vic Michaelis,527,La Colombe,2026-01-15,False,,,Mike Mitchell,mitch,2 forks,2.0,2.0,,False,False,False
La Colombe with Vic Michaelis,527,La Colombe,2026-01-15,False,,,Vic Michaelis,guest,2 forks,2.0,2.0,,False,False,False
KFC 4 with Cullen Crawford,528,KFC,2026-01-22,False,,,Nick Wiger,nick,4 forks,4.0,4.0,,False,False,False
KFC 4 with Cullen Crawford,528,KFC,2026-01-22,False,,,Mike Mitchell,mitch,4.25 forks,4.25,4.25,,False,False,False
KFC 4 with Cullen Crawford,528,KFC,2026-01-22,False,,,Cullen Crawford,guest,4 forks,4.0,4.0,,False,False,False
Small Cheval with Jon Gabrus,DD,Small Cheval,2026-01-27,True,in person,"Chicago, IL",Nick Wine-ger,guest,4 forks,4.0,4.0,,False,False,False
Small Cheval with Jon Gabrus,DD,Small Cheval,2026-01-27,True,in person,"Chicago, IL",Mike Mitchell,mitch,4.5 forks,4.5,4.5,,False,False,False
Small Cheval with Jon Gabrus,DD,Small Cheval,2026-01-27,True,in person,"Chicago, IL",Jon Gabrus,guest,4.5 forks,4.5,4.5,,False,False,False
Trejo's Tacos with Lamar Woods,529,Trejo's Tacos,2026-01-29,False,,,Nick Wiger,nick,4 forks,4.0,4.0,,False,False,False
Trejo's Tacos with Lamar Woods,529,Trejo's Tacos,2026-01-29,False,,,Mike Mitchell,mitch,4 forks,4.0,4.0,,False,False,False
Trejo's Tacos with Lamar Woods,529,Trejo's Tacos,2026-01-29,False,,,Lamar Woods,guest,4 forks,4.0,4.0,,False,False,False
Trejo's Tacos with Lamar Woods,529,Trejo's Tacos,2026-01-29,False,,,Matt Apodaca,guest,<s>3.5</s> 5 forks,5.0,5.0,,False,False,False
Redhot Ranch with Jon Gabrus,DD,Redhot Ranch,2026-02-03,True,in person,"Chicago, IL",Nick Wiger,nick,5 forks,5.0,5.0,,False,False,False
Redhot Ranch with Jon Gabrus,DD,Redhot Ranch,2026-02-03,True,in person,"Chicago, IL",Mike Mitchell,mitch,5 forks,5.0,5.0,,False,False,False
Redhot Ranch with Jon Gabrus,DD,Redhot Ranch,2026-02-03,True,in person,"Chicago, IL",Jon Gabrus,guest,4.5 forks,4.5,4.5,,False,False,False
Jack in the Box 3 with Johnny Pemberton,530,Jack in the Box,2026-02-05,False,,,Nick Wiger,nick,4 forks,4.0,4.0,,False,False,False
Jack in the Box 3 with Johnny Pemberton,530,Jack in the Box,2026-02-05,False,,,Mike Mitchell,mitch,2.5 forks,2.5,2.5,,False,False,False
Jack in the Box 3 with Johnny Pemberton,530,Jack in the Box,2026-02-05,False,,,Johnny Pemberton,guest,4 forks,4.0,4.0,,False,False,False
Edible Arrangements with Marisa Pinson and David Neher,531,Edible Arrangements,2026-02-12,False,,,Nick Wiger,nick,4 forks,4.0,4.0,,False,False,False
Edible Arrangements with Marisa Pinson and David Neher,531,Edible Arrangements,2026-02-12,False,,,Mike Mitchell,mitch,4 forks,4.0,4.0,,False,False,False
Edible Arrangements with Marisa Pinson and David Neher,531,Edible Arrangements,2026-02-12,False,,,David Neher,guest,1.5 forks,1.5,1.5,,False,False,False
Edible Arrangements with Marisa Pinson and David Neher,531,Edible Arrangements,2026-02-12,False,,,Marisa Pinson,guest,4 forks,4.0,4.0,,False,False,False
Pita Inn with Jon Gabrus,DD,Pita Inn,2026-02-17,True,in person,"Chicago, IL",Nick Wiger,nick,3 forks,3.0,3.0,,False,False,False
Pita Inn with Jon Gabrus,DD,Pita Inn,2026-02-17,True,in person,"Chicago, IL",Mike Mitchell,mitch,3.25 forks,3.25,3.25,,False,False,False
Pita Inn with Jon Gabrus,DD,Pita Inn,2026-02-17,True,in person,"Chicago, IL",Jon Gabrus,guest,3 forks,3.0,3.0,,False,False,False
Ggiata Delicatessen with Vanessa Chester,532,Ggiata Delicatessen,2026-02-19,False,,,Nick Wiger,nick,3 forks,3.0,3.0,,False,False,False
Ggiata Delicatessen with Vanessa Chester,532,Ggiata Delicatessen,2026-02-19,False,,,Mike Mitchell,mitch,3.75 forks,3.75,3.75,,False,False,False
Ggiata Delicatessen with Vanessa Chester,532,Ggiata Delicatessen,2026-02-19,False,,,Vanessa Chester,guest,3.5 forks,3.5,3.5,,False,False,False
McDonald's International Menu with Jon Gabrus,DD,McDonald's International Menu,2026-02-24,True,in person,"Chicago, IL",Nick Wiger,nick,5 forks,5.0,5.0,,False,False,False
McDonald's International Menu with Jon Gabrus,DD,McDonald's International Menu,2026-02-24,True,in person,"Chicago, IL",Mike Mitchell,mitch,5 forks,5.0,5.0,,False,False,False
McDonald's International Menu with Jon Gabrus,DD,McDonald's International Menu,2026-02-24,True,in person,"Chicago, IL",Jon Gabrus,guest,3.75 forks,3.75,3.75,,False,False,False
Houston's with Elena Crevello and Chelsea Davison,533,Houston's,2026-02-26,False,,,Nick Wiger,nick,5 forks,5.0,5.0,,False,False,False
Houston's with Elena Crevello and Chelsea Davison,533,Houston's,2026-02-26,False,,,Mike Mitchell,mitch,5 forks,5.0,5.0,,False,False,False
Houston's with Elena Crevello and Chelsea Davison,533,Houston's,2026-02-26,False,,,Elena Crevello,guest,5 forks,5.0,5.0,,False,False,False
Houston's with Elena Crevello and Chelsea Davison,533,Houston's,2026-02-26,False,,,Chelsea Davison,guest,4 forks,4.0,4.0,,False,False,False
Habit Burger 2 with Bryan Quinby,537,Habit Burger,2026-03-26,False,,,Nick Wiger,nick,2.5 forks,2.5,2.5,,False,False,False
Habit Burger 2 with Bryan Quinby,537,Habit Burger,2026-03-26,False,,,Mike Mitchell,mitch,3.25 forks,3.25,3.25,,False,False,False
Habit Burger 2 with Bryan Quinby,537,Habit Burger,2026-03-26,False,,,Bryan Quinby,guest,2.5 forks,2.5,2.5,,False,False,False
Filiberto's with Neil Campbell and Fran Gillespie,DD,Filiberto's,2026-03-31,True,in person,"Phoenix, AZ",Nick Wiger,nick,4 forks,4.0,4.0,,False,False,False
Filiberto's with Neil Campbell and Fran Gillespie,DD,Filiberto's,2026-03-31,True,in person,"Phoenix, AZ",Mike Mitchell,mitch,4 forks,4.0,4.0,,False,False,False
Filiberto's with Neil Campbell and Fran Gillespie,DD,Filiberto's,2026-03-31,True,in person,"Phoenix, AZ",Neil Campbell,guest,2.5 forks,2.5,2.5,,False,False,False
Filiberto's with Neil Campbell and Fran Gillespie,DD,Filiberto's,2026-03-31,True,in person,"Phoenix, AZ",Fran Gillespie,guest,2.5 tenedoras,2.5,2.5,text: 2.5 tenedoras,False,False,False
Naturewell with Ben Rodgers,538,Naturewell,2026-04-02,False,,,Nick Wiger,nick,4.5 stroons,4.5,4.5,text: 4.5 stroons,False,False,False
Naturewell with Ben Rodgers,538,Naturewell,2026-04-02,False,,,Mike Mitchell,mitch,4 stroons,4.0,4.0,text: 4 stroons,False,False,False
Naturewell with Ben Rodgers,538,Naturewell,2026-04-02,False,,,Ben Rodgers,guest,4 stroons,4.0,4.0,text: 4 stroons,False,False,False
McMenamins with Jordan Morris,DD,McMenamins,2026-04-07,True,in person,"Portland, OR",Nick Wiger,nick,3 forks,3.0,3.0,,False,False,False
McMenamins with Jordan Morris,DD,McMenamins,2026-04-07,True,in person,"Portland, OR",Mike Mitchell,mitch,3 forks,3.0,3.0,,False,False,False
McMenamins with Jordan Morris,DD,McMenamins,2026-04-07,True,in person,"Portland, OR",Jordan Morris,guest,3 forks,3.0,3.0,,False,False,False
McMenamins with Jordan Morris,DD,McMenamins,2026-04-07,True,in person,"Portland, OR",Emma Erdbrink,guest,2.5 forks,2.5,2.5,,False,False,False
McMenamins with Jordan Morris,DD,McMenamins,2026-04-07,True,in person,"Portland, OR",Amelia Marino,guest,2 forks,2.0,2.0,,False,False,False
Publix with Jon Gabrus,539,Publix,2026-04-09,False,,,Nick Wiger,nick,4 forks,4.0,4.0,,False,False,False
Publix with Jon Gabrus,539,Publix,2026-04-09,False,,,Mike Mitchell,mitch,4 forks,4.0,4.0,,False,False,False
Publix with Jon Gabrus,539,Publix,2026-04-09,False,,,Jon Gabrus,guest,4 forks,4.0,4.0,,False,False,False
Publix with Jon Gabrus,539,Publix,2026-04-09,False,,,Emma Erdbrink,guest,4 forks,4.0,4.0,,False,False,False
Publix with Jon Gabrus,539,Publix,2026-04-09,False,,,Amelia Marino,guest,4 forks,4.0,4.0,,False,False,False
Taco Time Northwest with Jordan Morris,DD,Taco Time Northwest,2026-04-14,True,in person,"Seattle, WA",Nick Wiger,nick,5 forks,5.0,5.0,,False,False,False
Taco Time Northwest with Jordan Morris,DD,Taco Time Northwest,2026-04-14,True,in person,"Seattle, WA",Mike Mitchell,mitch,4.25 forks,4.25,4.25,,False,False,False
Taco Time Northwest with Jordan Morris,DD,Taco Time Northwest,2026-04-14,True,in person,"Seattle, WA",Jordan Morris,guest,4 forks,4.0,4.0,,False,False,False
Taco Time Northwest with Jordan Morris,DD,Taco Time Northwest,2026-04-14,True,in person,"Seattle, WA",Henry Gilbert,guest,4.25 forks,4.25,4.25,,False,False,False
In-N-Out Burger 4 with Martin Starr,540,In-N-Out Burger,2026-04-16,False,,,Nick Wiger,nick,5 forks,5.0,5.0,,False,False,False
In-N-Out Burger 4 with Martin Starr,540,In-N-Out Burger,2026-04-16,False,,,Mike Mitchell,mitch,5 forks,5.0,5.0,,False,False,False
In-N-Out Burger 4 with Martin Starr,540,In-N-Out Burger,2026-04-16,False,,,Martin Starr,guest,5 forks,5.0,5.0,,False,False,False
Baskin-Robbins 2 with Emmy Blotnick,541,Baskin-Robbins,2026-04-23,False,,,Nick Wiger,nick,2.5 spoons,2.5,2.5,text: 2.5 spoons,False,False,False
Baskin-Robbins 2 with Emmy Blotnick,541,Baskin-Robbins,2026-04-23,False,,,Mike Mitchell,mitch,3 spoons,3.0,3.0,text: 3 spoons,False,False,False
Baskin-Robbins 2 with Emmy Blotnick,541,Baskin-Robbins,2026-04-23,False,,,Emmy Blotnick,guest,2.5 spoons,2.5,2.5,text: 2.5 spoons,False,False,False
Baskin-Robbins 2 with Emmy Blotnick,541,Baskin-Robbins,2026-04-23,False,,,Emma Erdbrink,guest,2.5 spoons,2.5,2.5,text: 2.5 spoons,False,False,False
Baskin-Robbins 2 with Emmy Blotnick,541,Baskin-Robbins,2026-04-23,False,,,Amelia Marino,guest,2.5 spoons,2.5,2.5,text: 2.5 spoons,False,False,False
Baskin-Robbins 2 with Emmy Blotnick,541,Baskin-Robbins,2026-04-23,False,,,Gemi,guest,5 spoons,5.0,5.0,text: 5 spoons,False,False,False
Runza with Paul Rust,DD,Runza,2026-04-28,True,in person,"Omaha, NE",Nick Wiger,nick,4 forks,4.0,4.0,,False,False,False
Runza with Paul Rust,DD,Runza,2026-04-28,True,in person,"Omaha, NE",Mike Mitchell,mitch,4 forks,4.0,4.0,,False,False,False
Runza with Paul Rust,DD,Runza,2026-04-28,True,in person,"Omaha, NE",Paul Rust,guest,4 forks,4.0,4.0,,False,False,False
Denny's 5 with Eva Anderson,542,Denny's,2026-04-30,False,,,Nick Wiger,nick,1 forks,1.0,1.0,,False,False,False
Denny's 5 with Eva Anderson,542,Denny's,2026-04-30,False,,,Mike Mitchell,mitch,0 forks,0.0,0.0,,False,False,False
Denny's 5 with Eva Anderson,542,Denny's,2026-04-30,False,,,Eva Anderson,guest,0.5 forks,0.5,0.5,,False,False,False
California Fish Grill with Gil Ozeri,543,California Fish Grill,2026-05-07,False,,,Nick Wiger,nick,4 forks,4.0,4.0,,False,False,False
California Fish Grill with Gil Ozeri,543,California Fish Grill,2026-05-07,False,,,Mike Mitchell,mitch,4 forks,4.0,4.0,,False,False,False
California Fish Grill with Gil Ozeri,543,California Fish Grill,2026-05-07,False,,,Gil Ozeri,guest,1 fork,1.0,1.0,,False,False,False
California Fish Grill with Gil Ozeri,543,California Fish Grill,2026-05-07,False,,,Emma Erdbrink,guest,,,,no rating,False,False,False
California Fish Grill with Gil Ozeri,543,California Fish Grill,2026-05-07,False,,,Amelia Marino,guest,,,,no rating,False,False,False
Burger King 8 with Joe Wengert,544,Burger King,2026-05-14,False,,,Nick Wiger,nick,3.5 Light Saber Forks,3.5,3.5,text: 3.5 Light Saber Forks,False,False,False
Burger King 8 with Joe Wengert,544,Burger King,2026-05-14,False,,,Mike Mitchell,mitch,3.5 Light Saber Forks,3.5,3.5,text: 3.5 Light Saber Forks,False,False,False
Burger King 8 with Joe Wengert,544,Burger King,2026-05-14,False,,,Joe Wengert,guest,3 Light Saber Forks,3.0,3.0,text: 3 Light Saber Forks,False,False,False
Burger King 8 with Joe Wengert,544,Burger King,2026-05-14,False,,,Amelia Marino,guest,,,,no rating,False,False,False
Coco Ichibanya with Matt Apodaca and Heather Anne Campbell,545,Coco Ichibanya,2026-05-21,False,,,Nick Wiger,nick,5 forks,5.0,5.0,,False,False,False
Coco Ichibanya with Matt Apodaca and Heather Anne Campbell,545,Coco Ichibanya,2026-05-21,False,,,Mike Mitchell,mitch,5 forks,5.0,5.0,,False,False,False
Coco Ichibanya with Matt Apodaca and Heather Anne Campbell,545,Coco Ichibanya,2026-05-21,False,,,Matt Apodaca,guest,5 forks,5.0,5.0,,False,False,False
Coco Ichibanya with Matt Apodaca and Heather Anne Campbell,545,Coco Ichibanya,2026-05-21,False,,,Heather Anne Campbell,guest,5 forks,5.0,5.0,,False,False,False
Coco Ichibanya with Matt Apodaca and Heather Anne Campbell,545,Coco Ichibanya,2026-05-21,False,,,Emma Erdbrink,guest,5 forks,5.0,5.0,,False,False,False
Coco Ichibanya with Matt Apodaca and Heather Anne Campbell,545,Coco Ichibanya,2026-05-21,False,,,Amelia Marino,guest,5 forks,5.0,5.0,,False,False,False
Movita Juice Bar with Julian Stern,546,Movita Juice Bar,2026-05-28,False,,,Nick Wiger,nick,4 forkboys + 1 straw jr.,4.0,4.0,text: 4 forkboys + 1 straw jr.,False,False,False
Movita Juice Bar with Julian Stern,546,Movita Juice Bar,2026-05-28,False,,,Mike Mitchell,mitch,3.75 forks + 1 straw  jr.,3.75,3.75,text: 3.75 forks + 1 straw jr.,False,False,False
Movita Juice Bar with Julian Stern,546,Movita Juice Bar,2026-05-28,False,,,Julian Stern,guest,4.5 forks,4.5,4.5,,False,False,False
Movita Juice Bar with Julian Stern,546,Movita Juice Bar,2026-05-28,False,,,Emma Erdbrink,guest,4 forks,4.0,4.0,,False,False,False
Movita Juice Bar with Julian Stern,546,Movita Juice Bar,2026-05-28,False,,,Amelia Marino,guest,4 forks + 1 straw jr.,4.0,4.0,text: 4 forks + 1 straw jr.,False,False,False
Movita Juice Bar with Julian Stern,546,Movita Juice Bar,2026-05-28,False,,,Evan Susser,guest,,,,no rating,False,False,False
Firehouse Subs 2 with Brandie Posey,547,Firehouse Subs,2026-06-04,False,,,Nick Wiger,nick,2 forks,2.0,2.0,,False,False,False
Firehouse Subs 2 with Brandie Posey,547,Firehouse Subs,2026-06-04,False,,,Mike Mitchell,mitch,3 forks,3.0,3.0,,False,False,False
Firehouse Subs 2 with Brandie Posey,547,Firehouse Subs,2026-06-04,False,,,Brandie Posey,guest,2.5 forks,2.5,2.5,,False,False,False
Firehouse Subs 2 with Brandie Posey,547,Firehouse Subs,2026-06-04,False,,,Emma Erdbrink,guest,,,,no rating,False,False,False
Firehouse Subs 2 with Brandie Posey,547,Firehouse Subs,2026-06-04,False,,,Amelia Marino,guest,,,,no rating,False,False,False
Dunkin' 3 with Alyssa Limperis,548,Dunkin',2026-06-11,False,,,Nick Wiger,nick,4 forks,4.0,4.0,,False,False,False
Dunkin' 3 with Alyssa Limperis,548,Dunkin',2026-06-11,False,,,Mike Mitchell,mitch,5 forks,5.0,5.0,,False,False,False
Dunkin' 3 with Alyssa Limperis,548,Dunkin',2026-06-11,False,,,Alyssa Limperis,guest,5 forks,5.0,5.0,,False,False,False
Dunkin' 3 with Alyssa Limperis,548,Dunkin',2026-06-11,False,,,Emma Erdbrink,guest,,,,no rating,False,False,False
Dunkin' 3 with Alyssa Limperis,548,Dunkin',2026-06-11,False,,,Amelia Marino,guest,,,,no rating,False,False,False
Pizza Ranch with Paul Rust,DD,Pizza Ranch,2026-06-16,True,in person,"West Des Moines, IA",Nick Wiger,nick,1 fork,1.0,1.0,,False,False,False
Pizza Ranch with Paul Rust,DD,Pizza Ranch,2026-06-16,True,in person,"West Des Moines, IA",Mike Mitchell,mitch,2.5 forks,2.5,2.5,,False,False,False
Pizza Ranch with Paul Rust,DD,Pizza Ranch,2026-06-16,True,in person,"West Des Moines, IA",Paul Rust,guest,2 forks,2.0,2.0,,False,False,False
Outback Steakhouse 4 with Tom Walker,549,Outback Steakhouse,2026-06-18,False,,,Nick Wiger,nick,1 fork,1.0,1.0,,False,False,False
Outback Steakhouse 4 with Tom Walker,549,Outback Steakhouse,2026-06-18,False,,,Mike Mitchell,mitch,2.25 forks,2.25,2.25,,False,False,False
Outback Steakhouse 4 with Tom Walker,549,Outback Steakhouse,2026-06-18,False,,,Tom Walker,guest,2 forks,2.0,2.0,,False,False,False
Outback Steakhouse 4 with Tom Walker,549,Outback Steakhouse,2026-06-18,False,,,Evan Susser,guest,2.5 forks,2.5,2.5,,False,False,False
Outback Steakhouse 4 with Tom Walker,549,Outback Steakhouse,2026-06-18,False,,,Libby Watson,guest,1.5 forks,1.5,1.5,,False,False,False
Pollo Tropical with Jon Gabrus,DD,Pollo Tropical,2026-06-23,True,in person,"Orlando, FL",Nick Wiger,nick,4 forks,4.0,4.0,,False,False,False
Pollo Tropical with Jon Gabrus,DD,Pollo Tropical,2026-06-23,True,in person,"Orlando, FL",Mike Mitchell,mitch,4 forks,4.0,4.0,,False,False,False
Pollo Tropical with Jon Gabrus,DD,Pollo Tropical,2026-06-23,True,in person,"Orlando, FL",Jon Gabrus,guest,3.75 forks,3.75,3.75,,False,False,False
Buca di Beppo 2 with Chloe Radcliffe,550,Buca di Beppo,2026-06-25,False,,,Nick Wiger,nick,0.75 forks,0.75,0.75,,False,False,False
Buca di Beppo 2 with Chloe Radcliffe,550,Buca di Beppo,2026-06-25,False,,,Mike Mitchell,mitch,1.5 forks,1.5,1.5,,False,False,False
Buca di Beppo 2 with Chloe Radcliffe,550,Buca di Beppo,2026-06-25,False,,,Chloe Radcliffe,guest,2 forks,2.0,2.0,,False,False,False
Columbia Restaurant with Jon Gabrus and Samoa Joe,DD,Columbia Restaurant,2026-06-30,True,in person,"Tampa, FL",Nick Wiger,nick,5 forks,5.0,5.0,,False,False,False
Columbia Restaurant with Jon Gabrus and Samoa Joe,DD,Columbia Restaurant,2026-06-30,True,in person,"Tampa, FL",Mike Mitchell,mitch,5 forks,5.0,5.0,,False,False,False
Columbia Restaurant with Jon Gabrus and Samoa Joe,DD,Columbia Restaurant,2026-06-30,True,in person,"Tampa, FL",Jon Gabrus,guest,5 forks,5.0,5.0,,False,False,False
Columbia Restaurant with Jon Gabrus and Samoa Joe,DD,Columbia Restaurant,2026-06-30,True,in person,"Tampa, FL",Samoa Joe,guest,5 forks,5.0,5.0,,False,False,False
Columbia Restaurant with Jon Gabrus and Samoa Joe,DD,Columbia Restaurant,2026-06-30,True,in person,"Tampa, FL",Emma Erdbrink,guest,5 forks,5.0,5.0,,False,False,False
Columbia Restaurant with Jon Gabrus and Samoa Joe,DD,Columbia Restaurant,2026-06-30,True,in person,"Tampa, FL",Amelia Marino,guest,5 forks,5.0,5.0,,False,False,False
TK Burgers with Jon Gabrus and Ben Rodgers,DD,TK Burgers,2026-07-07,True,in person,"Irvine, CA",Nick Wiger,nick,4.5 forks,4.5,4.5,,False,False,False
TK Burgers with Jon Gabrus and Ben Rodgers,DD,TK Burgers,2026-07-07,True,in person,"Irvine, CA",Mike Mitchell,mitch,5 forks,5.0,5.0,,False,False,False
TK Burgers with Jon Gabrus and Ben Rodgers,DD,TK Burgers,2026-07-07,True,in person,"Irvine, CA",Jon Gabrus,guest,4.5 forks,4.5,4.5,,False,False,False
TK Burgers with Jon Gabrus and Ben Rodgers,DD,TK Burgers,2026-07-07,True,in person,"Irvine, CA",Ben Rodgers,guest,4.5 forks,4.5,4.5,,False,False,False
Panera 5 with David Wain,551,Panera,2026-07-09,False,,,Nick Wiger,nick,2 forks,2.0,2.0,,False,False,False
Panera 5 with David Wain,551,Panera,2026-07-09,False,,,Mike Mitchell,mitch,3.75 forks,3.75,3.75,,False,False,False
Panera 5 with David Wain,551,Panera,2026-07-09,False,,,David Wain,guest,2 forks,2.0,2.0,,False,False,False
Panera 5 with David Wain,551,Panera,2026-07-09,False,,,Amelia Marino,guest,,,,no rating,False,False,False
La Victoria Taqueria with Betsy Sodaro,DD,La Victoria Taqueria,2026-07-14,True,in person,"San Jose, CA",Nick Wiger,nick,3.75 forks,3.75,3.75,,False,False,False
La Victoria Taqueria with Betsy Sodaro,DD,La Victoria Taqueria,2026-07-14,True,in person,"San Jose, CA",Mike Mitchell,mitch,4.5 forks,4.5,4.5,,False,False,False
La Victoria Taqueria with Betsy Sodaro,DD,La Victoria Taqueria,2026-07-14,True,in person,"San Jose, CA",Betsy Sodaro,guest,4 forks,4.0,4.0,,False,False,False
"Chimmelier with John Early, Claudia O'Doherty, and Pat Regan",552,Chimmelier,2026-07-16,False,,,Nick Wiger,nick,4 forks,4.0,4.0,,False,False,False
"Chimmelier with John Early, Claudia O'Doherty, and Pat Regan",552,Chimmelier,2026-07-16,False,,,Mike Mitchell,mitch,4 forks,4.0,4.0,,False,False,False
"Chimmelier with John Early, Claudia O'Doherty, and Pat Regan",552,Chimmelier,2026-07-16,False,,,John Early,guest,4 forks,4.0,4.0,,False,False,False
"Chimmelier with John Early, Claudia O'Doherty, and Pat Regan",552,Chimmelier,2026-07-16,False,,,Claudia O'Doherty,guest,4 forks,4.0,4.0,,False,False,False
"Chimmelier with John Early, Claudia O'Doherty, and Pat Regan",552,Chimmelier,2026-07-16,False,,,Pat Regan,guest,3 forks,3.0,3.0,,False,False,False
Biscuitville with Mike Hanford,DD,Biscuitville,2026-07-21,True,in person,"Cary, NC",Nick Wiger,nick,4 forks,4.0,4.0,,False,False,False
Biscuitville with Mike Hanford,DD,Biscuitville,2026-07-21,True,in person,"Cary, NC",Mike Mitchell,mitch,4 forks,4.0,4.0,,False,False,False
Biscuitville with Mike Hanford,DD,Biscuitville,2026-07-21,True,in person,"Cary, NC",Mike Hanford,guest,2.5 forks,2.5,2.5,,False,False,False
Biscuitville with Mike Hanford,DD,Biscuitville,2026-07-21,True,in person,"Cary, NC",Emma Erdbrink,guest,,,,no rating,False,False,False
Little Caesars 5 with Kimmy Gatewood,553,Little Caesars,2026-07-23,False,,,Nick Wiger,nick,4 forks,4.0,4.0,,False,False,False
Little Caesars 5 with Kimmy Gatewood,553,Little Caesars,2026-07-23,False,,,Mike Mitchell,mitch,5 forks,5.0,5.0,,False,False,False
Little Caesars 5 with Kimmy Gatewood,553,Little Caesars,2026-07-23,False,,,Kimmy Gatewood,guest,3.5 forks,3.5,3.5,,False,False,False
Bojangles 2 with Mike Hanford,DD,Bojangles,2026-07-28,True,in person,"Charlotte, NC",Nick Wiger,nick,5 forks,5.0,5.0,,False,False,False
Bojangles 2 with Mike Hanford,DD,Bojangles,2026-07-28,True,in person,"Charlotte, NC",Mike Mitchell,mitch,4 forks,4.0,4.0,,False,False,False
Bojangles 2 with Mike Hanford,DD,Bojangles,2026-07-28,True,in person,"Charlotte, NC",Mike Hanford,guest,5 forks,5.0,5.0,,False,False,False
Gus's World Famous Fried Chicken 2 with Sean Clements,554,Gus's World Famous Fried Chicken,2026-07-30,False,,,Nick Wiger,nick,5 forks,5.0,5.0,,False,False,False
Gus's World Famous Fried Chicken 2 with Sean Clements,554,Gus's World Famous Fried Chicken,2026-07-30,False,,,Mike Mitchell,mitch,5 forks,5.0,5.0,,False,False,False
Gus's World Famous Fried Chicken 2 with Sean Clements,554,Gus's World Famous Fried Chicken,2026-07-30,False,,,Sean Clements,guest,5 forks,5.0,5.0,,False,False,False
Zaxbys with Mike Hanford,DD,Zaxbys,2026-08-04,True,in person,"Atlanta, GA",Nick Wiger,nick,3 forks,3.0,3.0,,False,False,False
Zaxbys with Mike Hanford,DD,Zaxbys,2026-08-04,True,in person,"Atlanta, GA",Mike Mitchell,mitch,4.5 forks,4.5,4.5,,False,False,False
Zaxbys with Mike Hanford,DD,Zaxbys,2026-08-04,True,in person,"Atlanta, GA",Mike Hanford,guest,5 forks,5.0,5.0,,False,False,False
Zaxbys with Mike Hanford,DD,Zaxbys,2026-08-04,True,in person,"Atlanta, GA",Emma Erdbrink,guest,,,,no rating,False,False,False
Gino's East with Carmen Christopher,555,Gino's East,2026-08-06,False,,,Nick Wiger,nick,4 forks,4.0,4.0,,False,False,False
Gino's East with Carmen Christopher,555,Gino's East,2026-08-06,False,,,Mike Mitchell,mitch,3.5 forks,3.5,3.5,,False,False,False
Gino's East with Carmen Christopher,555,Gino's East,2026-08-06,False,,,Carmen Christopher,guest,2 forks,2.0,2.0,,False,False,False
Mellow Mushroom with Mike Hanford,DD,Mellow Mushroom,2026-08-11,True,in person,"Atlanta, GA",Nick Wiger,nick,1.5 forks,1.5,1.5,,False,False,False
Mellow Mushroom with Mike Hanford,DD,Mellow Mushroom,2026-08-11,True,in person,"Atlanta, GA",Mike Mitchell,mitch,2.75 forks,2.75,2.75,,False,False,False
Mellow Mushroom with Mike Hanford,DD,Mellow Mushroom,2026-08-11,True,in person,"Atlanta, GA",Mike Hanford,guest,2 forks,2.0,2.0,,False,False,False
Mellow Mushroom with Mike Hanford,DD,Mellow Mushroom,2026-08-11,True,in person,"Atlanta, GA",Emma Erdbrink,guest,2 forks,2.0,2.0,,False,False,False
Fat Burger 3 & Buffalo's Express with Whitmer Thomas,556,Fat Burger,2026-08-13,False,,,Nick Wiger,nick,4.5 forks,4.5,4.5,,False,False,False
Fat Burger 3 & Buffalo's Express with Whitmer Thomas,556,Fat Burger,2026-08-13,False,,,Mike Mitchell,mitch,4.5 forks,4.5,4.5,,False,False,False
Fat Burger 3 & Buffalo's Express with Whitmer Thomas,556,Fat Burger,2026-08-13,False,,,Whitmer Thomas,guest,4.5 forks,4.5,4.5,,False,False,False
Fat Burger 3 & Buffalo's Express with Whitmer Thomas,556,Fat Burger,2026-08-13,False,,,Amelia Marino,guest,,,,no rating,False,False,False
Domino's 4 with Clare O'Kane,557,Domino's,2026-08-20,False,,,Nick Wiger,nick,5 forks,5.0,5.0,,False,False,False
Domino's 4 with Clare O'Kane,557,Domino's,2026-08-20,False,,,Mike Mitchell,mitch,5 forks,5.0,5.0,,False,False,False
Domino's 4 with Clare O'Kane,557,Domino's,2026-08-20,False,,,Clare O'Kane,guest,5 forks,5.0,5.0,,False,False,False
Carney's with Jamie Loftus,558,Carney's,2026-08-27,False,,,Nick Wiger,nick,5 forks,5.0,5.0,,False,False,False
Carney's with Jamie Loftus,558,Carney's,2026-08-27,False,,,Mike Mitchell,mitch,5 forks,5.0,5.0,,False,False,False
Carney's with Jamie Loftus,558,Carney's,2026-08-27,False,,,Jamie Loftus,guest,4 forks,4.0,4.0,,False,False,False
Carney's with Jamie Loftus,558,Carney's,2026-08-27,False,,,Ryan Luetzow,guest,4.5 forks,4.5,4.5,,False,False,False
BHC Chicken with Matt Selman,559,BHC Chicken,2026-09-03,False,,,Nick Wiger,nick,3.5 forks,3.5,3.5,,False,False,False
BHC Chicken with Matt Selman,559,BHC Chicken,2026-09-03,False,,,Mike Mitchell,mitch,4 forks,4.0,4.0,,False,False,False
BHC Chicken with Matt Selman,559,BHC Chicken,2026-09-03,False,,,Matt Selman,guest,3.5 forks,3.5,3.5,,False,False,False
